Keyword,Region,Match type,Origin,Optimal Cost,Gurobi Pred,Gurobi Pred over Base,Actual Model Pred,Diff,Bid,t_Clicks_OptCost
about machine learning course,USA,Broad match,new,0.8300000016746475,0.7519622739200007,0.4671779569033991,0.7519623,-3.0195294709045584e-08,2.309612399799404,0.15031546
ai and machine learning course,USA,Broad match,existing searches,0.8300000016746475,0.8194712126800006,0.4671779001304095,0.81947136,-1.465729291272311e-07,2.309612680471072,0.15031534
ai and machine learning course in chennai,USA,Broad match,new,0.8300000016746475,1.154958830480001,0.4671777945798849,1.1549591,-2.521234536700945e-07,2.309613202287033,0.15031534
ai and machine learning courses in hyderabad,USA,Broad match,new,0.8300000016746472,1.154958830480001,0.4671777945798849,1.1549591,-2.521234536700945e-07,2.309613202287032,0.22529382
ai and machine learning free online course,USA,Broad match,new,0.8300000016746475,0.9109510441900012,0.4671779533506152,0.9109511,-3.3748078664963543e-08,2.309612417363489,0.15031534
ai courses for non technical,USA,Exact match,existing searches,0.8300000016746475,0.8359522720400007,0.467177887779823,0.8359521,1.689020306949729e-07,2.3096127415293366,0.0
ai courses for non technical,USA,Broad match,existing searches,0.8300000016746475,1.0058691029500009,0.4671778802823068,1.0058692,-4.721174229338487e-08,2.309612778595216,0.15031534
ai courses in islamabad,USA,Broad match,existing searches,0.8300000016746475,1.2144193888900012,0.4671777726409167,1.2144195,-9.524848754161044e-08,2.3096133107479524,0.22529382
ai free courses,USA,Exact match,existing searches,0.8300000016746475,1.0248401176100006,0.4671778093939056,1.0248402,-1.1810014344249e-07,2.3096131290501267,0.0
ai free courses,USA,Phrase match,existing searches,0.8300000016746475,1.2048904166100003,0.4671777353165129,1.2048906,-1.921775361068967e-07,2.309613495270744,0.1503154
ai machine learning course,USA,Exact match,new,0.8300000016746475,0.8651446430800012,0.4671778409597924,0.86514455,9.227967767699853e-08,2.3096129729960926,0.06374502
ai machine learning courses near me,USA,Broad match,new,0.8300000016746472,0.984988779120001,0.4671778979821531,0.98498887,-8.911654070242747e-08,2.3096126910915227,0.15031534
ai masters,USA,Exact match,existing,0.8300000016746475,0.7737668416600002,0.4671778640846981,0.7737668,2.5997616170947424e-08,2.309612858672221,0.18234527
ai masters,USA,Broad match,existing,1.3500000080369128,1.244918959250001,0.7684132028718271,1.2449188,1.360078134560183e-07,2.283927454511377,0.7690228
ai ml bootcamp,USA,Phrase match,existing searches,0.8300000016746475,0.87459386865,0.4671777037749695,0.87459415,-2.833237243704545e-07,2.3096136512045,0.33266073
ai ml bootcamp,USA,Broad match,existing searches,1.3500000080369128,1.29633050914,0.7684131836433266,1.2963306,-6.20346214397216e-08,2.2839275116635727,0.76902276
ai research programs,USA,Broad match,existing searches,0.8300000016746476,0.7420850327800013,0.4671778908560968,0.742085,5.276901493544983e-08,2.309612726320995,0.33266068
ai training courses,USA,Exact match,existing,0.8300000016746475,0.9972712434300008,0.4671778119572225,0.9972714,-1.751414713258015e-07,2.3096131163777125,0.06374502
ai training courses,USA,Phrase match,existing,0.8300000016746475,1.1773215424300003,0.4671777378798294,1.1773218,-2.492188644342974e-07,2.3096134825983285,0.2140606
aiml courses,USA,Exact match,existing searches,0.8300000016746475,0.8572969063100002,0.4671778901394985,0.8572967,2.010640285377008e-07,2.3096127298636806,0.0
algorithm for machine learning,USA,Broad match,existing searches,0.8300000016746473,1.1974633413800002,0.467177756453395,1.1974636,-2.902499436352457e-07,2.3096133907751257,0.15031534
amazon free machine learning course,USA,Broad match,new,0.8300000016746476,1.0054959657200009,0.4671778681286007,1.0054959,5.984384121582309e-08,2.309612838680158,0.225294
amazon machine learning course,USA,Broad match,new,0.8300000016746475,0.9679474442800008,0.4671778887113058,0.96794754,-9.838738801448701e-08,2.3096127369243145,0.22529393
amazon machine learning free course,USA,Broad match,new,0.8300000016746472,0.984988779120001,0.4671778979821531,0.98498887,-8.911654070242747e-08,2.3096126910915227,0.225294
andrej karpathy machine learning course,USA,Broad match,new,0.8300000016746475,1.620767155780001,0.4671776687041953,1.6207674,-1.991852089933133e-07,2.309613824585945,0.22529387
andrew ng free machine learning course,USA,Broad match,new,0.8300000016746475,1.8870462803900017,0.4671778111517206,1.8870463,-5.6737683662433376e-08,2.3096131203599177,0.1503154
andrew ng machine learning free course,USA,Broad match,new,0.8300000016746475,1.8870462803900008,0.4671778111517202,1.8870463,-5.6737684106522586e-08,2.3096131203599195,0.15031546
app deep learning,USA,Exact match,existing searches,0.8300000016746475,1.0457985980400004,0.4671780450233378,1.0457985,5.7924643970252994e-08,2.309611964156279,0.07497847
app deep learning,USA,Phrase match,existing searches,0.8300000016746475,1.22584889704,0.4671779709459449,1.2258492,-2.545713280177609e-07,2.3096123303765284,0.22529382
app you learn ai,USA,Exact match,existing searches,0.8300000016746475,1.106164011680001,0.4671778413881002,1.1061641,-8.610594881552913e-08,2.309612970878644,0.1387235
app you learn ai,USA,Phrase match,existing searches,0.8300000016746475,1.286214310680001,0.4671776481014182,1.2862146,-2.793926308086725e-07,2.309613926441114,0.28903878
app you learn ai,USA,Broad match,existing searches,0.8300000016746475,1.1959247325900009,0.4671777819636276,1.1959248,-2.6321131940676423e-08,2.3096132646587377,0.2890389
apple ai,USA,Exact match,existing searches,0.8300000016746475,1.382888433310001,0.467177745672672,1.3828887,-2.414260218408515e-07,2.3096134440724043,0.06374502
apple ai,USA,Phrase match,existing searches,0.8300000016746475,1.562938732310001,0.4671774331767002,1.5629392,-4.3471270405603946e-07,2.309614988977716,0.21406043
application of ai in environmental science,USA,Exact match,existing searches,0.8300000016746475,0.7747151801700013,0.4671778330916779,0.7747151,5.460924079603304e-08,2.3096130118941267,0.1387235
application of ai in environmental science,USA,Broad match,existing searches,0.8300000016746475,0.8644759010800007,0.467177952481139,0.8644759,-4.815232435007033e-09,2.3096124216619645,0.28903884
applications of machine learning in engineering,USA,Broad match,existing searches,0.8300000016746475,0.943676138290001,0.4671779218993912,0.9436762,-3.5396980235802296e-08,2.309612572850583,0.15031534
applied machine learning,USA,Exact match,existing,0.8300000016746475,0.9538326783300012,0.467178068888244,0.95383275,-6.722206180587166e-08,2.3096118461741293,0.0
applied machine learning course,USA,Exact match,existing searches,0.8300000016746475,0.9204363874700012,0.467178081681961,0.92043644,-5.4428344720136585e-08,2.309611782925185,0.0
applied machine learning online course,USA,Exact match,new,0.8300000016746475,0.6844749179700006,0.4671778705933679,0.6844747,2.113202203224418e-07,2.309612826494953,0.0
applied machine learning online course download,USA,Broad match,new,0.8300000016746476,0.8678403922200016,0.4671779700398258,0.86784047,-7.666351276025551e-08,2.309612334856157,0.21406043
artificial intelligence and machine learning business applications,USA,Exact match,existing searches,0.8300000016746475,0.7749043808800008,0.4671778784614827,0.7749042,1.893860127610836e-07,2.309612787596924,0.0
artificial intelligence and machine learning course,USA,Broad match,existing,1.3500000080369128,1.1013359616800007,0.7684132050080952,1.101336,-4.066985281880876e-08,2.283927448161823,0.5957439
artificial intelligence and machine learning course in india,USA,Exact match,new,0.8300000016746475,1.1200407600900006,0.467177853634007,1.120041,-2.526739764086017e-07,2.309612910337877,0.0
artificial intelligence and machine learning course in india,USA,Broad match,new,1.3500000080369128,1.2273798944800007,0.7684131028502095,1.2273803,-3.812463176267045e-07,2.2839277518021417,0.595744
artificial intelligence and machine learning courses in india,USA,Exact match,existing searches,0.8300000016746475,0.9369562870900008,0.4671779579560134,0.9369564,-1.1854964754309805e-07,2.309612394595538,0.0
artificial intelligence and machine learning courses in india,USA,Broad match,existing searches,0.6599999962887164,0.9187710820000012,0.2790757356445629,0.91877127,-1.849372547324535e-07,3.07443423267761,0.15031534
artificial intelligence and machine learning free course with certificate,USA,Broad match,new,0.8300000016746475,1.028205511490001,0.4671779250298875,1.0282056,-1.2167345109226346e-07,2.309612557374181,0.15031534
artificial intelligence course online with certificate,USA,Exact match,existing searches,0.8300000016746475,1.0217100702200002,0.4671780787382191,1.02171,3.203488052605508e-08,2.3096117974783104,0.06374499
artificial intelligence course online with certificate,USA,Broad match,existing searches,0.8300000016746475,0.9545203581300004,0.4671779408898575,0.95452034,1.3395808462490777e-08,2.3096124789663994,0.21406043
artificial intelligence courses in pakistan,USA,Exact match,existing searches,0.8300000016746475,0.85571220551,0.4671778980301416,0.85571206,1.4935002690119608e-07,2.30961269085428,0.07497847
artificial intelligence courses in pakistan,USA,Broad match,existing searches,0.8300000016746475,1.0256290364200005,0.4671778607303032,1.025629,-7.159101089726505e-09,2.309612875255527,0.22529382
artificial intelligence machine learning course,USA,Broad match,new,1.3500000080369128,1.2719739795900011,0.7684131981111193,1.271974,1.2037816077281605e-08,2.283927468661461,0.5957439
artificial intelligence training,USA,Exact match,existing,0.8300000016746475,0.9030458042200004,0.4671779284055626,0.90304583,-2.889080885637441e-08,2.309612540685675,0.13872337
aws academy machine learning foundations course,USA,Exact match,new,0.8300000016746475,0.8295896480600004,0.4671777914086942,0.82958966,-1.6876065322968262e-08,2.309613217964628,0.06374496
aws certified machine learning course,USA,Broad match,new,1.350000008036913,1.2082500606200008,0.7684132009169369,1.20825,1.4843633655559074e-08,2.283927460321829,0.5425143
aws certified machine learning engineer associate course,USA,Broad match,new,0.8300000016745956,0.95149678348,0.4671779608577009,0.9514968,3.561329453560802e-09,2.309612380250168,0.1503154
aws certified machine learning specialty course,USA,Broad match,new,1.040000012724498,0.959323684120006,0.5582452811239428,0.95932376,-7.972734505923287e-08,2.4218745097491894,0.53928584
aws for machine learning course,USA,Exact match,new,0.8300000016746475,0.8216269258600005,0.4671778623204955,0.8216268,1.434427031599128e-07,2.309612867394006,0.0
aws for machine learning course,USA,Broad match,new,1.0400000127244944,1.0193265362900024,0.5582452698868041,1.0193267,-1.5056912849864545e-07,2.421874558500046,0.53928584
aws machine learning,USA,Phrase match,existing searches,0.8300000016746475,1.06605727719,0.46717770146063,1.0660574,-1.6642877431749525e-07,2.3096136626460355,0.21406054
aws machine learning,USA,Broad match,existing searches,1.3500000080369128,1.2342255888200002,0.768413173935433,1.2342255,7.72690968986467e-08,2.283927540518004,0.6062596
aws machine learning associate course,USA,Broad match,new,0.8300000016745972,0.9697362247400004,0.4671778741769512,0.96973634,-1.1292174262322876e-07,2.309612808778456,0.15031546
aws machine learning course,USA,Broad match,new,1.040000012724498,0.9805680833900032,0.5582452736938057,0.9805683,-2.063667716711848e-07,2.4218745419838728,0.53928584
aws machine learning courses,USA,Broad match,new,0.8300000016746196,0.9309777718400002,0.467177907786274,0.9309779,-1.0911474224162276e-07,2.3096126426222834,0.15031546
aws machine learning foundations course,USA,Broad match,new,0.8300000016746476,1.0062331783900005,0.4671778905520183,1.0062333,-1.5615132031854273e-07,2.309612727824284,0.15031546
aws training,USA,Phrase match,existing searches,0.8300000016746475,0.9835758929200004,0.4671777610726189,0.9835761,-2.26026074967578e-07,2.3096133679388053,0.2890389
aws training,USA,Broad match,existing searches,1.3500000080369112,1.2631813240500005,0.7684132707567721,1.2631813,-4.723498259195935e-09,2.2839272527393653,0.7618594
best course on udemy for machine learning,USA,Broad match,new,0.8300000016746476,0.9845160603300008,0.4671779036298665,0.98451626,-2.026781168451564e-07,2.309612663170617,0.1503154
best course to start machine learning,USA,Broad match,new,0.8300000016746475,0.9137878455900008,0.467177931287175,0.9137879,-5.581151885092339e-08,2.3096125264396936,0.15031546
best free machine learning course with certificate,USA,Broad match,new,0.8300000016746475,0.9137878455900014,0.4671779312871754,0.9137879,-5.581151840683418e-08,2.309612526439692,0.15031546
best machine learning course in udemy,USA,Broad match,new,0.8300000016746477,0.9765092963900008,0.4671778912271895,0.9765095,-2.150807938416932e-07,2.309612724486404,0.1503154
best udemy course for machine learning,USA,Broad match,new,0.8300000016746477,1.0062331783900007,0.4671778905520185,1.0062333,-1.5615132009649813e-07,2.3096127278242835,0.1503154
best udemy courses for machine learning,USA,Broad match,new,0.8300000016746477,0.9765092963900012,0.4671778912271898,0.9765095,-2.150807936196486e-07,2.3096127244864024,0.1503154
best udemy machine learning courses,USA,Broad match,new,0.8300000016746475,1.006233178390001,0.4671778905520187,1.0062333,-1.5615131987445352e-07,2.309612727824282,0.1503154
big data and machine learning in quantitative investment,USA,Broad match,existing searches,1.0400000127245308,1.6120428454800004,0.5582451236172075,1.612043,-1.7762943560484248e-07,2.421875193071934,0.72163117
biotechnology and artificial intelligence,USA,Broad match,existing searches,0.8300000016746475,1.0599434904600007,0.4671778015638215,1.0599438,-3.047441619052904e-07,2.309613167760153,0.15031546
bootcamp for data science,USA,Exact match,existing searches,0.8300000016746475,0.9458646632499998,0.4671777345009154,0.94586456,1.0503009018059117e-07,2.3096134993028605,0.18234527
bootcamp for data science,USA,Broad match,existing searches,0.8300000016746232,1.1042851067,0.4671778536253541,1.1042851,-1.4264050163248498e-08,2.309612910380588,0.33266068
bootcamp gratis,USA,Broad match,existing searches,0.8300000016746161,1.0761313067999998,0.4671779500571409,1.0761315,-1.5625084248682697e-07,2.3096124336455253,0.33266073
bootcamp machine learning,USA,Broad match,existing searches,1.3500000080369128,1.1395048845799998,0.7684132207425669,1.139505,-1.44144670644053e-07,2.283927401394809,0.7248598
certification courses for machine learning,USA,Broad match,new,0.8300000016746477,1.0465002984600005,0.4671778411464629,1.0465003,-2.6742941416912923e-08,2.30961297207324,0.15031534
computer science course,USA,Broad match,existing searches,1.3500000080369128,1.3003215799400003,0.7684131274291668,1.3003219,-3.566673603128123e-07,2.283927678746957,0.55158097
course cs50,USA,Broad match,existing searches,1.3500000080369128,1.5300199973200006,0.7684129464243097,1.5300206,-5.972768621909097e-07,2.2839282167415407,0.6062596
courses for ai and machine learning,USA,Broad match,new,0.8300000016746475,1.0109317801800008,0.4671779177990194,1.010932,-1.885089639941384e-07,2.309612593121812,0.15031534
courses in ai and machine learning,USA,Exact match,new,0.8300000016746475,0.9030242561300008,0.4671777783830372,0.90302444,-1.789133342589011e-07,2.309613282360305,0.0
courses on tensorflow,USA,Broad match,existing searches,1.3500000080369128,1.2492543933600004,0.7684132037371214,1.2492545,-7.174314897717694e-08,2.2839274519394936,0.5515809
cs231n,USA,Broad match,existing searches,1.3500000080369128,1.1326747457800008,0.76841317818738,1.1326747,5.1718721527649336e-08,2.283927527880091,0.72485965
cs50 certification,USA,Broad match,existing searches,0.8300000016746476,0.5454643151000008,0.467177905721949,0.5454644,-8.137674478714274e-08,2.309612652827876,0.22529393
curso python gratis con certificado,USA,Broad match,existing searches,0.8300000016746475,0.9596039657800014,0.4671779279916103,0.95960397,4.975612144519911e-10,2.309612542732153,0.40763915
cursos gratuitos mit,USA,Broad match,existing searches,0.8300000016746475,0.8522887587200004,0.4671779036174613,0.8522888,-2.387658770697244e-08,2.309612663231945,0.40763903
data analyst and machine learning course,USA,Broad match,new,0.8300000016746475,0.9891918435500008,0.4671778812811715,0.989192,-1.6542216707549073e-07,2.3096127736570744,0.15031534
data analytics machine learning course,USA,Broad match,new,0.8300000016746475,1.2051094567300007,0.4671779071808979,1.2051096,-1.3952244071191444e-07,2.309612645615191,0.21406054
data driven algorithms,USA,Broad match,existing searches,0.8300000016746475,1.2472525469900009,0.4671777717710372,1.2472528,-2.74932301369546e-07,2.309613315048425,0.15031534
data mining and machine learning course,USA,Exact match,new,0.8300000016746475,0.8203198229900007,0.4671778297057752,0.8203198,5.1223338126682456e-08,2.309613028633202,0.06374502
data science project for beginners,USA,Broad match,existing searches,0.8300000016746475,1.57958162553,0.4866401029317333,1.5795817,-1.1198831062486648e-07,2.2172443160287707,0.08535367
datacamp machine learning course,USA,Exact match,new,0.8300000016746475,0.88759167899,0.4671778272520239,0.8875916,7.857190920113055e-08,2.309613040763949,0.18234521
datacamp machine learning course,USA,Broad match,new,1.3500000080369128,1.2205409689199995,0.7684132142317368,1.2205411,-1.5065550074133682e-07,2.283927420746719,0.7248597
datacamp machine learning courses,USA,Exact match,new,0.8300000016746475,0.8875916789900002,0.4671778272520241,0.8875916,7.857190942317517e-08,2.309613040763948,0.18234521
datacamp machine learning courses,USA,Broad match,new,1.3500000080369128,1.22054096892,0.768413214231737,1.2205411,-1.5065550051929224e-07,2.2839274207467186,0.72485983
datacamp pricing,USA,Exact match,existing searches,0.8300000016746475,0.8375722549900004,0.4671777866825053,0.83757216,9.760703534311689e-08,2.3096132413297545,0.18234527
datacamp pricing,USA,Phrase match,existing searches,0.8300000016746475,1.01762255399,0.4671777722097572,1.0176228,-2.744935814202876e-07,2.3096133128795,0.33266062
datacamp pricing,USA,Broad match,existing searches,1.3500000080369128,1.2972279851200006,0.768413192486944,1.2972281,-1.1279564882116233e-07,2.283927485378,1.3149337
deep learning algorithms,USA,Exact match,existing,0.8300000016746475,1.329151017330001,0.4671779104688864,1.3291512,-1.3623445216381924e-07,2.309612629360185,0.0
deep learning algorithms,USA,Phrase match,existing,0.8300000016746475,1.5092013163300004,0.467177657577559,1.5092015,-2.1031184527231522e-07,2.3096138795933543,0.15031534
designing machine learning systems,USA,Exact match,existing searches,0.8300000016746475,0.962715706200001,0.4671777993148539,0.9627159,-2.175861623099351e-07,2.3096131788785,0.0
dmse mit,USA,Broad match,existing searches,1.3500000080369128,1.1493558515300006,0.7684132088412494,1.149356,-1.5604598813112602e-07,2.2839274367686744,0.6981141
edx course,USA,Broad match,existing searches,1.3500000080369128,1.8552712401600004,0.7684129676075102,1.8552717,-4.5688437211310884e-07,2.2839281537794207,0.6062595
edx courses,USA,Exact match,existing searches,0.8300000016746475,0.9512984362100004,0.4671777990315795,0.9512984,2.0549142387693564e-08,2.30961318027894,0.06374502
edx machine learning course,USA,Exact match,new,0.8300000016746475,1.0027394362700006,0.4671777554762384,1.0027394,6.796123663832532e-09,2.3096133956059512,0.06374496
embedded machine learning course,USA,Exact match,new,0.8300000016746475,1.1367074740400007,0.4671779764165571,1.1367075,-7.028678150611256e-08,2.309612303331175,0.0
engineering certificate programs,USA,Broad match,existing searches,0.8300000016746475,0.75015452058,0.4671778336255017,0.75015455,-3.4263902604081415e-08,2.3096130092550324,0.15031546
estimator in machine learning,USA,Exact match,existing searches,0.8300000016746475,1.1003937215600004,0.4671779365334501,1.1003937,6.864404578088569e-08,2.309612500503403,0.1823452
fea courses,USA,Exact match,existing searches,0.8300000016746475,0.8231067424800007,0.4671777850176899,0.8231068,-8.287171437970643e-08,2.3096132495601966,0.0
fea courses,USA,Broad match,existing searches,1.3500000080369128,1.150818166510001,0.7684131834663304,1.1508182,-6.221161763519946e-08,2.283927512189652,0.5515808
free ai and machine learning courses with certificates,USA,Exact match,new,0.8300000016746475,0.7238490411800006,0.4671778807204821,0.72384906,-1.6971244520824772e-08,2.3096127764289847,0.0
free ai and machine learning courses with certificates,USA,Broad match,new,0.8300000016746475,0.8924563878900013,0.4671779626733264,0.89245635,3.5179277380059666e-08,2.3096123712743086,0.15031546
free ai certification course,USA,Exact match,existing searches,0.8300000016746475,0.786441854540001,0.4671778896485673,0.7864417,1.7077077496541193e-07,2.309612732290724,0.0
free ai certification course,USA,Broad match,existing searches,0.8300000016746475,0.9563586854500012,0.4671779119533733,0.95635873,-4.5342998133968144e-08,2.309612622021247,0.15031534
free ai machine learning course,USA,Exact match,new,0.8300000016746475,1.0229306835400012,0.4671780485378649,1.0229306,6.14391710840323e-08,2.3096119467813323,0.07497847
free ai machine learning course,USA,Broad match,new,0.8300000016746474,0.8924563878900013,0.4671779626733264,0.89245635,3.5179277380059666e-08,2.309612371274308,0.22529393
free courses for machine learning,USA,Broad match,new,0.8300000016746475,0.9137878455900011,0.4671779312871752,0.9137879,-5.5811518628878793e-08,2.3096125264396923,0.22529387
free courses in ai and machine learning,USA,Broad match,new,0.8300000016746475,0.9137878455900011,0.4671779312871753,0.9137879,-5.581151851785648e-08,2.309612526439692,0.22529376
free courses in machine learning,USA,Exact match,new,0.8300000016746475,0.7170021935800005,0.4671778782704759,0.7170021,9.978803883203825e-08,2.309612788541214,0.07497847
free courses in machine learning,USA,Broad match,new,0.8300000016746476,0.8856095402900012,0.4671779304209978,0.88560957,-2.6875373593249208e-08,2.30961253072186,0.22529376
free courses on ai and machine learning,USA,Broad match,new,0.8300000016746474,0.8812271621900012,0.4671779540257861,0.8812272,-3.30729077457903e-08,2.3096124140256107,0.15031534
free machine learning course for beginners,USA,Broad match,new,0.8300000016746475,0.9734000202900012,0.4671778914218982,0.97340006,-3.607215082190862e-08,2.3096127235238115,0.1503154
free machine learning course reddit,USA,Exact match,new,0.8300000016746475,1.055491366940001,0.4671780257992539,1.0554913,3.870056008992152e-08,2.3096120591953686,0.06374502
free machine learning course with certificate,USA,Broad match,existing searches,0.8300000016746475,1.007065954030001,0.4671779893045069,1.007066,-5.739883168764948e-08,2.3096122396163423,0.21406043
free machine learning course with certificate google,USA,Exact match,new,0.8300000016746475,1.1401851508400012,0.4671780202171374,1.1401851,3.3118443543145304e-08,2.3096120867919656,0.06374502
free machine learning course with certificate google,USA,Broad match,new,0.8300000016746476,1.141655161290001,0.467177941708397,1.1416552,-4.539029685446394e-08,2.309612474919742,0.21406043
full stack machine learning course,USA,Broad match,new,0.8300000016746475,0.9891918435500006,0.4671778812811712,0.989192,-1.6542216740855764e-07,2.3096127736570757,0.15031534
fundamentos de la ia,USA,Broad match,existing searches,0.8300000016746475,1.0063975890900008,0.4671778520370833,1.0063976,-1.5852321011422532e-08,2.309612918232677,0.15031528
gen ai and machine learning course,USA,Exact match,new,0.8300000016746475,0.7300615072199997,0.4671779036471543,0.7300613,2.145716843093837e-07,2.3096126630851503,0.06374496
getting started with machine learning,USA,Broad match,existing,0.8300000016746475,0.98903175028,0.4671778264823925,0.9890319,-1.6061630137009788e-07,2.309613044568819,0.21406037
hal daume a course in machine learning,USA,Broad match,new,0.8300000016746475,1.0569613773900008,0.4671779472905135,1.0569614,-3.9808180307687735e-08,2.309612447323136,0.21406037
hands on machine learning with scikit learn and tensorflow,USA,Phrase match,existing searches,0.8300000016746475,1.1946296714499998,0.467177572126727,1.19463,-3.553673220135778e-07,2.3096143020417754,0.21406037
hands on machine learning with scikit learn and tensorflow,USA,Broad match,existing searches,1.3500000080369128,1.5543912125800003,0.7684130741331925,1.5543915,-2.9075404506251346e-07,2.2839278371567437,0.6062595
hands on machine learning with scikit learn and tensorflow pdf,USA,Exact match,existing searches,0.8300000016746475,0.9019662370300006,0.4671777715301226,0.9019662,2.285000788582181e-08,2.3096133162394485,0.06374496
hands on machine learning with scikit learn keras and tensorflow,USA,Exact match,existing searches,0.8300000016746475,1.0947354824500002,0.4671777875380434,1.0947357,-2.591652952244061e-07,2.3096132371001827,0.18234533
hands on machine learning with scikit learn keras and tensorflow,USA,Phrase match,existing searches,0.8300000016746475,1.27478578145,0.4671775942513612,1.2747861,-3.332426878888129e-07,2.3096141926628757,0.33266056
hands on machine learning with scikit learn keras and tensorflow,USA,Broad match,existing searches,1.3500000080369128,1.5543912125800003,0.7684130741331925,1.5543915,-2.9075404506251346e-07,2.2839278371567437,0.7248598
how can i learn machine learning,USA,Exact match,existing searches,0.8300000016746475,1.0206457396400002,0.467177929486039,1.0206459,-1.172172996444232e-07,2.309612535344066,0.06374502
how to build a neural network,USA,Phrase match,existing searches,0.8300000016746475,1.9366529215200008,0.4671775329930843,1.9366533,-3.348963200089372e-07,2.309614495509172,0.15031534
how to create an ai agent,USA,Exact match,existing searches,0.8300000016746475,0.79050686478,0.4671778631148846,0.79050666,2.038417370453516e-07,2.309612863466741,0.06374502
how to create an ai agent,USA,Phrase match,existing searches,0.8300000016746475,0.9705571637799996,0.4671776996305243,0.97055733,-1.682588799400975e-07,2.309613671693636,0.2140604
how to create an ai system,USA,Broad match,existing searches,0.8300000016746475,1.0385129216900006,0.4671779040088788,1.038513,-2.3485170252968143e-08,2.3096126612968733,0.2140603
how to create an artificial intelligence software,USA,Broad match,existing searches,0.8300000016746475,0.9759210145200002,0.4671778475964773,0.9759212,-1.991068613316216e-07,2.309612940185946,0.15031534
how to learn ai from scratch,USA,Phrase match,existing searches,0.8300000016746475,1.2314939989800004,0.4671777977699785,1.2314943,-3.0853800492280925e-07,2.309613186515988,0.2140603
how to learn ai from scratch,USA,Broad match,existing searches,0.8300000016745339,1.3519953527900004,0.4671778717490458,1.3519956,-2.3455893760626625e-07,2.3096128207812487,0.21406043
how to learn ai online free,USA,Phrase match,existing searches,0.8300000016746476,1.1275015512200004,0.4671777525635368,1.1275018,-2.941398018485586e-07,2.3096134100056416,0.28903878
how to learn ai online free,USA,Broad match,existing searches,0.8300000016745339,1.2480029050300003,0.4671777669379593,1.2480031,-2.2016073453201562e-07,2.3096133389416718,0.2890389
how to learn artificial intelligence and machine learning,USA,Broad match,existing searches,0.8300000016746475,1.2304664271900008,0.4671778100559065,1.2304667,-2.962520768701183e-07,2.309613125777356,0.15031546
how to learn computer science,USA,Phrase match,existing searches,0.8300000016746475,1.2532410326,0.4671775999065184,1.2532414,-3.871921754328156e-07,2.309614164705132,0.2140603
how to learn cs,USA,Exact match,existing searches,0.8300000016746475,1.3494263887099998,0.4671776890449302,1.3494265,-1.1923982934369806e-07,2.309613724026257,0.06374502
how to learn cs,USA,Broad match,existing searches,0.8300000016745908,1.5078468321599994,0.4671777485647235,1.507847,-1.193246808028903e-07,2.3096134297746453,0.2140603
how to learn machine learning from scratch,USA,Phrase match,existing,0.8300000016746475,1.3025692667000006,0.4671776260368536,1.3025696,-3.610618402039023e-07,2.30961403552302,0.21406037
how to make ai play games,USA,Exact match,existing searches,0.8300000016746475,0.8513998943800011,0.4671778041357078,0.85139984,5.545559311759265e-08,2.309613155045374,0.06374502
how to make ai play games,USA,Broad match,existing searches,0.8300000016746475,1.00982033783,0.4671778636555006,1.0098203,-4.233903672101746e-09,2.309612860794068,0.21406037
how to start ai learning,USA,Exact match,existing searches,0.8300000016746475,0.6194115978199999,0.4671778928954164,0.6194116,1.0104850955983125e-08,2.3096127162391,0.06374505
how to start ai learning,USA,Broad match,existing searches,0.8300000016746475,0.9199632506300004,0.4671779971052201,0.9199633,-4.9598118501137385e-08,2.3096122010515496,0.21406043
how to use ai to make money,USA,Exact match,existing searches,0.8300000016746475,0.9092600746400006,0.4671779079682476,0.9092599,1.592881329059992e-07,2.309612641722728,0.1387235
https edx org learn data science,USA,Broad match,existing searches,0.8300000016746475,1.4110245011500004,0.4671778581789616,1.4110246,-6.931508744756344e-08,2.309612887868735,0.33266056
https scratch mit edu,USA,Broad match,existing searches,0.8300000016746476,1.6381450803400002,0.4671777398706398,1.6381452,-1.2801876447809948e-07,2.3096134727562445,0.33266068
https www blackbox ai,USA,Phrase match,existing searches,0.8300000016746475,1.20854442253,0.4671778573024914,1.2085449,-4.278194263296342e-07,2.309612892201789,0.15031534
https www blackbox ai,USA,Broad match,existing searches,0.8300000016746475,0.9185270144800004,0.467177934871083,0.91852707,-5.22276107917108e-08,2.309612508721736,0.15031534
ibm data certificate,USA,Broad match,existing searches,0.8300000016746476,1.0995721425800005,0.4671778883723894,1.0995724,-2.7754023879111855e-07,2.309612738599834,0.33266068
iit delhi machine learning course,USA,Exact match,new,0.8300000016746475,0.7806707041300006,0.4671778099573321,0.7806706,1.2088186218672805e-07,2.3096131262646837,0.0
install tensorflow,USA,Broad match,existing,1.3500000080369128,1.4479767274600006,0.7684132051211334,1.4479766,1.3825711975279378e-07,2.283927447825844,0.5957439
java machine learning course,USA,Broad match,new,0.8300000016746475,0.774583697080002,0.4671779570573426,0.7745837,-2.390287967557469e-10,2.3096123990383446,0.15031534
john hopkins machine learning course,USA,Exact match,new,0.8300000016746475,0.8127818325200001,0.4671778896489064,0.81278163,2.0057343641521896e-07,2.309612732289048,0.06374502
khan academy machine learning course,USA,Broad match,new,0.8300000016746475,1.0109809011800002,0.467177864967079,1.010981,-6.252697004605069e-08,2.309612854309946,0.21406037
learn algorithms online,USA,Broad match,existing,0.8300000016746476,1.1346356728300004,0.4671778538450151,1.1346359,-2.5246296830871984e-07,2.3096129092947053,0.1503154
learn machine learning course,USA,Exact match,new,0.8300000016746475,1.0821228770800009,0.4671779422350302,1.0821229,-4.486366367295602e-08,2.3096124723161973,0.06374502
learn machine learning course,USA,Broad match,new,0.8300000016746475,1.3826745298900018,0.4671778229274164,1.3826747,-1.6417127746137797e-07,2.309613062143752,0.21406043
learn mit edu,USA,Exact match,existing searches,0.8300000016746475,1.1610384795700006,0.4671777699027948,1.1610385,-3.838196471761535e-08,2.309613324284561,0.06374502
learn mit edu,USA,Phrase match,existing searches,0.8300000016746475,1.34108877857,0.4671775766161121,1.341089,-2.316686473768925e-07,2.3096142798473283,0.21406037
learn seaborn,USA,Broad match,existing searches,0.8300000016746475,1.33945779752,0.4671777958796801,1.3394579,-7.200972418353049e-08,2.309613195861162,0.21406037
learning algorithm,USA,Broad match,existing searches,0.8300000016746475,1.1867113767800013,0.4671777545151392,1.1867115,-1.729789098625645e-07,2.3096134003573923,0.15031534
learning edx,USA,Exact match,existing searches,0.8300000016746475,1.22204168681,0.4671777689823939,1.2220418,-1.5851165513502965e-07,2.3096133288347995,0.06374505
learning edx,USA,Phrase match,existing searches,0.8300000016746475,1.4020919858100005,0.4671775756957119,1.4020923,-3.51798337128173e-07,2.309614284397567,0.21406043
learning edx,USA,Broad match,existing searches,0.8300000016746474,1.3804621302599995,0.4671777688975422,1.3804623,-1.585965068162665e-07,2.3096133292542858,0.21406049
learning neural networks,USA,Phrase match,existing searches,0.8300000016746475,1.3674304177800003,0.4671775391140762,1.3674308,-3.883799728487958e-07,2.3096144652484454,0.15031534
learning neural networks,USA,Broad match,existing searches,0.8300000016746475,1.2771408396900008,0.467177732580931,1.277141,-1.353084733146659e-07,2.309613508794798,0.15031534
machine analytics,USA,Broad match,existing,0.8300000016746476,0.9710132142400006,0.4671778341626386,0.97101325,-3.3726765713559814e-08,2.3096130065995597,0.33266068
machine learning a first course for engineers and scientists,USA,Broad match,new,0.8300000016746475,1.019080136250001,0.4671778420910655,1.0190802,-2.5798338798566082e-08,2.3096129674033548,0.15031546
machine learning algorithms course,USA,Broad match,new,0.8300000016746475,1.4382592051800016,0.4671776502903226,1.4382594,-1.5799443686681516e-07,2.309613915619698,0.15031546
machine learning and artificial intelligence course,USA,Broad match,new,1.3500000080369128,1.2514667929900014,0.7684132577669942,1.2514669,-7.731792095455604e-08,2.2839272913484203,0.5957439
machine learning applications,USA,Broad match,existing searches,0.8300000016746475,1.0011933197300005,0.4671779026310014,1.0011934,-8.44676923961174e-08,2.3096126681087603,0.15031546
machine learning bioinformatics course,USA,Exact match,new,0.8300000016746475,0.7266858425800006,0.4671778586570422,0.72668576,8.017460506604125e-08,2.3096128855052216,0.06374496
machine learning certification course for beginners,USA,Broad match,new,0.8300000016746475,0.8678818781300002,0.4671778817100935,0.86788195,-7.558627790338336e-08,2.309612771536589,0.15031528
machine learning course,USA,Exact match,existing,0.8300000016746475,0.933149716880001,0.4671778297683372,0.93314964,8.108822246999382e-08,2.309613028323911,0.0
machine learning course australia,USA,Broad match,new,0.8300000016746475,1.058093804190001,0.4671778858397812,1.0580938,1.7950376962616588e-08,2.3096127511204267,0.1503154
machine learning course beginners,USA,Broad match,new,0.8300000016746475,1.09818790233,0.4671779063926526,1.098188,-1.403106859587666e-07,2.309612649512082,0.15031546
machine learning course edx,USA,Broad match,new,0.8300000016746476,1.1611598797200002,0.4671778746006765,1.1611599,6.711272204640295e-09,2.3096128066838024,0.21406037
machine learning course europe,USA,Broad match,new,0.8300000016746476,0.9849887791200008,0.4671778979821529,0.98498887,-8.91165409244721e-08,2.3096126910915245,0.15031534
machine learning course fees in mumbai,USA,Broad match,new,0.8300000016746475,0.9849887791200012,0.4671778979821532,0.98498887,-8.911654059140518e-08,2.3096126910915227,0.15031534
machine learning course for beginners free,USA,Broad match,new,0.8300000016746475,1.0076731520900004,0.4671779352435343,1.0076731,7.749485275709844e-09,2.3096125068804287,0.15031546
machine learning course for product managers,USA,Broad match,new,0.8300000016746475,0.819471212680001,0.4671779001304099,0.81947136,-1.465729286831419e-07,2.3096126804710697,0.15031546
machine learning course from scratch,USA,Exact match,new,0.8300000016746475,0.67368939928,0.4671778570789578,0.6736892,2.1270697148079165e-07,2.3096128933068845,0.06374496
machine learning course from scratch,USA,Broad match,new,0.8300000016746475,0.9742410520899998,0.4671779612887607,0.9742411,-2.5809933079656844e-08,2.309612378119259,0.21406037
machine learning course hyderabad,USA,Broad match,new,0.8300000016746474,1.1787954171800006,0.4671778281831134,1.1787957,-2.781248700234329e-07,2.30961303616087,0.22529387
machine learning course in pune,USA,Broad match,new,0.8300000016746475,0.9841519848900012,0.4671778933601549,0.9841521,-9.37385389310208e-08,2.3096127139415463,0.22529382
machine learning course in udemy,USA,Exact match,new,0.8300000016746475,0.7361459279800003,0.467177882268483,0.73614573,1.9319301303166725e-07,2.309612768776048,0.0
machine learning course near me,USA,Broad match,new,0.8300000016746475,1.018202924490001,0.4671779510975145,1.018203,-9.560582414636089e-08,2.309612428502263,0.21406049
machine learning course requirements,USA,Broad match,new,0.8300000016746475,1.046873435690001,0.4671778533001693,1.0468736,-1.337985244820317e-07,2.309612911988289,0.15031523
machine learning course toronto,USA,Exact match,new,0.8300000016746475,0.8994177748800006,0.4671778251767841,0.89941764,1.361013141076839e-07,2.3096130510234274,0.06374502
machine learning course toronto,USA,Broad match,new,0.8300000016746476,0.9891784957900002,0.4671779445662453,0.9891784,7.667684098766615e-08,2.3096124607912456,0.21406037
machine learning course uk,USA,Broad match,new,0.8300000016746475,1.056163221630001,0.4671778977240561,1.0561633,-8.937463769065347e-08,2.309612692367492,0.15031546
machine learning course with certificate,USA,Broad match,new,0.8300000016746475,1.12240142682,0.467177878407677,1.1224015,-4.908637207812205e-08,2.3096127878629256,0.21406054
machine learning courses in mumbai,USA,Broad match,new,0.8300000016746475,1.2921954502800008,0.4671777000167867,1.2921956,-1.082679728092728e-07,2.309613669784048,0.15031534
machine learning courses near me,USA,Broad match,new,0.8300000016746475,1.2915312095900011,0.4671778723020983,1.2915314,-2.3400588511357522e-07,2.309612818047409,0.1503154
machine learning definition,USA,Broad match,existing,1.3500000080369128,1.1441604059400008,0.7684132319154189,1.1441604,1.6039793271360736e-08,2.2839273681861374,0.58667743
machine learning deployment course,USA,Broad match,new,0.8300000016746476,1.0062331783900007,0.4671778905520185,1.0062333,-1.5615132009649813e-07,2.3096127278242835,0.15031546
machine learning engineer course udemy,USA,Exact match,new,0.8300000016746475,1.0017293741400013,0.4671778132612476,1.0017295,-1.142328014402949e-07,2.309613109930931,0.0
machine learning engineer free course,USA,Broad match,new,0.8300000016746475,1.058093804190002,0.4671778858397821,1.0580938,1.7950377850795007e-08,2.3096127511204223,0.22529393
machine learning for beginners,USA,Exact match,existing searches,0.8300000016746475,1.0077759535000002,0.4671777398273622,1.007776,-6.845739730643174e-08,2.3096134729701983,0.0
machine learning for beginners,USA,Broad match,existing searches,0.8300000016746475,1.09753667441,0.4671777996121788,1.0975367,-8.67258065362364e-09,2.309613177408598,0.15031546
machine learning for bioinformatics course,USA,Broad match,new,0.8300000016746475,0.9734000202900012,0.4671778914218982,0.97340006,-3.607215082190862e-08,2.3096127235238115,0.22529382
machine learning for data analysis,USA,Exact match,existing searches,0.8300000016746475,1.0140301728400003,0.4671778226050151,1.0140303,-1.6449367867821254e-07,2.309613063737625,0.0
machine learning for dummies,USA,Broad match,existing searches,0.8300000016746475,1.3810178614900004,0.4671779252335917,1.3810178,5.7344187398555846e-08,2.3096125563671177,0.21406043
machine learning for engineering and science applications,USA,Exact match,existing searches,0.8300000016746475,0.931538502740001,0.4671777887812608,0.93153846,4.010114607044813e-08,2.3096132309540183,0.06374502
machine learning for finance in python,USA,Broad match,existing searches,0.8300000016746476,1.1196828281900002,0.4671779072305275,1.1196829,-7.986816630278781e-08,2.309612645369835,0.21406037
machine learning framework,USA,Broad match,existing,0.8300000016746475,1.0092944060400002,0.4671778236463539,1.0092945,-1.0384769510984881e-07,2.3096130585895005,0.15031534
machine learning free certification course,USA,Broad match,new,0.8300000016746475,0.889598996190001,0.4671778686322465,0.8895991,-8.866412493091502e-08,2.309612836190256,0.15031546
machine learning free course for beginners,USA,Broad match,existing searches,0.8300000016746475,0.9734000202900012,0.4671778914218982,0.97340006,-3.607215082190862e-08,2.3096127235238115,0.15031546
machine learning free course with certificate,USA,Exact match,new,0.8300000016746475,0.9395452666800006,0.4671778309862597,0.9395452,5.2503822622895775e-08,2.3096130223028,0.06374502
machine learning in algorithmic trading,USA,Broad match,existing searches,1.3500000080369128,1.2294944598900006,0.7684131934868024,1.2294946,-1.117957904028799e-07,2.283927482406156,0.5515808
machine learning in drug discovery course,USA,Broad match,new,0.8300000016746475,0.8424611566900013,0.4671779154180286,0.84246117,-1.207602040587119e-08,2.309612604892844,0.21406037
machine learning in electrical engineering,USA,Exact match,existing searches,0.8300000016746475,0.9033601974400004,0.4671777879150827,0.9033601,6.90372903289216e-08,2.3096132352361924,0.06374502
machine learning in electrical engineering,USA,Broad match,existing searches,0.8300000016746475,1.0617806408900006,0.4671779368418438,1.0617807,-5.0256850014918086e-08,2.309612498978781,0.21406043
machine learning in oil and gas,USA,Exact match,existing searches,0.8300000016746475,0.9329918242000008,0.4671777999900246,0.93299186,-3.80970572866346e-08,2.309613175540621,0.0
machine learning infrastructure course,USA,Broad match,new,0.8300000016746475,1.119682828190001,0.4671779072305284,1.1196829,-7.986816541460939e-08,2.3096126453698305,0.21406049
machine learning masters,USA,Broad match,existing,0.8300000016746475,0.99632169281,0.4671778229331383,0.9963216,7.42530236186312e-08,2.3096130621154645,0.3326608
machine learning medicine course,USA,Broad match,new,0.8300000016746475,0.925181481990001,0.4671779312221025,0.9251815,-2.607426896616971e-08,2.309612526761396,0.21406043
machine learning mit online course,USA,Exact match,new,0.8300000016746475,0.7596518265000008,0.4671778546562813,0.75965166,1.6558081139539382e-07,2.3096129052840038,0.0
machine learning model,USA,Broad match,existing searches,1.3500000080369128,1.4964874505800014,0.7684131383699184,1.4964874,7.150590475291096e-08,2.283927646228141,0.65042263
machine learning online course with certificate,USA,Broad match,new,0.8300000016746476,1.0979657101300002,0.4671779203083754,1.0979658,-1.2639496316246834e-07,2.309612580716174,0.21406049
machine learning program,USA,Broad match,existing,0.8300000016746475,0.9432911324300004,0.4671779322423173,0.9432912,-5.485637655233688e-08,2.309612521717705,0.15031534
machine learning project ideas,USA,Exact match,existing searches,0.8300000016746475,0.9754814755300012,0.4671780120709862,0.97548145,2.4972292345104563e-08,2.309612127064514,0.18234521
machine learning python course udemy,USA,Broad match,new,0.8300000016746475,1.0369625028900005,0.4671779212287761,1.0369625,-6.265272967098667e-09,2.309612576165939,0.21406037
machine learning requirements,USA,Broad match,existing searches,0.8300000016746475,0.8194712126800003,0.4671779001304093,0.81947136,-1.4657292934927568e-07,2.309612680471073,0.15031534
machine learning roadmap,USA,Exact match,existing searches,0.8300000016746475,0.9670190056300004,0.4671777924036822,0.96701914,-1.350903668928538e-07,2.3096132130456493,0.0
machine learning roadmap for beginners,USA,Broad match,existing searches,0.8300000016746475,0.9972796874199996,0.4671779112969527,0.9972798,-1.3540638588160905e-07,2.309612625266429,0.33266062
machine learning system design course,USA,Exact match,new,0.8300000016746475,1.3753820082400008,0.4671778699610396,1.3753822,-1.767422990184287e-07,2.309612829621029,0.0
machine learning systems course,USA,Exact match,new,0.8300000016746475,1.136707474040001,0.4671779764165573,1.1367075,-7.028678128406797e-08,2.309612303331174,0.0
machine learning techniques,USA,Exact match,existing,0.8300000016746475,1.159081151770001,0.467177858637219,1.1590813,-1.880661195663436e-07,2.3096128856032228,0.0
machine learning techniques,USA,Phrase match,existing,0.8300000016746475,1.339131450770001,0.4671776653505368,1.3391318,-3.813528017815315e-07,2.309613841165624,0.15031534
machine learning tensorflow course,USA,Broad match,new,0.8300000016746475,0.950231506310001,0.4671779710869937,0.95023155,-4.581402246461863e-08,2.3096123296792177,0.15031552
machine learning training,USA,Broad match,existing,1.350000008036913,1.2614308340800005,0.7684131903898912,1.2614312,-3.831136030640893e-07,2.283927491610996,0.8804598
machine learning udemy free course,USA,Broad match,new,0.8300000016746474,0.904753274690001,0.4671779642213273,0.9047534,-1.1228433371979209e-07,2.3096123636213743,0.15031534
machine learning with python free certification course,USA,Exact match,new,0.8300000016746475,0.8191311753800002,0.467177847724208,0.819131,1.586487380356161e-07,2.309612939554477,0.06374496
machine learning with python free certification course,USA,Broad match,new,0.8300000016746476,1.0082457086900003,0.4671778700211773,1.0082457,2.1317729803627117e-09,2.3096128293237235,0.21406037
masters in ai and machine learning,USA,Broad match,existing,0.8300000016746475,1.5392289266800003,0.4671777591919022,1.5392292,-2.2790679166107005e-07,2.309613377236612,0.1503154
masters in machine learning,USA,Broad match,existing,0.8300000016746475,1.4522131134199994,0.4671779323744671,1.4522132,-5.4724226705715764e-08,2.3096125210643894,0.33266073
math course for machine learning,USA,Broad match,new,0.8300000016746475,0.9563586854500012,0.4671779119533734,0.95635873,-4.534299802294584e-08,2.3096126220212465,0.22529382
math courses for machine learning,USA,Broad match,new,0.8300000016746475,0.9264703927500012,0.4671779511434796,0.9264705,-1.2536218141345756e-07,2.3096124282750226,0.22529382
math for machine learning course,USA,Broad match,new,0.8300000016746475,0.9656573285900004,0.4671779324851879,0.96565735,-2.481118355213141e-08,2.309612520517013,0.21406043
math for machine learning online course,USA,Broad match,new,0.8300000016746476,0.9963824155200012,0.4671778681147581,0.99638224,1.790392881728664e-07,2.3096128387485924,0.21406043
mathematics for machine learning course,USA,Broad match,new,0.8300000016746475,0.9452217149900012,0.4671779203580433,0.9452217,-7.1360057862790435e-09,2.309612580470628,0.22529382
mathematics for machine learning free course,USA,Exact match,new,0.8300000016746475,0.8888572849400008,0.4671778179771865,0.8888572,9.909939413521585e-08,2.30961308661648,0.07497847
mathematics of machine learning course,USA,Broad match,new,0.8300000016746475,0.8348309983800006,0.46717792649966,0.83483106,-6.059903379096454e-08,2.309612550107988,0.15031534
maths for machine learning course,USA,Broad match,new,0.8300000016746475,0.9841519848900002,0.467177893360154,0.9841521,-9.373853981919924e-08,2.309612713941551,0.15031534
mit,USA,Broad match,existing searches,1.3500000080369128,1.6853124548500007,0.7684130121772712,1.6853126,-1.738960320185612e-07,2.2839280213062194,0.5392859
mit ai course free,USA,Broad match,existing searches,1.350000008036913,1.437680670390001,0.7684130755757004,1.4376808,-1.7010224762081805e-07,2.283927832869227,0.70718074
mit certificate programs,USA,Broad match,existing searches,0.8300000016746475,0.9069801451400008,0.4671778561309065,0.9069802,-7.136314250644207e-08,2.309612897993817,0.1503154
mit classes online,USA,Broad match,existing searches,1.3500000080369128,1.5022231295900008,0.7684131816224715,1.5022229,2.33967747398367e-07,2.2839275176700893,0.6504226
mit computer science courses,USA,Broad match,existing searches,1.350000008036913,1.48789497744,0.7684130920068031,1.4878954,-3.920897240217158e-07,2.2839277840316248,0.5515809
mit computer science online course,USA,Exact match,existing searches,0.8300000016746475,1.1201128258900002,0.4671777978138283,1.120113,-1.892848655593582e-07,2.309613186299205,0.0
mit computer science online course,USA,Broad match,existing searches,1.3500000080369128,1.4478242499199998,0.7684130770531785,1.4478246,-3.474387038071569e-07,2.283927828477769,0.5515808
mit course,USA,Broad match,existing searches,1.3500000080369128,1.420639335550001,0.7684130663048534,1.4206395,-1.7937309459981068e-07,2.283927860424648,0.5425145
mit course catalog,USA,Broad match,existing searches,0.8300000016746476,0.8954260151100006,0.486640165300354,0.89542603,-1.9817367524765928e-08,2.217244031863017,0.02160871
mit course on machine learning,USA,Broad match,new,0.8300000016746475,0.9734000202900012,0.4671778914218982,0.97340006,-3.607215082190862e-08,2.3096127235238115,0.15031534
mit course online,USA,Broad match,existing searches,1.350000008036913,1.2238467614500006,0.7684131841508826,1.2238467,8.748454649598616e-08,2.283927510154982,0.6062596
mit courses online,USA,Broad match,existing searches,1.350000008036913,1.483360786350001,0.7684130262448678,1.483361,-2.1943308015082163e-07,2.283927979493578,0.53928566
mit courseware,USA,Broad match,existing searches,1.3500000080369128,1.7197349386400007,0.768413038749101,1.7197351,-2.069288469463971e-07,2.2839279423276704,0.55158114
mit free courses,USA,Broad match,existing searches,1.350000008036913,1.0330974920500011,0.768413202356169,1.0330975,-1.3519456665278541e-08,2.2839274560440503,0.55158097
mit intro to cs,USA,Broad match,existing searches,0.8300000016746475,1.0048147125800004,0.4671778364737382,1.0048149,-1.5062495561934952e-07,2.309612995174048,0.15031534
mit introduction to computer science,USA,Broad match,existing searches,0.8300000016746475,1.00481471258,0.4671778364737378,1.0048149,-1.5062495606343873e-07,2.3096129951740494,0.15031528
mit machine learning online course,USA,Broad match,existing searches,1.3500000080369128,1.2282845284300008,0.7684132065134206,1.2282846,-6.89668497866336e-08,2.2839274436875976,0.5957439
mit micro master data science,USA,Phrase match,existing searches,0.8300000016746475,0.99391942872,0.4671777452368761,0.9939196,-1.8225717290931698e-07,2.309613446226874,0.4076392
mit micro master data science,USA,Broad match,existing searches,1.3500000080369128,1.1468184196499995,0.7684131466893367,1.1468185,-9.898861130785974e-08,2.283927621500624,1.470534
mit micromaster data science,USA,Phrase match,existing searches,0.8300000016746475,0.97093703349,0.4671777685440161,0.9709374,-3.377639672397237e-07,2.309613331002033,0.22529383
mit micromaster data science,USA,Broad match,existing searches,1.350000008036913,0.9918917183200002,0.7684131775418401,0.9918919,-2.0224655861156293e-07,2.283927529798807,1.2881882
mit mites,USA,Broad match,existing searches,1.3500000080369128,1.196661301790001,0.7684132241590043,1.1966612,6.788802342505562e-08,2.2839273912402533,0.53928566
mit mites summer program,USA,Exact match,existing searches,0.8300000016746475,0.8399384260000007,0.4671778321088569,0.8399383,1.4303338691235012e-07,2.3096130167529534,0.0
mit online certificate courses,USA,Broad match,existing searches,1.3500000080369128,1.0551097066800006,0.768413153449715,1.0551097,-3.262358827527123e-08,2.283927601406987,0.5392857
mit online courses,USA,Phrase match,existing searches,0.8300000016746475,1.4168345798900002,0.4671775569369667,1.4168348,-2.513477928012265e-07,2.309614377136324,0.15031528
mit online courses,USA,Broad match,existing searches,1.3500000080369128,1.4708298554800012,0.7684130182645776,1.4708301,-2.274133703572545e-07,2.2839280032131244,0.5957441
mit online courses data science,USA,Exact match,existing searches,0.8300000016746475,1.21892771128,0.4671777785140392,1.2189277,-2.9770720333388567e-08,2.309613281712663,0.18234527
mit online courses data science,USA,Broad match,existing searches,1.350000008036913,1.67858344141,0.768413124713833,1.6785835,-6.13594701714959e-08,2.2839276868176497,1.0790255
mit online open course,USA,Broad match,existing searches,1.3500000080369128,1.2593827525900014,0.7684131840990194,1.2593827,2.7828038540178568e-08,2.2839275103091325,0.59574395
mit online professional certificate,USA,Exact match,existing searches,0.8300000016746475,0.5309197872900008,0.4671778351091383,0.5309196,1.758359907677587e-07,2.309613001920296,0.18234529
mit online professional courses,USA,Broad match,existing searches,1.3500000080369128,1.1472827614800003,0.7684131683365372,1.1472828,-7.734141083126644e-08,2.283927557159406,0.595744
mit online science technology and engineering community,USA,Broad match,existing searches,1.350000008036913,1.231083785580001,0.7684132209285117,1.2310838,3.485520849721979e-08,2.283927400842132,0.59574383
mit open source courseware,USA,Phrase match,existing searches,0.8300000016746475,1.3208168172300008,0.4671775125920918,1.3208172,-4.149019572352586e-07,2.309614596366826,0.15031528
mit opencourseware aerospace engineering,USA,Phrase match,existing searches,0.8300000016746475,1.2945279344100002,0.467177615978146,1.2945284,-4.30725192623882e-07,2.309614085250857,0.15031534
mit opencourseware aerospace engineering,USA,Broad match,existing searches,0.8300000016746475,1.0775319161200003,0.4671777310156302,1.0775322,-2.560830636433309e-07,2.3096135165332656,0.15031534
mit opencourseware certificate,USA,Phrase match,existing searches,0.8300000016746475,1.20816990747,0.4671775402023912,1.2081703,-3.872916578551157e-07,2.309614459868075,0.15031528
mit opencourseware computer science,USA,Phrase match,existing searches,0.8300000016746475,1.3873685695699998,0.4671775199941941,1.387369,-4.6710449974618484e-07,2.309614559772592,0.15031523
mit opencourseware materials science,USA,Broad match,existing searches,0.8300000016746475,1.5328587837400005,0.4671776838483377,1.532859,-1.840410666087422e-07,2.309613749716956,0.15031534
mit opencourseware statistics,USA,Broad match,existing searches,0.8300000016746475,1.1271089401200003,0.4671778168633169,1.1271089,8.57855741998037e-09,2.3096130921231794,0.15031546
mit pro,USA,Broad match,existing searches,0.8300000016746475,0.9267864197400014,0.4671778947022359,0.9267865,-6.259413554143833e-08,2.309612707306628,0.15031546
mit professional courses,USA,Broad match,existing searches,1.350000008036913,0.8466996017800005,0.7684131924019487,0.8466997,-1.1288064405423628e-07,2.283927485630628,0.5515806
mit prox,USA,Broad match,existing searches,0.8300000016746475,0.9761452209500012,0.467177880957478,0.9761453,-1.0614121581653536e-07,2.309612775257336,0.15031534
mit reinforcement learning,USA,Broad match,existing,0.8300000016746475,1.1196828281900004,0.4671779072305277,1.1196829,-7.986816608074322e-08,2.3096126453698336,0.21406049
mit rsi summer program,USA,Broad match,existing searches,0.8300000016746475,0.94821259368,0.4671778975778577,0.9482127,-8.952083607738359e-08,2.3096126930902603,0.15031552
mit short course,USA,Broad match,existing searches,0.8300000016746476,0.9061779797100008,0.4671779394172608,0.906178,-1.7879110636442874e-08,2.3096124862465546,0.15031534
mit summer courses,USA,Broad match,existing searches,1.350000008036913,1.12249527982,0.7684131722760548,1.1224954,-1.3300653800563114e-07,2.283927545450116,0.55158097
mit summer program,USA,Exact match,existing searches,0.8300000016746475,0.7539607301000002,0.467177809739435,0.7539606,1.206639650419561e-07,2.309613127341913,0.06374502
mit summer research program,USA,Broad match,existing searches,1.350000008036913,1.0658740544800005,0.768413200426503,1.0658739,1.9316713406603014e-07,2.283927461779528,0.88045967
mit university application,USA,Broad match,existing searches,0.8300000016746475,0.8659292225400016,0.4671779338875815,0.8659293,-8.301343468186675e-08,2.309612513583925,0.22529393
mit university online courses,USA,Exact match,existing searches,0.8300000016746475,1.2782613324200005,0.4671778368030876,1.2782614,-9.0690961407347e-08,2.3096129935458243,0.0
mit university online courses,USA,Phrase match,existing searches,0.8300000016746475,1.4583116314199998,0.4671777031210495,1.4583118,-1.6476835473788753e-07,2.3096136544373227,0.15031523
mit university online courses,USA,Broad match,existing searches,0.8300000016746475,1.2110716203300005,0.4671776989547256,1.2110717,-1.0933003391500053e-07,2.309613675034621,0.1503154
mit zoom classes,USA,Broad match,existing searches,0.8300000016746475,0.9853048061100004,0.4671778415409087,0.9853048,3.3256149167826266e-08,2.309612970123196,0.22529382
mites summer program,USA,Broad match,existing searches,1.3500000080369128,1.1499883401900006,0.7684132326155377,1.1499882,1.657515240616192e-07,2.283927366105199,0.6062596
mitx courses,USA,Broad match,existing searches,1.3500000080369128,1.24889031792,0.768413193467409,1.2488903,3.719642815980252e-08,2.2839274824637976,0.55158085
mitx on edx,USA,Phrase match,existing searches,0.8300000016746475,1.2628498512900002,0.4671776134169227,1.2628503,-4.332864158573813e-07,2.3096140979129305,0.1503154
mitx on edx,USA,Broad match,existing searches,1.3500000080369128,1.4105109763200003,0.7684130859429557,1.4105113,-2.789442818951216e-07,2.28392780205499,0.5392858
mitx supply chain,USA,Broad match,existing searches,1.3500000080369128,1.2077773418300006,0.7684132065646503,1.2077775,-1.5832258726256049e-07,2.283927443535329,0.5515811
ml course,USA,Broad match,existing searches,1.3500000080369128,1.2504987768900009,0.7684132807027908,1.2504988,5.222520416126031e-09,2.283927223177173,0.6062595
ml courses,USA,Exact match,existing,0.8300000016746475,0.9135362053900008,0.4671777928858045,0.91353625,-4.520127738771863e-08,2.309613210662154,0.0
ml courses,USA,Broad match,existing,1.3500000080369128,1.241247629420001,0.7684131615321226,1.2412477,-2.4541180643211653e-08,2.2839275773839294,0.5866773
model context protocol courses,USA,Broad match,existing searches,0.8300000016746475,0.6764573820200005,0.4671779044237175,0.6764575,-1.4227962108481762e-07,2.309612659246013,0.15031531
nanodegree,USA,Exact match,existing searches,0.8300000016746475,0.9485125081900002,0.4671778517130257,0.9485127,-1.651879905084641e-07,2.309612919834738,0.13872337
nanodegree,USA,Phrase match,existing searches,0.8300000016746475,1.1285628071899996,0.4671776286240205,1.1285633,-4.776839628295448e-07,2.309614022732688,0.28903902
nanodegree,USA,Broad match,existing searches,1.3500000080369128,1.3395085157800002,0.7684130491662307,1.3395088,-2.561163621184193e-07,2.2839279113651907,0.76185954
nasa online courses,USA,Broad match,existing searches,0.8300000016746475,1.1250330404800006,0.4671778873961993,1.125033,1.950679506812492e-08,2.309612743425878,0.21406037
neural network machine learning,USA,Exact match,existing searches,0.8300000016746475,1.1094061136000006,0.4671778082601874,1.1094062,-1.192338616728961e-07,2.3096131346549527,0.0
neural network machine learning,USA,Broad match,existing searches,1.350000008036913,1.500402121190001,0.768413035515715,1.5004023,-2.101622329497843e-07,2.283927951938154,0.55158085
neural network project,USA,Broad match,existing searches,0.8300000016746475,1.06391477053,0.4671778625710157,1.0639149,-1.245276781691729e-07,2.3096128661554958,0.1503154
neural network training,USA,Exact match,existing searches,0.8300000016746475,0.9236945164900014,0.4671779227953145,0.92369473,-2.1331499122645425e-07,2.309612568421359,0.0
neural network training,USA,Phrase match,existing searches,0.8300000016746475,1.103744815490001,0.467177818915599,1.103745,-1.6818309478416893e-07,2.3096130819771976,0.15031534
neural network training,USA,Broad match,existing searches,1.3500000080369128,1.3146905240800015,0.7684131202485196,1.3146906,-6.58247836238246e-08,2.283927700089745,0.5425144
ng machine learning course,USA,Broad match,new,0.8300000016746475,1.8870462803900008,0.4671778111517202,1.8870463,-5.6737684106522586e-08,2.3096131203599195,0.1503154
niit machine learning course,USA,Exact match,new,0.8300000016746475,0.7554162673700006,0.4671778611886651,0.7554161,1.721131951404331e-07,2.309612872989498,0.18234515
niit machine learning course,USA,Broad match,new,0.8300000016746475,0.9253330982800012,0.467177913295794,0.9253331,1.5604067371555175e-08,2.309612615384649,0.33266056
nvidia ai course,USA,Broad match,existing searches,1.3500000080369128,2.03037987498,0.7684130504484448,2.03038,-1.3562485845497465e-07,2.283927907554109,0.60625947
nvidia course,USA,Broad match,existing searches,1.3500000080369128,1.94065987354,0.7684130597658914,1.9406601,-2.455167014137061e-07,2.283927879860181,0.6062594
nvidia jetson nano training,USA,Broad match,existing searches,0.8300000016746476,1.2456119622000004,0.4671778644331241,1.2456119,5.6148364624419855e-08,2.3096128569496885,0.21406043
nvidia machine learning course,USA,Exact match,new,0.8300000016746475,0.6577345566999995,0.4671778368008219,0.65773445,1.0302186836952389e-07,2.309612993557025,0.06374496
nvidia machine learning course,USA,Broad match,new,0.8300000016746474,0.8468490900100004,0.4671778143943083,0.846849,6.571419353118557e-08,2.309613104329355,0.21406037
nvidia machine learning courses,USA,Exact match,new,0.8300000016746475,0.7481640196099999,0.4671778297677758,0.74816394,8.108766103021028e-08,2.3096130283266865,0.06374496
nvidia training courses,USA,Broad match,existing searches,1.3500000080369128,1.2146657980700004,0.7684131540079582,1.2146658,2.753929972953984e-08,2.2839275997477406,0.6062595
octave machine learning,USA,Exact match,existing searches,0.8300000016746475,1.5578355348600006,0.4671777046216583,1.5578357,-1.632677459895149e-07,2.309613647018676,0.0
octave machine learning,USA,Broad match,existing searches,0.8300000016746475,1.4273612392100004,0.4671776187571195,1.4273615,-2.4913228480194505e-07,2.3096140715122786,0.15031534
ocw mit edu courses,USA,Broad match,existing searches,1.3500000080369126,1.3004747982599998,0.7684131618120933,1.3004748,3.534343484545843e-08,2.2839275765517817,0.55158085
online phd in ai and machine learning,USA,Exact match,existing searches,0.8300000016746475,0.7156082331700004,0.4671778618855156,0.7156082,5.3600756055871563e-08,2.30961286954444,0.0
open learning mit,USA,Exact match,existing searches,0.8300000016746475,0.9515787357400004,0.467177807719523,0.9515789,-1.7937917085042448e-07,2.309613137327865,0.0
optimization for machine learning course,USA,Exact match,new,0.8300000016746475,1.0929069811,0.4671778374804627,1.0929072,-2.0922287591318425e-07,2.3096129901970475,0.0
optimization for machine learning course,USA,Broad match,new,0.8300000016746475,1.119383118450001,0.4671778300398141,1.1193835,-3.35872814005711e-07,2.309613026981795,0.15031534
oracle machine learning course,USA,Broad match,new,0.8300000016746476,1.12423207799,0.4671779517273351,1.1242322,-9.497600350627525e-08,2.309612425388585,0.21406037
pc dmis training,USA,Broad match,existing searches,1.350000008036913,1.233457442050001,0.7684132714319438,1.2334574,-4.048326562866578e-09,2.28392725073258,0.76185936
phd programs,USA,Broad match,existing,0.8300000016746475,0.9298956958400008,0.467177894507527,0.9298959,-1.819981340078769e-07,2.3096127082692206,0.1503154
pluralsight machine learning,USA,Exact match,existing searches,0.8300000016746475,1.2756352198400012,0.4671777856626025,1.2756352,-2.26221570365226e-08,2.3096132463719057,0.0
project based machine learning course,USA,Broad match,new,0.8300000016746475,0.9438277545800012,0.4671779039730828,0.9438278,-5.3323288673468034e-08,2.30961266147384,0.15031534
python ai machine learning course,USA,Exact match,new,0.8300000016746475,0.96463847597,0.467177812651366,0.9646384,6.397125129620207e-08,2.3096131129460367,0.18234521
python ai machine learning course,USA,Broad match,new,0.8300000016746475,0.9276927566800006,0.4671778536114581,0.92769283,-7.388259093410454e-08,2.3096129104493537,0.33266056
python programming examples,USA,Exact match,existing searches,0.8300000016746475,0.899567126870001,0.4671778079269773,0.899567,1.1885150730250873e-07,2.309613136302262,0.25732368
python tutorial with certificate free,USA,Broad match,existing searches,0.8300000016746475,0.7644610714800002,0.4671778988725783,0.76446104,3.0983174026388844e-08,2.30961268668948,0.33266062
reinforcement learning research topics,USA,Exact match,existing searches,0.8300000016746475,0.8568249413800001,0.4671778151821851,0.8568249,6.650207040603817e-08,2.3096131004342846,0.06374496
scientific computing with python freecodecamp,USA,Phrase match,existing searches,0.8300000016746475,1.25442545015,0.4671777327694764,1.2544258,-3.13933862239324e-07,2.309613507862675,0.33266062
scientific computing with python freecodecamp,USA,Broad match,existing searches,1.3500000080369128,1.4073244410800003,0.7684131938265824,1.4073246,-1.1145601042095168e-07,2.28392748139624,0.76902276
scientific machine learning course,USA,Broad match,new,1.3500000080369128,1.095446320190001,0.7684132176776415,1.0954461,2.1041827258372336e-07,2.2839274105045786,0.6062596
stanford online computer science course,USA,Broad match,existing searches,0.8300000016746475,0.962681657,0.4671778737739868,0.9626818,-1.1332470706282296e-07,2.309612810770753,0.1503154
tensorflow for python,USA,Broad match,existing searches,0.659999996288716,0.6305217585900004,0.279075845275181,0.6305219,-1.3491128136866593e-07,3.0744330249337963,0.15031534
tensorflow machine learning course,USA,Broad match,new,0.4800000021931827,0.7191496301100008,0.2360960948869935,0.7191496,4.057142655167213e-08,2.642991630801063,0.0
tensorflow neural network,USA,Phrase match,existing searches,0.8300000016746475,1.0496018632300013,0.4671778782255762,1.0496018,6.994081669375873e-08,2.309612788763187,0.15031534
tensorflow neural network,USA,Broad match,existing searches,1.3500000080369128,1.2605475718200014,0.7684132093608187,1.2605474,1.7229912741001385e-07,2.283927435224377,0.55158097
training data machine learning,USA,Exact match,existing,0.8300000016746475,1.0225954780100008,0.4671778807161471,1.0225956,-1.6598719154714558e-07,2.309612776450416,0.18234521
training data machine learning,USA,Broad match,existing,1.3500000080369128,1.4822512081400008,0.7684131673112959,1.4822515,-3.167852311580788e-07,2.283927560206694,0.72485983
types of machine learning algorithms,USA,Phrase match,existing searches,0.8300000016746475,1.5351328153799997,0.4671774406622873,1.5351332,-4.2722711701692617e-07,2.30961495197074,0.15031534
udacity courses,USA,Broad match,existing searches,0.8300000016746475,0.9679474442800008,0.4671778887113056,0.96794754,-9.83873882365316e-08,2.309612736924316,0.15031534
udacity egypt,USA,Exact match,existing searches,0.8300000016746475,1.2113681923400008,0.4671777974616133,1.2113682,-1.0823146157079576e-08,2.30961318804047,0.07497847
udemy best machine learning course,USA,Broad match,new,0.8300000016746475,1.2255354289300004,0.4671777848488847,1.2255358,-3.214590986733157e-07,2.309613250394728,0.1503154
udemy course for machine learning,USA,Exact match,new,0.8300000016746475,0.979757041040001,0.4671777787833787,0.97975725,-2.083153151088979e-07,2.3096132803811145,0.0
udemy course machine learning,USA,Exact match,new,0.8300000016746475,1.3038135251400007,0.467177756726457,1.3038136,-5.155830251624138e-08,2.309613389425174,0.0
udemy course machine learning,USA,Broad match,new,0.8300000016746477,1.3302896624900005,0.4671778684950969,1.3302898,-1.782082417189912e-07,2.3096128368682907,0.15031534
uiuc machine learning course,USA,Broad match,new,0.8300000016746475,1.1315876140100007,0.4671778573495393,1.1315876,-1.0539864980785296e-08,2.3096128919691954,0.21406049
umich machine learning course,USA,Exact match,new,0.8300000016746475,0.865144643080001,0.4671778409597923,0.86514455,9.22796775659762e-08,2.309612972996093,0.06374502
umich machine learning courses,USA,Exact match,new,0.8300000016746475,0.9289403760600008,0.4671778285670197,0.92894036,2.0282260204673722e-08,2.309613034262931,0.0
usc machine learning course,USA,Broad match,new,1.3500000080369128,1.3216997104200008,0.7684132175954463,1.3216996,9.11267878933586e-08,2.283927410748884,0.6062596
