bid,keyword,region,match,active,predicted_conv_value,predicted_clicks,predicted_profit
50.0,best introduction to artificial intelligence,A,Phrase match,1.0,490.4701741249899,1.565108514190058,412.214748415487
50.0,artificial intelligence online program,A,Exact match,1.0,515.9817338131683,1.565108514190058,437.72630810366536
50.0,artificial intelligence online program,A,Phrase match,1.0,515.9817338131683,1.565108514190058,437.72630810366536
50.0,course on machine learning and artificial intelligence,A,Exact match,1.0,501.64380709921045,1.565108514190058,423.38838138970755
50.0,course on machine learning and artificial intelligence,A,Phrase match,1.0,501.64380709921045,1.565108514190058,423.38838138970755
50.0,artificial intelligence master online,A,Exact match,1.0,512.3538489963452,1.565108514190058,434.09842328684226
15.564995000002945,ai innovation course,A,Exact match,1.0,175.9601516878442,1.565108514190058,151.59924549001389
0.19500099999996934,ai certification cost,B,Exact match,1.0,14.917713115844567,1.5651085141901149,14.612515390469028
0.19500099999996934,mit generative ai,B,Broad match,1.0,19.539767390269237,1.5651085141901149,19.234569664893698
0.19500099999996934,ai courses for executives,B,Phrase match,1.0,9.50063559266609,1.565108514190058,9.195437867290561
0.19500099999996934,courses on artificial intelligence,B,Phrase match,1.0,145.8281735247525,1.5651085141901149,145.52297579937695
0.19500099999996934,best course on generative ai,A,Exact match,1.0,45.286776185127984,1.565108514190058,44.981578459752456
0.19500000000000028,courses on artificial intelligence,C,Phrase match,1.0,145.8281637277015,1.0,145.63316372770151
0.19500000000000028,generative ai course,A,Broad match,1.0,59.6276056477102,1.0,59.4326056477102
0.19500000000000028,courses on artificial intelligence,B,Exact match,1.0,145.8281637277015,1.0,145.63316372770151
0.19500000000000028,courses on artificial intelligence,A,Phrase match,1.0,145.8281637277015,1.0,145.63316372770151
0.19500000000000028,artificial intelligence training,USA,Phrase match,1.0,36.385057176936925,1.0,36.190057176936925
0.19500000000000028,generative ai course,USA,Broad match,1.0,59.6276056477102,0.9999999999999956,59.4326056477102
0.19500000000000028,generative ai course,C,Phrase match,1.0,20.101913547182253,1.0,19.906913547182253
0.19500000000000028,generative ai course,USA,Exact match,1.0,20.101913547182253,1.0,19.906913547182253
0.19500000000000028,generative ai course,USA,Phrase match,1.0,20.101913547182253,1.0,19.906913547182253
0.19500000000000028,generative ai course,A,Exact match,1.0,20.101913547182253,1.0,19.906913547182253
0.19500000000000028,generative ai course,C,Exact match,1.0,20.101913547182253,1.0,19.906913547182253
0.19500000000000028,courses on artificial intelligence,A,Exact match,1.0,145.8281637277015,1.0,145.63316372770151
0.19500000000000028,generative ai course,A,Phrase match,1.0,20.101913547182253,1.0,19.906913547182253
0.19500000000000028,courses on artificial intelligence,USA,Phrase match,1.0,145.8281637277015,1.0,145.63316372770151
0.19500000000000028,courses on artificial intelligence,USA,Exact match,1.0,145.8281637277015,1.0,145.63316372770151
0.19500000000000028,ai generated courses,C,Exact match,1.0,3.500614207237052,1.0,3.305614207237052
0.19500000000000028,generative ai course,B,Broad match,1.0,59.6276056477102,1.0,59.4326056477102
0.19500000000000028,generative ai course,B,Exact match,1.0,20.101913547182253,1.0,19.906913547182253
0.19500000000000028,generative ai course,B,Phrase match,1.0,20.101913547182253,1.0,19.906913547182253
0.19500000000000028,ai generated courses,C,Phrase match,1.0,3.500614207237052,1.0,3.305614207237052
0.19500000000000028,mit generative ai course,USA,Broad match,1.0,2.9895783807293297,0.9999999999999956,2.7945783807293303
0.19500000000000028,courses on artificial intelligence,C,Exact match,1.0,145.8281637277015,1.0,145.63316372770151
0.19500000000000028,ai for executives course,A,Exact match,1.0,9.30502990160824,1.0,9.11002990160824
0.19500000000000028,learn how to program ai,B,Phrase match,1.0,2.20262321823981,0.9999999999999982,2.0076232182398104
0.19500000000000028,ai for executives course,B,Phrase match,1.0,9.30502990160824,1.0,9.11002990160824
0.19500000000000028,ai for executives course,B,Exact match,1.0,9.30502990160824,1.0,9.11002990160824
0.19500000000000028,artificial intelligence master online,B,Phrase match,1.0,24.411710554679136,1.0,24.216710554679135
0.19500000000000028,artificial intelligence master online,C,Phrase match,1.0,24.411710554679136,1.0,24.216710554679135
0.19500000000000028,generative ai online courses,USA,Exact match,1.0,7.624989604542352,1.0,7.429989604542352
0.19500000000000028,generative ai online courses,USA,Phrase match,1.0,7.624989604542352,1.0,7.429989604542352
0.19500000000000028,generative ai online courses,A,Exact match,1.0,7.624989604542352,1.0,7.429989604542352
0.19500000000000028,generative ai online courses,B,Exact match,1.0,7.624989604542352,1.0,7.429989604542352
0.19500000000000028,generative ai online courses,C,Exact match,1.0,7.624989604542352,1.0,7.429989604542352
0.19500000000000028,ai for executives course,USA,Exact match,1.0,9.30502990160824,1.0,9.11002990160824
0.19500000000000028,ai for executives course,USA,Phrase match,1.0,9.30502990160824,1.0,9.11002990160824
0.19500000000000028,ai for executives course,A,Phrase match,1.0,9.30502990160824,1.0,9.11002990160824
0.19500000000000028,ai generated courses,B,Exact match,1.0,3.500614207237052,1.0,3.305614207237052
0.19500000000000028,learn how to program ai,C,Exact match,1.0,2.20262321823981,1.0,2.00762321823981
0.19500000000000028,learn how to program ai,C,Phrase match,1.0,2.20262321823981,1.0,2.00762321823981
0.19500000000000028,ai generated courses,USA,Exact match,1.0,3.500614207237052,1.0,3.305614207237052
0.19500000000000028,artificial intelligence training,A,Exact match,1.0,36.385057176936925,1.0,36.190057176936925
0.19500000000000028,artificial intelligence training,A,Phrase match,1.0,36.385057176936925,1.0,36.190057176936925
0.19500000000000028,artificial intelligence training,B,Exact match,1.0,36.385057176936925,1.0,36.190057176936925
0.19500000000000028,artificial intelligence training,B,Phrase match,1.0,36.385057176936925,1.0,36.190057176936925
0.19500000000000028,artificial intelligence training,C,Exact match,1.0,36.385057176936925,1.0,36.190057176936925
0.19500000000000028,artificial intelligence training,C,Phrase match,1.0,36.385057176936925,1.0,36.190057176936925
0.19500000000000028,ai generated courses,USA,Phrase match,1.0,3.500614207237052,1.0,3.305614207237052
0.19500000000000028,artificial intelligence training,USA,Exact match,1.0,36.385057176936925,1.0,36.190057176936925
0.19500000000000028,ai generated courses,A,Phrase match,1.0,3.500614207237052,1.0,3.305614207237052
0.19500000000000028,ai generated courses,B,Phrase match,1.0,3.500614207237052,1.0,3.305614207237052
0.19500000000000028,best ai certification,USA,Exact match,1.0,22.913404494854323,1.0,22.718404494854322
0.19500000000000028,generative ai courses online,B,Phrase match,1.0,17.03914158946066,1.0,16.84414158946066
0.19500000000000028,executive education ai,B,Exact match,1.0,39.525243077906566,1.0,39.330243077906566
0.19500000000000028,executive education ai,C,Exact match,1.0,39.525243077906566,1.0,39.330243077906566
0.19500000000000028,executive education ai,C,Phrase match,1.0,39.525243077906566,1.0,39.330243077906566
0.19500000000000028,machine learning engineer training,USA,Exact match,1.0,82.04376328491517,1.0,81.84876328491518
0.19500000000000028,machine learning engineer training,USA,Phrase match,1.0,82.04376328491517,1.0,81.84876328491518
0.19500000000000028,executive education ai,A,Exact match,1.0,39.525243077906566,0.9999999999999991,39.330243077906566
0.19500000000000028,executive education ai,USA,Phrase match,1.0,39.525243077906566,1.0,39.330243077906566
0.19500000000000028,artificial intelligence for enterprise,USA,Phrase match,1.0,75.72542937614585,1.0,75.53042937614586
0.19500000000000028,artificial intelligence certification,USA,Exact match,1.0,6.7903751874346225,1.0,6.595375187434622
0.19500000000000028,artificial intelligence for enterprise,A,Phrase match,1.0,75.72542937614585,1.0,75.53042937614586
0.19500000000000028,artificial intelligence for enterprise,B,Exact match,1.0,75.72542937614585,1.0,75.53042937614586
0.19500000000000028,artificial intelligence for enterprise,B,Phrase match,1.0,75.72542937614585,1.0,75.53042937614586
0.19500000000000028,artificial intelligence certification,USA,Phrase match,1.0,6.7903751874346225,1.0,6.595375187434622
0.19500000000000028,executive education ai,USA,Exact match,1.0,39.525243077906566,1.0,39.330243077906566
0.19500000000000028,artificial intelligence certification,A,Exact match,1.0,6.7903751874346225,1.0,6.595375187434622
0.19500000000000028,artificial intelligence certification,A,Phrase match,1.0,6.7903751874346225,1.0,6.595375187434622
0.19500000000000028,artificial intelligence certification,B,Exact match,1.0,6.7903751874346225,1.0,6.595375187434622
0.19500000000000028,artificial intelligence certification,B,Phrase match,1.0,6.7903751874346225,1.0,6.595375187434622
0.19500000000000028,artificial intelligence certification,C,Exact match,1.0,6.7903751874346225,1.0,6.595375187434622
0.19500000000000028,artificial intelligence certification,C,Phrase match,1.0,6.7903751874346225,1.0,6.595375187434622
0.19500000000000028,generative ai courses online,B,Exact match,1.0,17.03914158946066,1.0,16.84414158946066
0.19500000000000028,machine learning engineer training,A,Exact match,1.0,82.04376328491517,1.0,81.84876328491518
0.19500000000000028,best place to study artificial intelligence,A,Exact match,1.0,14.418247827124919,1.0,14.223247827124919
0.19500000000000028,best place to study artificial intelligence,A,Phrase match,1.0,14.418247827124919,1.0,14.223247827124919
0.19500000000000028,executive education ai,B,Phrase match,1.0,39.525243077906566,1.0,39.330243077906566
0.19500000000000028,executive education ai,A,Phrase match,1.0,39.525243077906566,0.9999999999999991,39.330243077906566
0.19500000000000028,best ai certification,USA,Broad match,1.0,62.439096595382466,0.9999999999999956,62.244096595382466
0.19500000000000028,best introduction to artificial intelligence,C,Phrase match,1.0,2.528035683323881,1.0,2.333035683323881
0.19500000000000028,learn how to program ai,A,Phrase match,1.0,2.20262321823981,1.0,2.00762321823981
0.19500000000000028,best ai certification,USA,Phrase match,1.0,22.913404494854323,1.0,22.718404494854322
0.19500000000000028,best ai certification,A,Exact match,1.0,22.913404494854323,1.0,22.718404494854322
0.19500000000000028,best ai certification,A,Phrase match,1.0,22.913404494854323,1.0,22.718404494854322
0.19500000000000028,best ai certification,B,Exact match,1.0,22.913404494854323,1.0,22.718404494854322
0.19500000000000028,best ai certification,B,Phrase match,1.0,22.913404494854323,1.0,22.718404494854322
0.19500000000000028,best ai certification,C,Exact match,1.0,22.913404494854323,1.0,22.718404494854322
0.19500000000000028,best ai certification,C,Phrase match,1.0,22.913404494854323,1.0,22.718404494854322
0.19500000000000028,best introduction to artificial intelligence,USA,Exact match,1.0,2.528035683323881,1.0,2.333035683323881
0.19500000000000028,best introduction to artificial intelligence,USA,Phrase match,1.0,2.528035683323881,1.0,2.333035683323881
0.19500000000000028,best introduction to artificial intelligence,A,Exact match,1.0,2.528035683323881,1.0,2.333035683323881
0.19500000000000028,best introduction to artificial intelligence,B,Exact match,1.0,2.528035683323881,1.0,2.333035683323881
0.19500000000000028,best introduction to artificial intelligence,B,Phrase match,1.0,2.528035683323881,1.0,2.333035683323881
0.19500000000000028,best introduction to artificial intelligence,C,Exact match,1.0,2.528035683323881,1.0,2.333035683323881
0.19500000000000028,generative ai stanford course,C,Phrase match,1.0,4.689958538132831,1.0,4.49495853813283
0.19500000000000028,generative ai stanford course,C,Exact match,1.0,4.689958538132831,1.0,4.49495853813283
0.19500000000000028,generative ai courses online,C,Exact match,1.0,17.03914158946066,1.0,16.84414158946066
0.19500000000000028,generative ai courses online,C,Phrase match,1.0,17.03914158946066,1.0,16.84414158946066
0.19500000000000028,generative ai stanford course,USA,Exact match,1.0,4.689958538132831,1.0,4.49495853813283
0.19500000000000028,generative ai stanford course,USA,Phrase match,1.0,4.689958538132831,1.0,4.49495853813283
0.19500000000000028,generative ai stanford course,A,Exact match,1.0,4.689958538132831,1.0,4.49495853813283
0.19500000000000028,generative ai stanford course,A,Phrase match,1.0,4.689958538132831,1.0,4.49495853813283
0.19500000000000028,generative ai stanford course,B,Exact match,1.0,4.689958538132831,1.0,4.49495853813283
0.19500000000000028,learn how to program ai,B,Exact match,1.0,2.20262321823981,0.9999999999999982,2.0076232182398104
0.19500000000000028,AI for engineers,B,Phrase match,1.0,35.566069798586284,1.0,35.371069798586284
0.19500000000000028,learn how to program ai,A,Exact match,1.0,2.20262321823981,1.0,2.00762321823981
0.19500000000000028,ai strategy course,C,Exact match,1.0,16.238549732929304,1.0,16.043549732929304
0.19500000000000028,artificial intelligence master online,USA,Phrase match,1.0,24.411710554679136,1.0,24.216710554679135
0.19500000000000028,ai short course,USA,Phrase match,1.0,15.098404727217886,1.0,14.903404727217886
0.19500000000000028,ai short course,USA,Exact match,1.0,15.098404727217886,1.0,14.903404727217886
0.19500000000000028,course on machine learning and artificial intelligence,USA,Exact match,1.0,13.701668657544392,1.0,13.506668657544392
0.19500000000000028,course on machine learning and artificial intelligence,USA,Phrase match,1.0,13.701668657544392,1.0,13.506668657544392
0.19500000000000028,course on machine learning and artificial intelligence,B,Exact match,1.0,13.701668657544392,1.0,13.506668657544392
0.19500000000000028,course on machine learning and artificial intelligence,B,Phrase match,1.0,13.701668657544392,1.0,13.506668657544392
0.19500000000000028,course on machine learning and artificial intelligence,C,Phrase match,1.0,13.701668657544392,1.0,13.506668657544392
0.19500000000000028,artificial intelligence online program,USA,Exact match,1.0,28.039595371502234,1.0,27.844595371502233
0.19500000000000028,best generative ai courses,C,Phrase match,1.0,5.961287875738907,1.0,5.766287875738906
0.19500000000000028,best generative ai courses,USA,Exact match,1.0,5.961287875738907,1.0,5.766287875738906
0.19500000000000028,best generative ai courses,USA,Phrase match,1.0,5.961287875738907,1.0,5.766287875738906
0.19500000000000028,best generative ai courses,A,Exact match,1.0,5.961287875738907,1.0,5.766287875738906
0.19500000000000028,best generative ai courses,A,Phrase match,1.0,5.961287875738907,1.0,5.766287875738906
0.19500000000000028,best generative ai courses,B,Exact match,1.0,5.961287875738907,1.0,5.766287875738906
0.19500000000000028,best generative ai courses,B,Phrase match,1.0,5.961287875738907,1.0,5.766287875738906
0.19500000000000028,best generative ai courses,C,Exact match,1.0,5.961287875738907,1.0,5.766287875738906
0.19500000000000028,artificial intelligence online program,USA,Phrase match,1.0,28.039595371502234,1.0,27.844595371502233
0.19500000000000028,best course on generative ai,C,Exact match,1.0,45.28676638807701,1.0,45.09176638807701
0.19500000000000028,ai strategy course,USA,Exact match,1.0,16.238549732929304,1.0,16.043549732929304
0.19500000000000028,ai strategy course,USA,Phrase match,1.0,16.238549732929304,1.0,16.043549732929304
0.19500000000000028,ai strategy course,A,Exact match,1.0,16.238549732929304,1.0,16.043549732929304
0.19500000000000028,ai strategy course,A,Phrase match,1.0,16.238549732929304,1.0,16.043549732929304
0.19500000000000028,artificial intelligence master online,USA,Exact match,1.0,24.411710554679136,1.0,24.216710554679135
0.19500000000000028,ai short course,C,Phrase match,1.0,15.098404727217886,1.0,14.903404727217886
0.19500000000000028,ai short course,B,Phrase match,1.0,15.098404727217886,1.0,14.903404727217886
0.19500000000000028,course generator ai,A,Exact match,1.0,28.977763522062748,0.9999999999999991,28.782763522062748
0.19500000000000028,best ai learning course,USA,Phrase match,1.0,10.238466605827245,1.0,10.043466605827245
0.19500000000000028,best ai learning course,A,Exact match,1.0,10.238466605827245,1.0,10.043466605827245
0.19500000000000028,best ai learning course,A,Phrase match,1.0,10.238466605827245,1.0,10.043466605827245
0.19500000000000028,best ai learning course,B,Exact match,1.0,10.238466605827245,1.0,10.043466605827245
0.19500000000000028,best ai learning course,B,Phrase match,1.0,10.238466605827245,1.0,10.043466605827245
0.19500000000000028,best ai learning course,C,Exact match,1.0,10.238466605827245,1.0,10.043466605827245
0.19500000000000028,best ai learning course,C,Phrase match,1.0,10.238466605827245,1.0,10.043466605827245
0.19500000000000028,ai learning course,C,Phrase match,1.0,32.29213154894627,1.0,32.09713154894627
0.19500000000000028,ai learning course,C,Exact match,1.0,32.29213154894627,1.0,32.09713154894627
0.19500000000000028,course generator ai,B,Phrase match,1.0,28.977763522062748,1.0,28.782763522062748
0.19500000000000028,course generator ai,A,Phrase match,1.0,28.977763522062748,0.9999999999999991,28.782763522062748
0.19500000000000028,ai short course,B,Exact match,1.0,15.098404727217886,1.0,14.903404727217886
0.19500000000000028,course generator ai,B,Exact match,1.0,28.977763522062748,1.0,28.782763522062748
0.19500000000000028,ai learning course,B,Phrase match,1.0,32.29213154894627,1.0,32.09713154894627
0.19500000000000028,course generator ai,C,Exact match,1.0,28.977763522062748,1.0,28.782763522062748
0.19500000000000028,course generator ai,C,Phrase match,1.0,28.977763522062748,1.0,28.782763522062748
0.19500000000000028,ai learning course,USA,Exact match,1.0,32.29213154894627,1.0,32.09713154894627
0.19500000000000028,ai learning course,USA,Phrase match,1.0,32.29213154894627,1.0,32.09713154894627
0.19500000000000028,ai learning course,A,Exact match,1.0,32.29213154894627,1.0,32.09713154894627
0.19500000000000028,ai learning course,A,Phrase match,1.0,32.29213154894627,1.0,32.09713154894627
0.19500000000000028,ai learning course,B,Exact match,1.0,32.29213154894627,1.0,32.09713154894627
0.19500000000000028,ai short course,A,Phrase match,1.0,15.098404727217886,0.9999999999999991,14.903404727217886
0.19500000000000028,ai strategy course,B,Exact match,1.0,16.238549732929304,1.0,16.043549732929304
0.19500000000000028,best course on generative ai,B,Exact match,1.0,45.28676638807701,1.0,45.09176638807701
0.19500000000000028,learn how to program ai,USA,Phrase match,1.0,2.20262321823981,1.0,2.00762321823981
0.19500000000000028,artificial intelligence online program,B,Exact match,1.0,28.039595371502234,1.0,27.844595371502233
0.19500000000000028,AI for business,C,Exact match,1.0,91.41169929413653,1.0,91.21669929413653
0.19500000000000028,AI for business,C,Phrase match,1.0,91.41169929413653,1.0,91.21669929413653
0.19500000000000028,ai for enterprise,USA,Exact match,1.0,82.06658831297506,1.0,81.87158831297506
0.19500000000000028,ai for enterprise,USA,Phrase match,1.0,82.06658831297506,1.0,81.87158831297506
0.19500000000000028,artificial intelligence workshop,B,Exact match,1.0,52.96189926235121,0.9999999999999947,52.76689926235121
0.19500000000000028,artificial intelligence workshop,B,Phrase match,1.0,52.96189926235121,0.9999999999999947,52.76689926235121
0.19500000000000028,generative ai course online,USA,Exact match,1.0,22.410478244329628,1.0,22.215478244329628
0.19500000000000028,generative ai course online,USA,Phrase match,1.0,22.410478244329628,1.0,22.215478244329628
0.19500000000000028,generative ai course online,A,Exact match,1.0,22.410478244329628,1.0,22.215478244329628
0.19500000000000028,generative ai course online,B,Exact match,1.0,22.410478244329628,1.0,22.215478244329628
0.19500000000000028,artificial intelligence workshop,C,Exact match,1.0,52.96189926235121,0.9999999999999996,52.76689926235121
0.19500000000000028,artificial intelligence workshop,C,Phrase match,1.0,52.96189926235121,0.9999999999999996,52.76689926235121
0.19500000000000028,artificial intelligence master online,B,Exact match,1.0,24.411710554679136,1.0,24.216710554679135
0.19500000000000028,ai for executives course,C,Exact match,1.0,9.30502990160824,1.0,9.11002990160824
0.19500000000000028,ai for executives course,C,Phrase match,1.0,9.30502990160824,1.0,9.11002990160824
0.19500000000000028,AI for engineers,USA,Exact match,1.0,35.566069798586284,1.0,35.371069798586284
0.19500000000000028,AI for engineers,USA,Phrase match,1.0,35.566069798586284,1.0,35.371069798586284
0.19500000000000028,AI for engineers,A,Exact match,1.0,35.566069798586284,1.0,35.371069798586284
0.19500000000000028,AI for engineers,A,Phrase match,1.0,35.566069798586284,1.0,35.371069798586284
0.19500000000000028,AI for engineers,B,Exact match,1.0,35.566069798586284,1.0,35.371069798586284
0.19500000000000028,best place to study artificial intelligence,B,Phrase match,1.0,14.418247827124919,1.0,14.223247827124919
0.19500000000000028,AI for engineers,C,Phrase match,1.0,35.566069798586284,1.0,35.371069798586284
0.19500000000000028,learn how to program ai,USA,Exact match,1.0,2.20262321823981,1.0,2.00762321823981
0.19500000000000028,AI for business,B,Phrase match,1.0,91.41169929413653,1.0,91.21669929413653
0.19500000000000028,AI for business,B,Exact match,1.0,91.41169929413653,1.0,91.21669929413653
0.19500000000000028,AI for business,A,Phrase match,1.0,91.41169929413653,1.0,91.21669929413653
0.19500000000000028,best ai classes online,USA,Phrase match,1.0,17.767619569849007,1.0,17.572619569849007
0.19500000000000028,artificial intelligence online program,B,Phrase match,1.0,28.039595371502234,1.0,27.844595371502233
0.19500000000000028,artificial intelligence online program,C,Exact match,1.0,28.039595371502234,1.0,27.844595371502233
0.19500000000000028,artificial intelligence online program,C,Phrase match,1.0,28.039595371502234,1.0,27.844595371502233
0.19500000000000028,best course on generative ai,USA,Exact match,1.0,45.28676638807701,1.0,45.09176638807701
0.19500000000000028,best course on generative ai,USA,Phrase match,1.0,45.28676638807701,1.0,45.09176638807701
0.19500000000000028,artificial intelligence master online,A,Phrase match,1.0,24.411710554679136,1.0,24.216710554679135
0.19500000000000028,ai for enterprise,B,Exact match,1.0,82.06658831297506,1.0,81.87158831297506
0.19500000000000028,ai for enterprise,B,Phrase match,1.0,82.06658831297506,1.0,81.87158831297506
0.19500000000000028,ai for enterprise,C,Phrase match,1.0,82.06658831297506,1.0,81.87158831297506
0.19500000000000028,best ai classes online,USA,Exact match,1.0,17.767619569849007,1.0,17.572619569849007
0.19500000000000028,best ai classes online,A,Exact match,1.0,17.767619569849007,1.0,17.572619569849007
0.19500000000000028,AI for business,A,Exact match,1.0,91.41169929413653,1.0,91.21669929413653
0.19500000000000028,best ai classes online,A,Phrase match,1.0,17.767619569849007,1.0,17.572619569849007
0.19500000000000028,best ai classes online,B,Exact match,1.0,17.767619569849007,1.0,17.572619569849007
0.19500000000000028,best ai classes online,C,Exact match,1.0,17.767619569849007,0.9999999999999973,17.572619569849007
0.19500000000000028,artificial intelligence workshop,USA,Exact match,1.0,52.96189926235121,1.0,52.76689926235121
0.19500000000000028,artificial intelligence workshop,USA,Phrase match,1.0,52.96189926235121,1.0,52.76689926235121
0.19500000000000028,artificial intelligence workshop,A,Exact match,1.0,52.96189926235121,1.0,52.76689926235121
0.19500000000000028,artificial intelligence workshop,A,Phrase match,1.0,52.96189926235121,1.0,52.76689926235121
0.19500000000000028,ai for enterprise,A,Phrase match,1.0,82.06658831297506,0.9999999999999991,81.87158831297506
0.19500000000000028,AI for business,USA,Exact match,1.0,91.41169929413653,1.0,91.21669929413653
0.19500000000000028,AI for business,USA,Phrase match,1.0,91.41169929413653,1.0,91.21669929413653
0.19500000000000028,best place to study artificial intelligence,B,Exact match,1.0,14.418247827124919,1.0,14.223247827124919
0.19500000000000028,best place to study artificial intelligence,C,Phrase match,1.0,14.418247827124919,1.0,14.223247827124919
0.19500000000000028,best place to study artificial intelligence,C,Exact match,1.0,14.418247827124919,1.0,14.223247827124919
0.19500000000000028,mit professional education applied generative ai for digital transformation,USA,Broad match,1.0,20.919453789122155,0.9999999999999956,20.724453789122155
0.19500000000000028,MIT generative AI certificate,USA,Broad match,1.0,17.15672966594536,0.9999999999999956,16.96172966594536
0.19500000000000028,MIT generative AI certificate,B,Broad match,1.0,17.15672966594536,1.0,16.96172966594536
0.19500000000000028,online generative AI course,B,Phrase match,1.0,28.63789654894534,1.0,28.44289654894534
0.19500000000000028,online generative AI course,USA,Phrase match,1.0,28.63789654894534,1.0,28.44289654894534
0.19500000000000028,online generative AI course,A,Phrase match,1.0,28.63789654894534,1.0,28.44289654894534
0.19500000000000028,generative AI for business,USA,Exact match,1.0,89.12377002537087,1.0,88.92877002537088
0.19500000000000028,generative AI for business,B,Exact match,1.0,89.12377002537087,1.0,88.92877002537088
0.19500000000000028,best generative AI course,A,Exact match,1.0,15.001485584238896,1.0,14.806485584238896
0.19500000000000028,best generative AI course,USA,Exact match,1.0,15.001485584238896,1.0,14.806485584238896
0.19500000000000028,applied gen ai for digital transformation mit,B,Broad match,1.0,30.16039060989306,1.0,29.96539060989306
0.19500000000000028,best ai courses,B,Broad match,1.0,46.51846680656115,1.0,46.32346680656115
0.19500000000000028,designing ai products and services,B,Broad match,1.0,67.88060418788753,1.0,67.68560418788752
0.19500000000000028,best course on artificial intelligence,C,Exact match,1.0,12.226781256993153,1.0,12.031781256993153
0.19500000000000028,google's introduction to generative ai,USA,Broad match,1.0,105.78392302115329,0.9999999999999956,105.58892302115329
0.19500000000000028,mit,USA,Broad match,1.0,1598.1669883877005,1.0,1597.9719883877005
0.19500000000000028,mitx,USA,Broad match,1.0,62.5637163696627,0.9999999999999956,62.3687163696627
0.19500000000000028,generative ai for business with msft azure openai program,USA,Exact match,1.0,55.493336376836055,1.0,55.298336376836055
0.19500000000000028,ai courses for executives,USA,Exact match,1.0,9.500625795615125,1.0,9.305625795615125
0.19500000000000028,introduction to generative ai,USA,Exact match,1.0,11.300969736814924,1.0,11.105969736814924
0.19500000000000028,introduction to generative ai,A,Exact match,1.0,11.300969736814924,1.0,11.105969736814924
0.19500000000000028,introduction to generative ai,B,Exact match,1.0,11.300969736814924,0.9999999999999982,11.105969736814924
0.19500000000000028,mit ai course,USA,Broad match,1.0,4.175768879232495,1.0,3.980768879232495
0.19500000000000028,mit ai course,A,Broad match,1.0,4.175768879232495,1.0,3.980768879232495
0.19500000000000028,ai prompt engineering course,A,Exact match,1.0,16.937204434802542,1.0,16.74220443480254
0.19500000000000028,generative ai fundamentals,USA,Exact match,1.0,22.85251318426211,1.0,22.65751318426211
0.19500000000000028,generative ai fundamentals,A,Exact match,1.0,22.85251318426211,1.0,22.65751318426211
0.19500000000000028,AI for product managers course,B,Phrase match,1.0,23.683801824701877,1.0,23.488801824701877
0.19500000000000028,AI for product managers course,A,Phrase match,1.0,23.683801824701877,1.0,23.488801824701877
0.19500000000000028,best course on artificial intelligence,USA,Phrase match,1.0,12.226781256993153,1.0,12.031781256993153
0.19500000000000028,best course on artificial intelligence,A,Exact match,1.0,12.226781256993153,1.0,12.031781256993153
0.19500000000000028,best course on artificial intelligence,A,Phrase match,1.0,12.226781256993153,1.0,12.031781256993153
0.19500000000000028,best course on artificial intelligence,B,Exact match,1.0,12.226781256993153,1.0,12.031781256993153
0.19500000000000028,best course on artificial intelligence,B,Phrase match,1.0,12.226781256993153,1.0,12.031781256993153
0.19500000000000028,best course on artificial intelligence,C,Phrase match,1.0,12.226781256993153,1.0,12.031781256993153
0.19500000000000028,generative ai course online,C,Exact match,1.0,22.410478244329628,1.0,22.215478244329628
0.19500000000000028,generative ai course online,C,Phrase match,1.0,22.410478244329628,1.0,22.215478244329628
0.19500000000000028,mit ai courses,A,Broad match,1.0,9.35820656301166,1.0,9.16320656301166
0.19500000000000028,mit ai program,USA,Broad match,1.0,32.61239066625046,0.9999999999999956,32.41739066625046
0.19500000000000028,ai class,USA,Broad match,1.0,216.77269931857825,0.9999999999999956,216.57769931857825
0.19500000000000028,ai certificate programs,USA,Broad match,1.0,44.83259183987042,0.9999999999999956,44.63759183987042
0.19500000000000028,ai online courses,B,Broad match,1.0,219.77907897492582,1.0,219.58407897492583
0.19500000000000028,learn prompt engineering,B,Broad match,1.0,34.60394127851714,1.0,34.40894127851714
0.19500000000000028,generative ai certification,USA,Broad match,1.0,54.50332539130443,0.9999999999999956,54.30832539130443
0.19500000000000028,gen ai courses,USA,Broad match,1.0,53.184375755234456,0.9999999999999956,52.989375755234455
0.19500000000000028,learning chatgpt,USA,Broad match,1.0,11.1231813881903,0.9999999999999956,10.9281813881903
0.19500000000000028,mit xpro designing and building ai products and services,USA,Broad match,1.0,27.930742264968732,0.9999999999999956,27.73574226496873
0.19500000000000028,stanford ai professional program,USA,Broad match,1.0,51.635038275999776,0.9999999999999956,51.440038275999775
0.19500000000000028,stanford ai professional program,USA,Phrase match,1.0,12.109346175471732,1.0,11.914346175471731
0.19500000000000028,online ai training courses,B,Broad match,1.0,58.77047350037772,1.0,58.57547350037772
0.19500000000000028,generative ai fundamentals,B,Exact match,1.0,22.85251318426211,1.0,22.65751318426211
0.19500000000000028,AI for product managers course,USA,Phrase match,1.0,23.683801824701877,1.0,23.488801824701877
0.19500000000000028,large language model course,B,Exact match,1.0,87.54890127416405,1.0,87.35390127416406
0.19500000000000028,ai prompt engineering course,USA,Exact match,1.0,16.937204434802542,1.0,16.74220443480254
0.19500000000000028,large language model course,A,Exact match,1.0,87.54890127416405,1.0,87.35390127416406
0.19500000000000028,ai executive education,B,Exact match,1.0,23.89533971709344,1.0,23.70033971709344
0.19500000000000028,ai for executives,A,Exact match,1.0,31.03594299085859,1.0,30.84094299085859
0.19500000000000028,ai graphic design course,A,Exact match,1.0,19.411528848525467,1.0,19.216528848525467
0.19500000000000028,ai graphic design course,USA,Exact match,1.0,19.411528848525467,1.0,19.216528848525467
0.19500000000000028,ai for executives,B,Exact match,1.0,31.03594299085859,1.0,30.84094299085859
0.19500000000000028,generative ai crash course,USA,Exact match,1.0,22.27542010534535,1.0,22.08042010534535
0.19500000000000028,generative ai crash course,A,Exact match,1.0,22.27542010534535,1.0,22.08042010534535
0.19500000000000028,generative ai crash course,B,Exact match,1.0,22.27542010534535,1.0,22.08042010534535
0.19500000000000028,ai innovation course,USA,Exact match,1.0,25.379522671898957,1.0,25.184522671898957
0.19500000000000028,ai innovation course,B,Exact match,1.0,25.379522671898957,1.0,25.184522671898957
0.19500000000000028,ai for business leaders,B,Exact match,1.0,52.27933251130176,0.9999999999999982,52.08433251130176
0.19500000000000028,designing and building ai products and services,USA,Exact match,1.0,27.600225828042827,1.0,27.405225828042827
0.19500000000000028,designing and building ai products and services,A,Exact match,1.0,27.600225828042827,1.0,27.405225828042827
0.19500000000000028,designing and building ai products and services,B,Exact match,1.0,27.600225828042827,1.0,27.405225828042827
0.19500000000000028,online AI and ML courses,B,Phrase match,1.0,16.148383994755367,1.0,15.953383994755367
0.19500000000000028,ai for product managers,USA,Exact match,1.0,63.2860613276963,1.0,63.0910613276963
0.19500000000000028,ai for product managers,A,Exact match,1.0,63.2860613276963,1.0,63.0910613276963
0.19500000000000028,ai for product managers,B,Exact match,1.0,63.2860613276963,1.0,63.0910613276963
0.19500000000000028,online AI and ML courses,USA,Phrase match,1.0,16.148383994755367,1.0,15.953383994755367
0.19500000000000028,online AI and ML courses,A,Phrase match,1.0,16.148383994755367,1.0,15.953383994755367
0.19500000000000028,upskill in ai,USA,Exact match,1.0,55.78409037846484,1.0,55.58909037846484
0.19500000000000028,upskill in ai,A,Exact match,1.0,55.78409037846484,1.0,55.58909037846484
0.19500000000000028,mba in ai,USA,Exact match,1.0,17.668487696481126,1.0,17.473487696481126
0.19500000000000028,mba in ai,A,Exact match,1.0,17.668487696481126,1.0,17.473487696481126
0.19500000000000028,ai for executives,USA,Exact match,1.0,31.03594299085859,1.0,30.84094299085859
0.19500000000000028,ai executive education,A,Exact match,1.0,23.89533971709344,0.9999999999999991,23.70033971709344
0.19500000000000028,ai prompt engineering course,B,Exact match,1.0,16.937204434802542,1.0,16.74220443480254
0.19500000000000028,ai executive education,USA,Exact match,1.0,23.89533971709344,1.0,23.70033971709344
0.19500000000000028,large language model course,USA,Exact match,1.0,87.54890127416405,1.0,87.35390127416406
0.19500000000000028,top artificial intelligence certification,USA,Exact match,1.0,6.316006843706762,1.0,6.121006843706762
0.19500000000000028,top artificial intelligence certification,A,Exact match,1.0,6.316006843706762,1.0,6.121006843706762
0.19500000000000028,top artificial intelligence certification,B,Exact match,1.0,6.316006843706762,1.0,6.121006843706762
0.19500000000000028,generative ai fundamentals course,USA,Broad match,1.0,113.47978101361258,1.0,113.28478101361259
0.19500000000000028,ai courses for executives,USA,Phrase match,1.0,9.500625795615125,1.0,9.305625795615125
0.19500000000000028,ai courses for executives,A,Exact match,1.0,9.500625795615125,1.0,9.305625795615125
0.19500000000000028,ai courses for executives,A,Phrase match,1.0,9.500625795615125,1.0,9.305625795615125
0.19500000000000028,ai courses for executives,B,Exact match,1.0,9.500625795615125,1.0,9.305625795615125
0.19500000000000028,generative ai fundamentals course,USA,Exact match,1.0,73.95408891308455,1.0,73.75908891308455
0.19500000000000028,generative ai fundamentals course,A,Broad match,1.0,113.47978101361258,1.0,113.28478101361259
0.19500000000000028,generative ai fundamentals course,A,Exact match,1.0,73.95408891308455,1.0,73.75908891308455
0.19500000000000028,generative ai fundamentals course,B,Broad match,1.0,113.47978101361258,1.0,113.28478101361259
0.19500000000000028,generative ai fundamentals course,B,Exact match,1.0,73.95408891308455,1.0,73.75908891308455
0.19500000000000028,generative ai fundamentals course,C,Broad match,1.0,113.47978101361258,0.9999999999999787,113.28478101361259
0.19500000000000028,artificial intelligence bootcamp online,C,Exact match,1.0,7.856612591124093,1.0,7.661612591124093
0.19500000000000028,ai certification cost,USA,Phrase match,1.0,14.917703318793603,1.0,14.722703318793602
0.19500000000000028,artificial intelligence bootcamp online,A,Phrase match,1.0,7.856612591124093,1.0,7.661612591124093
0.19500000000000028,artificial intelligence bootcamp online,USA,Exact match,1.0,7.856612591124093,1.0,7.661612591124093
0.19500000000000028,artificial intelligence bootcamp online,USA,Phrase match,1.0,7.856612591124093,1.0,7.661612591124093
0.19500000000000028,artificial intelligence bootcamp online,A,Exact match,1.0,7.856612591124093,1.0,7.661612591124093
0.19500000000000028,ai for business leaders,A,Exact match,1.0,52.27933251130176,1.0,52.08433251130176
0.19500000000000028,ai graphic design course,B,Exact match,1.0,19.411528848525467,1.0,19.216528848525467
0.19500000000000028,best course on artificial intelligence,USA,Exact match,1.0,12.226781256993153,1.0,12.031781256993153
0.19500000000000028,generative ai courses,A,Exact match,1.0,12.492836393672523,1.0,12.297836393672522
0.19500000000000028,mba in ai,B,Exact match,1.0,17.668487696481126,1.0,17.473487696481126
0.19500000000000028,generative ai certificate course,USA,Broad match,1.0,30.169296997685993,0.9999999999999956,29.974296997685993
0.19500000000000028,best courses on artificial intelligence,B,Phrase match,1.0,6.5184291095491345,1.0,6.323429109549134
0.19500000000000028,best courses on artificial intelligence,C,Phrase match,1.0,6.5184291095491345,1.0,6.323429109549134
0.19500000000000028,generative ai courses online,USA,Exact match,1.0,17.03914158946066,1.0,16.84414158946066
0.19500000000000028,generative ai courses online,USA,Phrase match,1.0,17.03914158946066,1.0,16.84414158946066
0.19500000000000028,generative ai courses online,A,Exact match,1.0,17.03914158946066,1.0,16.84414158946066
0.19500000000000028,generative ai courses online,A,Phrase match,1.0,17.03914158946066,1.0,16.84414158946066
0.19500000000000028,google generative ai course,A,Phrase match,1.0,48.55855062596221,1.0,48.36355062596221
0.19500000000000028,google generative ai course,B,Exact match,1.0,48.55855062596221,1.0,48.36355062596221
0.19500000000000028,google generative ai course,B,Phrase match,1.0,48.55855062596221,1.0,48.36355062596221
0.19500000000000028,google generative ai course,C,Exact match,1.0,48.55855062596221,1.0,48.36355062596221
0.19500000000000028,google generative ai course,C,Phrase match,1.0,48.55855062596221,1.0,48.36355062596221
0.19500000000000028,generative ai certificate course,A,Broad match,1.0,30.169296997685993,1.0,29.974296997685993
0.19500000000000028,generative ai courses,A,Broad match,1.0,52.018528494200666,1.0,51.823528494200666
0.19500000000000028,machine learning engineer training,A,Phrase match,1.0,82.04376328491517,1.0,81.84876328491518
0.19500000000000028,certification in machine learning and ai,B,Exact match,1.0,9.966924413730002,1.0,9.771924413730002
0.19500000000000028,certification in machine learning and ai,B,Phrase match,1.0,9.966924413730002,1.0,9.771924413730002
0.19500000000000028,online ai and ml courses,USA,Exact match,1.0,16.148383994755367,1.0,15.953383994755367
0.19500000000000028,online ai and ml courses,USA,Phrase match,1.0,16.148383994755367,1.0,15.953383994755367
0.19500000000000028,online ai and ml courses,A,Phrase match,1.0,16.148383994755367,1.0,15.953383994755367
0.19500000000000028,online ai and ml courses,B,Exact match,1.0,16.148383994755367,1.0,15.953383994755367
0.19500000000000028,online ai and ml courses,B,Phrase match,1.0,16.148383994755367,1.0,15.953383994755367
0.19500000000000028,online ai and ml courses,C,Exact match,1.0,16.148383994755367,1.0,15.953383994755367
0.19500000000000028,online ai and ml courses,C,Phrase match,1.0,16.148383994755367,1.0,15.953383994755367
0.19500000000000028,best generative ai course,USA,Exact match,1.0,15.001485584238896,1.0,14.806485584238896
0.19500000000000028,generative ai certificate course,B,Broad match,1.0,30.169296997685993,1.0,29.974296997685993
0.19500000000000028,best courses on artificial intelligence,B,Exact match,1.0,6.5184291095491345,1.0,6.323429109549134
0.19500000000000028,best courses on artificial intelligence,A,Phrase match,1.0,6.5184291095491345,1.0,6.323429109549134
0.19500000000000028,best courses on artificial intelligence,A,Exact match,1.0,6.5184291095491345,1.0,6.323429109549134
0.19500000000000028,generative ai training course,USA,Exact match,1.0,4.897937686549343,1.0,4.702937686549343
0.19500000000000028,generative ai training course,USA,Phrase match,1.0,4.897937686549343,1.0,4.702937686549343
0.19500000000000028,generative ai training course,A,Phrase match,1.0,4.897937686549343,1.0,4.702937686549343
0.19500000000000028,generative ai training course,B,Phrase match,1.0,4.897937686549343,1.0,4.702937686549343
0.19500000000000028,generative ai training course,C,Exact match,1.0,4.897937686549343,1.0,4.702937686549343
0.19500000000000028,generative ai training course,C,Phrase match,1.0,4.897937686549343,1.0,4.702937686549343
0.19500000000000028,google generative ai course,USA,Exact match,1.0,48.55855062596221,1.0,48.36355062596221
0.19500000000000028,best place to study artificial intelligence,USA,Phrase match,1.0,14.418247827124919,1.0,14.223247827124919
0.19500000000000028,best place to study artificial intelligence,USA,Exact match,1.0,14.418247827124919,1.0,14.223247827124919
0.19500000000000028,mit generative ai course,A,Broad match,1.0,2.9895783807293297,1.0,2.7945783807293294
0.19500000000000028,mit generative ai course,B,Broad match,1.0,2.9895783807293297,1.0,2.7945783807293294
0.19500000000000028,certification for artificial intelligence,C,Phrase match,1.0,12.781812702128907,1.0,12.586812702128906
0.19500000000000028,certification for artificial intelligence,USA,Exact match,1.0,12.781812702128907,1.0,12.586812702128906
0.19500000000000028,certification for artificial intelligence,USA,Phrase match,1.0,12.781812702128907,1.0,12.586812702128906
0.19500000000000028,certification for artificial intelligence,A,Exact match,1.0,12.781812702128907,1.0,12.586812702128906
0.19500000000000028,certification for artificial intelligence,A,Phrase match,1.0,12.781812702128907,1.0,12.586812702128906
0.19500000000000028,certification for artificial intelligence,B,Exact match,1.0,12.781812702128907,1.0,12.586812702128906
0.19500000000000028,certification for artificial intelligence,B,Phrase match,1.0,12.781812702128907,1.0,12.586812702128906
0.19500000000000028,google generative ai course,USA,Phrase match,1.0,48.55855062596221,1.0,48.36355062596221
0.19500000000000028,google generative ai course,A,Exact match,1.0,48.55855062596221,1.0,48.36355062596221
0.19500000000000028,generative ai certificate course,C,Broad match,1.0,30.169296997685993,1.0,29.974296997685993
0.19500000000000028,best courses on artificial intelligence,USA,Exact match,1.0,6.5184291095491345,1.0,6.323429109549134
0.19500000000000028,best courses on artificial intelligence,USA,Phrase match,1.0,6.5184291095491345,1.0,6.323429109549134
0.19500000000000028,best generative ai course,USA,Phrase match,1.0,15.001485584238896,1.0,14.806485584238896
0.19500000000000028,best generative ai course,A,Exact match,1.0,15.001485584238896,1.0,14.806485584238896
0.19500000000000028,certification in machine learning and ai,A,Phrase match,1.0,9.966924413730002,1.0,9.771924413730002
0.19500000000000028,best course for artificial intelligence,B,Phrase match,1.0,9.665417000998676,1.0,9.470417000998676
0.19500000000000028,best generative ai course,C,Exact match,1.0,15.001485584238896,1.0,14.806485584238896
0.19500000000000028,best generative ai course,C,Phrase match,1.0,15.001485584238896,1.0,14.806485584238896
0.19500000000000028,online artificial intelligence degree,USA,Exact match,1.0,12.223437618677341,1.0,12.02843761867734
0.19500000000000028,online artificial intelligence degree,USA,Phrase match,1.0,12.223437618677341,1.0,12.02843761867734
0.19500000000000028,online artificial intelligence degree,A,Exact match,1.0,12.223437618677341,1.0,12.02843761867734
0.19500000000000028,online artificial intelligence degree,A,Phrase match,1.0,12.223437618677341,1.0,12.02843761867734
0.19500000000000028,online artificial intelligence degree,B,Phrase match,1.0,12.223437618677341,1.0,12.02843761867734
0.19500000000000028,best course for artificial intelligence,B,Exact match,1.0,9.665417000998676,1.0,9.470417000998676
0.19500000000000028,best course for artificial intelligence,USA,Exact match,1.0,9.665417000998676,1.0,9.470417000998676
0.19500000000000028,best course for artificial intelligence,USA,Phrase match,1.0,9.665417000998676,1.0,9.470417000998676
0.19500000000000028,best course for artificial intelligence,A,Exact match,1.0,9.665417000998676,1.0,9.470417000998676
0.19500000000000028,best course for artificial intelligence,A,Phrase match,1.0,9.665417000998676,1.0,9.470417000998676
0.19500000000000028,generative ai courses,C,Exact match,1.0,12.492836393672523,1.0,12.297836393672522
0.19500000000000028,generative ai courses,C,Phrase match,1.0,12.492836393672523,1.0,12.297836393672522
0.19500000000000028,generative ai courses,B,Phrase match,1.0,12.492836393672523,1.0,12.297836393672522
0.19500000000000028,generative ai courses,B,Exact match,1.0,12.492836393672523,1.0,12.297836393672522
0.19500000000000028,generative ai courses,B,Broad match,1.0,52.018528494200666,1.0,51.823528494200666
0.19500000000000028,machine learning engineer training,B,Exact match,1.0,82.04376328491517,1.0,81.84876328491518
0.19500000000000028,machine learning engineer training,B,Phrase match,1.0,82.04376328491517,1.0,81.84876328491518
0.19500000000000028,generative ai courses,A,Phrase match,1.0,12.492836393672523,1.0,12.297836393672522
0.19500000000000028,generative ai courses,USA,Broad match,1.0,52.018528494200666,0.9999999999999956,51.823528494200666
0.19500000000000028,generative ai courses,USA,Exact match,1.0,12.492836393672523,1.0,12.297836393672522
0.19500000000000028,generative ai courses,USA,Phrase match,1.0,12.492836393672523,1.0,12.297836393672522
0.19500000000000028,online artificial intelligence degree,B,Exact match,1.0,12.223437618677341,1.0,12.02843761867734
0.19500000000000028,best course for artificial intelligence,C,Exact match,1.0,9.665417000998676,1.0,9.470417000998676
0.19500000000000028,certification in machine learning and ai,A,Exact match,1.0,9.966924413730002,1.0,9.771924413730002
0.19500000000000028,ai for managers course,C,Phrase match,1.0,22.45972779557623,1.0,22.26472779557623
0.19500000000000028,generative ai online course,USA,Phrase match,1.0,14.634543670383454,1.0,14.439543670383454
0.19500000000000028,generative ai online course,USA,Broad match,1.0,54.16023577091141,0.9999999999999956,53.96523577091141
0.19500000000000028,generative ai online course,USA,Exact match,1.0,14.634543670383454,1.0,14.439543670383454
0.19500000000000028,generative ai online course,A,Broad match,1.0,54.16023577091141,1.0,53.96523577091141
0.19500000000000028,certification in machine learning and ai,USA,Phrase match,1.0,9.966924413730002,1.0,9.771924413730002
0.19500000000000028,generative ai online course,A,Exact match,1.0,14.634543670383454,1.0,14.439543670383454
0.19500000000000028,generative ai online course,A,Phrase match,1.0,14.634543670383454,1.0,14.439543670383454
0.19500000000000028,generative ai online course,B,Broad match,1.0,54.16023577091141,1.0,53.96523577091141
0.19500000000000028,generative ai online course,B,Exact match,1.0,14.634543670383454,1.0,14.439543670383454
0.19500000000000028,generative ai online course,C,Broad match,1.0,54.16023577091141,1.0,53.96523577091141
0.19500000000000028,generative ai online course,C,Exact match,1.0,14.634543670383454,1.0,14.439543670383454
0.19500000000000028,generative ai online course,C,Phrase match,1.0,14.634543670383454,1.0,14.439543670383454
0.19500000000000028,certification in machine learning and ai,USA,Exact match,1.0,9.966924413730002,1.0,9.771924413730002
0.19500000000000028,best generative ai course,A,Phrase match,1.0,15.001485584238896,1.0,14.806485584238896
0.19500000000000028,best generative ai course,B,Exact match,1.0,15.001485584238896,1.0,14.806485584238896
0.19500000000000028,best course for artificial intelligence,C,Phrase match,1.0,9.665417000998676,1.0,9.470417000998676
0.19500000000000028,ai for managers course,USA,Exact match,1.0,22.45972779557623,1.0,22.26472779557623
0.19500000000000028,ai for managers course,USA,Phrase match,1.0,22.45972779557623,1.0,22.26472779557623
0.19500000000000028,ai for managers course,A,Exact match,1.0,22.45972779557623,1.0,22.26472779557623
0.19500000000000028,ai for managers course,A,Phrase match,1.0,22.45972779557623,1.0,22.26472779557623
0.19500000000000028,ai for managers course,B,Exact match,1.0,22.45972779557623,1.0,22.26472779557623
0.19500000000000028,ai for managers course,B,Phrase match,1.0,22.45972779557623,1.0,22.26472779557623
0.19500000000000028,ai for managers course,C,Exact match,1.0,22.45972779557623,1.0,22.26472779557623
0.19500000000000028,best ai learning course,USA,Exact match,1.0,10.238466605827245,1.0,10.043466605827245
