day,lambda,budget,n_candidates,n_new_candidates,n_masked,n_real_new,actual_cost,actual_revenue,actual_clicks,actual_profit,profit_old,profit_new,profit_new_raw,profit_total,observed_clicks_total,replay_clicks_total,replay_revenue_total,replay_cost_total,n_old,n_new,profit_improvement,profit_improvement_pct,cost_change,cost_change_pct
2025-12-01,0.0,355.41,637,5,5,5,355.41,3800.0,322.0,3444.59,523.365992462292,0.0,0.0,523.365992462292,322.0,44.16985101262861,537.2116659301805,13.845673467888727,26.0,5.0,-2921.224007537708,-0.8480614550752652,-341.5643265321113,-0.9610430953887377
2025-12-01,10.0,355.41,637,5,5,5,355.41,3800.0,322.0,3444.59,523.3659924672505,-258.59786664974484,-258.59786664974484,264.7681258175057,322.0,54.169851012868385,537.2116659351392,272.4435401176336,26.0,5.0,-3179.8218741824944,-0.9231350826027174,-82.96645988236645,-0.23343873240023197
2025-12-01,100.0,355.41,637,5,5,5,355.41,3800.0,322.0,3444.59,523.776236364723,-342.52008129501945,-342.52008129501945,181.25615506970354,322.0,69.46253393945739,537.2116659301726,355.9555108604691,26.0,5.0,-3263.3338449302964,-0.9473794689441403,0.5455108604690508,0.0015348776356012798
2025-12-02,0.0,350.34000000000003,637,6,6,6,350.34000000000003,3400.0,292.0,3049.66,765.1832060452114,0.0,0.0,765.1832060452114,292.0,30.42976572888921,772.9211087420031,7.73790269679176,26.0,6.0,-2284.4767939547883,-0.7490922902732725,-342.60209730320827,-0.9779131623657255
2025-12-02,10.0,350.34000000000003,637,6,6,6,350.34000000000003,3400.0,292.0,3049.66,765.1832060452117,0.0,0.0,765.1832060452117,292.0,30.429765728890285,772.921108742004,7.7379026967922915,26.0,6.0,-2284.4767939547883,-0.7490922902732725,-342.60209730320776,-0.9779131623657239
2025-12-02,100.0,350.34000000000003,637,6,6,6,350.34000000000003,3400.0,292.0,3049.66,766.0639399913159,-86.79595149555043,-86.79595149555043,679.2679884957655,292.0,78.22793086688614,1172.921108743154,493.65312024738864,26.0,6.0,-2370.3920115042342,-0.7772643545523876,143.3131202473886,0.4090686768493138
2025-12-03,0.0,359.4600000000001,637,6,6,6,359.4600000000001,3000.0,276.0,2640.54,277.3781910338117,-8.5645433967089e-23,-8.5645433967089e-23,277.3781910338117,276.0,8.683831076629312,278.95805912944957,1.5798680956379223,29.0,6.0,-2363.1618089661883,-0.8949539900801308,-357.88013190436214,-0.9956048848393759
2025-12-03,10.0,359.4600000000001,637,6,6,6,359.4600000000001,3000.0,276.0,2640.54,277.6659000251591,-65.64642961727213,-65.64642961727213,212.01947040788696,276.0,9.665475115901048,278.95805912823147,66.93858872034453,29.0,6.0,-2428.5205295921132,-0.9197060183114489,-292.5214112796556,-0.8137801459958146
2025-12-03,100.0,359.4600000000001,637,6,6,6,359.4600000000001,3000.0,276.0,2640.54,277.673244797968,-221.34895229110097,-221.34895229110097,56.32429250686701,276.0,23.630067636236333,278.95805913016386,222.63376662329682,29.0,6.0,-2584.215707493133,-0.9786694037935926,-136.82623337670327,-0.38064383624521014
2025-12-04,0.0,370.06000000000006,637,7,7,7,370.06000000000006,3200.0,308.0,2829.94,119.884476996874,192.9949780264385,192.9949780264385,312.8794550233125,308.0,25.544396679921554,319.01805520320784,6.138600179895281,27.0,7.0,-2517.0605449766877,-0.8894395446464192,-363.9213998201048,-0.9834118786686071
2025-12-04,10.0,370.06000000000006,637,7,7,7,370.06000000000006,3200.0,308.0,2829.94,119.88447699687187,192.8181057681008,192.8181057681008,312.70258276497265,308.0,26.233868269856085,319.01805520320494,6.315472438232293,27.0,7.0,-2517.2374172350274,-0.8895020450027306,-363.74452756176777,-0.982933923044284
2025-12-04,100.0,370.06000000000006,637,7,7,7,370.06000000000006,3200.0,308.0,2829.94,119.88447699687342,-17.915199361314006,-17.915199361314006,101.96927763555941,308.0,49.63967229726952,734.5882390506623,632.6189614151028,27.0,7.0,-2727.9707223644405,-0.963967689196393,262.5589614151028,0.7095037599716336
2025-12-05,0.0,326.77000000000004,637,6,6,4,326.77000000000004,3000.0,303.0,2673.23,55.46698940207509,137.3156132407219,137.3156132407219,192.78260264279697,303.0,7.055784153427788,194.33576396885564,1.5531613260586723,34.0,4.0,-2480.447397357203,-0.9278840194660404,-325.21683867394137,-0.9952469280348298
2025-12-05,10.0,326.77000000000004,637,6,6,4,326.77000000000004,3000.0,303.0,2673.23,55.46698940207702,101.70067719474034,101.70067719474034,157.16766659681736,303.0,9.05578415342798,194.33576396884808,37.16809737203073,34.0,4.0,-2516.0623334031825,-0.9412068297165536,-289.6019026279693,-0.8862560903019533
2025-12-05,100.0,326.77000000000004,637,6,6,4,326.77000000000004,3000.0,303.0,2673.23,55.466989402074255,354.4625283239561,354.4625283239561,409.9295177260304,303.0,121.05578415342781,1394.3357639688556,984.4062462428253,34.0,4.0,-2263.3004822739695,-0.846653854054447,657.6362462428253,2.012535563983307
2025-12-06,0.0,443.0,637,7,7,4,443.0,4398.13,309.0,3955.13,173.51778479116732,-0.11771830393135747,-0.11771830393135747,173.40006648723596,309.0,18.916479832664244,178.04878049029423,4.648714003058251,32.0,4.0,-3781.729933512764,-0.9561581878504029,-438.3512859969417,-0.9895062889321483
2025-12-06,10.0,443.0,637,7,7,4,443.0,4398.13,309.0,3955.13,173.64222923321134,-140.96261316845494,-140.96261316845494,32.6796160647564,309.0,31.379718621813037,178.04878048788987,145.36916442313344,32.0,4.0,-3922.4503839352437,-0.9917374103848025,-297.63083557686656,-0.6718529019793827
2025-12-06,100.0,443.0,637,7,7,4,443.0,4398.13,309.0,3955.13,173.6422292357367,512.7695427813626,512.7695427813626,686.4117720170993,309.0,144.45989687905626,2174.30878049041,1487.8970084733107,32.0,4.0,-3268.7182279829008,-0.8264502628188961,1044.8970084733107,2.3586839920390763
2025-12-07,0.0,355.98,637,7,7,6,355.98,2926.8,304.0,2570.82,53.939015244896446,-0.13510182601471607,-0.13510182601471607,53.80391341888173,304.0,11.868848606274067,56.31578948728485,2.5118760684031107,28.0,6.0,-2517.0160865811185,-0.9790713027676455,-353.4681239315969,-0.9929437719298749
2025-12-07,10.0,355.98,637,7,7,6,355.98,2926.8,304.0,2570.82,53.93901523190309,-362.45493896540705,-362.45493896540705,-308.51592373350394,304.0,45.86884860468753,56.31578947429161,364.83171320779553,28.0,6.0,-2879.335923733504,-1.1200068163984658,8.851713207795513,0.02486575989604897
2025-12-07,100.0,355.98,637,7,7,6,355.98,2926.8,304.0,2570.82,96.99198820609409,-362.46263546566206,-362.46263546566206,-265.47064725956795,304.0,48.27745447904299,99.55903271875214,365.02967997832013,28.0,6.0,-2836.2906472595682,-1.1032630239610584,9.049679978320114,0.025421877572672943
2025-12-08,0.0,355.0,637,6,6,4,355.0,1600.0,310.0,1245.0,159.6854439301304,0.0,0.0,159.6854439301304,310.0,10.146566232774937,161.53846153846013,1.8530176083297398,31.0,4.0,-1085.3145560698697,-0.8717385992529074,-353.14698239167024,-0.994780232089212
2025-12-08,10.0,355.0,637,6,6,4,355.0,1600.0,310.0,1245.0,159.68544393012735,-254.09720473942596,-254.09720473942596,-94.41176080929861,310.0,20.146566232774706,161.5384615384571,255.95022234775573,31.0,4.0,-1339.4117608092986,-1.0758327396058622,-99.04977765224427,-0.27901345817533596
2025-12-08,100.0,355.0,637,6,6,4,355.0,1600.0,310.0,1245.0,160.05009509292245,-475.8001613097849,-475.8001613097849,-315.7500662168625,310.0,81.49540344207745,961.5384615384615,1277.288527755324,31.0,4.0,-1560.7500662168625,-1.2536145110175603,922.2885277553239,2.5979958528318985
2025-12-09,0.0,362.77,637,7,7,6,362.77,4000.0,323.0,3637.23,410.2685032509336,-0.39828026133550626,-0.39828026133550626,409.87022298959806,323.0,21.77627054639081,414.08662900218496,4.216406012586878,28.0,6.0,-3227.359777010402,-0.8873125364660475,-358.5535939874131,-0.9883771921256254
2025-12-09,10.0,362.77,637,7,7,6,362.77,4000.0,323.0,3637.23,410.22822646364995,-1.4582740230140097,-1.4582740230140097,408.76995244063596,323.0,24.799099471694667,414.08662900186323,5.316676561227283,28.0,6.0,-3228.4600475593643,-0.887615038795832,-357.4533234387727,-0.9853442220656965
2025-12-09,100.0,362.77,637,7,7,6,362.77,4000.0,323.0,3637.23,410.6285032509362,-60.912924337253514,-60.912924337253514,349.7155789136827,323.0,120.57627054621736,1614.0866290018885,1264.3710500882057,28.0,6.0,-3287.5144210863173,-0.9038511232686185,901.6010500882057,2.4853241725837467
2025-12-10,0.0,347.52,637,6,6,5,347.52,4600.0,285.0,4252.48,131.08036145160403,-0.058075343463083774,-0.058075343463083774,131.02228610814095,285.0,18.529353578636268,135.19668737059442,4.17440126245347,31.0,5.0,-4121.4577138918585,-0.9691892058026984,-343.34559873754654,-0.9879880258331796
2025-12-10,10.0,347.52,637,6,6,5,347.52,4600.0,285.0,4252.48,131.0803614539556,-0.06134264686349587,-0.06134264686349587,131.0190188070921,285.0,18.54489870931652,135.19668737294649,4.1776685658543915,31.0,5.0,-4121.460981192908,-0.9691899741310737,-343.3423314341456,-0.9879786240623435
2025-12-10,100.0,347.52,637,6,6,5,347.52,4600.0,285.0,4252.48,131.55908558209651,276.19648531603224,276.19648531603224,407.7555708981288,285.0,142.85453677089842,2135.1966873737515,1727.4411164756225,31.0,5.0,-3844.7244291018706,-0.9041134653430165,1379.9211164756225,3.970767485254439
2025-12-11,0.0,227.73,637,7,7,6,227.73,2000.0,218.0,1772.27,33.865028258538814,-0.30319493113212403,-0.30319493113212403,33.56183332740669,218.0,9.928364981477403,34.999999999999744,1.4381666725930535,29.0,6.0,-1738.7081666725933,-0.9810627989372913,-226.29183332740695,-0.993684772877561
2025-12-11,10.0,227.73,637,7,7,6,227.73,2000.0,218.0,1772.27,33.865028258539134,-0.3038426927362107,-0.3038426927362107,33.56118556580292,218.0,9.929161821907352,34.999999999999964,1.4388144341970384,29.0,6.0,-1738.7088144341972,-0.9810631644355529,-226.29118556580295,-0.9936819284494927
2025-12-11,100.0,227.73,637,7,7,6,227.73,2000.0,218.0,1772.27,34.17693333053154,-67.75856514630703,-67.75856514630703,-33.581631815775495,218.0,26.788763418293218,435.0000000021365,468.58163181791184,29.0,6.0,-1805.8516318157754,-1.018948372322375,240.85163181791185,1.057619250067676
2025-12-12,0.0,240.51999999999995,637,7,7,7,240.51999999999995,3800.0,242.0,3559.48,90.75950478805228,244.50347390220335,244.50347390220335,335.26297869025564,242.0,18.060480684872267,364.9278588400285,29.66488014977285,31.0,7.0,-3224.2170213097443,-0.9058112480782992,-210.8551198502271,-0.8766635616590186
2025-12-12,10.0,240.51999999999995,637,7,7,7,240.51999999999995,3800.0,242.0,3559.48,118.89950435247454,516.8904703295032,516.8904703295032,635.7899746819777,242.0,14.795838078795226,638.4635981600022,2.673623478024412,31.0,7.0,-2923.6900253180224,-0.8213812200990095,-237.84637652197554,-0.9888839868700132
2025-12-12,100.0,240.51999999999995,637,7,7,7,240.51999999999995,3800.0,242.0,3559.48,118.90560920779814,987.1927607791641,987.1927607791641,1106.0983699869623,242.0,18.46872037945687,1164.9278588647026,58.82948887774012,31.0,7.0,-2453.3816300130375,-0.689252820640385,-181.69051112225984,-0.7554070810005815
2025-12-13,0.0,450.57,637,7,7,6,450.57,2400.0,325.0,1949.43,104.65254902167308,-0.7190356754022599,-0.7190356754022599,103.93351334627083,325.0,15.109133142655168,107.69230769230539,3.7587943460345774,28.0,6.0,-1845.4964866537293,-0.946685178053959,-446.81120565396543,-0.9916576906007178
2025-12-13,10.0,450.57,637,7,7,6,450.57,2400.0,325.0,1949.43,104.6525490216758,-0.7190356754022882,-0.7190356754022882,103.93351334627351,325.0,15.10913314265528,107.69230769230813,3.7587943460346267,28.0,6.0,-1845.4964866537266,-0.9466851780539576,-446.8112056539654,-0.9916576906007177
2025-12-13,100.0,450.57,637,7,7,6,450.57,2400.0,325.0,1949.43,104.65254902214296,-1028.6135110220403,-1028.6135110220403,-923.9609619998973,325.0,157.10913314278451,907.6923076927753,1831.6532696926727,28.0,6.0,-2873.3909619998976,-1.4739646778801483,1381.0832696926727,3.065191356931604
2025-12-14,0.0,524.29,637,6,6,6,524.29,3600.0,353.0,3075.71,65.20546704268673,-0.275308936613685,-0.275308936613685,64.93015810607305,353.0,18.085775179480237,68.69747899407783,3.767320888004776,31.0,6.0,-3010.779841893927,-0.9788893757519165,-520.5226791119952,-0.9928144330656608
2025-12-14,10.0,524.29,637,6,6,6,524.29,3600.0,353.0,3075.71,498.1604836766118,-74.02467239991842,-74.02467239991842,424.1358112766934,353.0,93.08573373991764,682.9831888057455,258.847377529052,31.0,6.0,-2651.5741887233066,-0.862101494849419,-265.442622470948,-0.5062896917182247
2025-12-14,100.0,524.29,637,6,6,6,524.29,3600.0,353.0,3075.71,65.10130037437072,338.3988315774844,338.3988315774844,403.5001319518551,353.0,64.05917018293465,868.6974789924221,465.1973470405671,31.0,6.0,-2672.209868048145,-0.8688107357482159,-59.09265295943288,-0.11270986087743975
2025-12-15,0.0,381.4199999999999,637,7,7,5,381.4199999999999,1800.0,314.0,1418.5800000000002,4.928585378971745,0.0,0.0,4.928585378971745,314.0,14.760859380462364,7.766990291256464,2.8384049122847204,32.0,5.0,-1413.6514146210284,-0.9965256909169932,-378.5815950877152,-0.9925583217652857
2025-12-15,10.0,381.4199999999999,637,7,7,5,381.4199999999999,1800.0,314.0,1418.5800000000002,4.930346944164299,0.0,0.0,4.930346944164299,314.0,14.758282224552152,7.766990291256048,2.8366433470917483,32.0,5.0,-1413.6496530558359,-0.9965244491363446,-378.58335665290815,-0.9925629402047828
2025-12-15,100.0,381.4199999999999,637,7,7,5,381.4199999999999,1800.0,314.0,1418.5800000000002,4.930346944167444,-30.909546882799788,-30.909546882799788,-25.979199938632345,314.0,24.569087908373785,7.766990291259201,33.74619022989155,32.0,5.0,-1444.5591999386324,-1.0183135247491382,-347.67380977010833,-0.9115248538883867
2025-12-16,0.0,367.58000000000004,637,7,7,5,367.58000000000004,2200.0,310.0,1832.42,32.46798459472966,3.6546483127524856,3.6546483127524856,36.12263290748214,310.0,10.521082063579744,38.23313316832248,2.110500260840329,33.0,5.0,-1796.297367092518,-0.9802869249912781,-365.4694997391597,-0.9942583920212189
2025-12-16,10.0,367.58000000000004,637,7,7,5,367.58000000000004,2200.0,310.0,1832.42,32.467984594729714,781.0891935490816,781.0891935490816,813.5571781438114,310.0,28.74531129637441,1041.0359985782575,227.47882043444628,33.0,5.0,-1018.8628218561887,-0.5560203566083042,-140.10117956555376,-0.38114472921691533
2025-12-16,100.0,367.58000000000004,637,7,7,5,367.58000000000004,2200.0,310.0,1832.42,32.46798459900482,692.680661340989,692.680661340989,725.1486459399938,310.0,45.42057013036799,1038.233133171735,313.0844872317415,33.0,5.0,-1107.2713540600062,-0.6042672280699873,-54.49551276825855,-0.14825483641182477
2025-12-17,0.0,335.03000000000003,637,7,7,5,335.03000000000003,3200.0,295.0,2864.97,400.9317859958068,-0.4782755773326137,-0.4782755773326137,400.4535104184742,295.0,16.60705137950288,403.5808350073521,3.127324588877923,30.0,5.0,-2464.5164895815255,-0.8602241871927195,-331.9026754111221,-0.9906655386416802
2025-12-17,10.0,335.03000000000003,637,7,7,5,335.03000000000003,3200.0,295.0,2864.97,398.0004545530507,-0.8493573794009944,-0.8493573794009944,397.1510971736497,295.0,15.837486025757551,400.50391193042367,3.352814756773942,30.0,5.0,-2467.81890282635,-0.8613768740427824,-331.67718524322606,-0.9899924939355462
2025-12-17,100.0,335.03000000000003,637,7,7,5,335.03000000000003,3200.0,295.0,2864.97,398.1963804789756,-220.67103159405914,-220.67103159405914,177.52534888491644,295.0,41.58635578674518,400.5039119304222,222.97856304550575,30.0,5.0,-2687.444651115083,-0.9380358786008521,-112.05143695449428,-0.33445195043576476
2025-12-18,0.0,320.42999999999995,637,7,7,7,320.42999999999995,3800.0,266.0,3479.57,55.85214306316233,-0.5104548018943291,-0.5104548018943291,55.341688261268004,266.0,9.063165756183587,57.142857142857146,1.8011688815891522,30.0,7.0,-3424.2283117387324,-0.9840952507748751,-318.6288311184108,-0.9943789005973562
2025-12-18,10.0,320.42999999999995,637,7,7,7,320.42999999999995,3800.0,266.0,3479.57,55.852143065594355,-141.6104598851884,-141.6104598851884,-85.75831681959403,266.0,19.063165756228774,57.142857145289526,142.90117396488355,30.0,7.0,-3565.328316819594,-1.024646239857107,-177.5288260351164,-0.5540330993824437
2025-12-18,100.0,320.42999999999995,637,7,7,7,320.42999999999995,3800.0,266.0,3479.57,-94.65134269681654,300.8478897756587,300.8478897756587,206.19654707884217,266.0,161.55204175822107,1565.896638204189,1359.7000911253467,30.0,7.0,-3273.373452921158,-0.9407407963975887,1039.2700911253469,3.2433607687337234
2025-12-19,0.0,255.50000000000003,637,7,7,7,255.50000000000003,2200.0,219.0,1944.5,97.97495933326188,29.56736490478794,29.56736490478794,127.54232423804982,219.0,8.660206965220317,129.3550525753123,1.8127283372625052,32.0,7.0,-1816.9576757619502,-0.9344086787153254,-253.68727166273752,-0.9929051728482876
2025-12-19,10.0,255.50000000000003,637,7,7,7,255.50000000000003,2200.0,219.0,1944.5,97.97495933326512,-96.72723801221822,-96.72723801221822,1.247721321046896,219.0,22.660206965266813,129.35505257531423,128.1073312542673,32.0,7.0,-1943.2522786789532,-0.9993583330825164,-127.39266874573272,-0.49860144323183053
2025-12-19,100.0,255.50000000000003,637,7,7,7,255.50000000000003,2200.0,219.0,1944.5,97.97495933324451,-122.97919358445395,-122.97919358445395,-25.00423425120944,219.0,24.69154139779543,130.41181005604685,155.41604430725627,32.0,7.0,-1969.5042342512095,-1.0128589530733914,-100.08395569274376,-0.39171802619469176
2025-12-20,0.0,456.1700000000001,638,8,7,8,456.1700000000001,2800.0,351.0,2343.83,322.18759308388513,51.589013594854165,51.589013594854165,373.7766066787393,351.0,28.318436217144935,379.4566607471464,5.680054068407021,30.0,8.0,-1970.0533933212605,-0.8405274244809823,-450.48994593159307,-0.9875483831282044
2025-12-20,10.0,456.1700000000001,638,8,7,8,456.1700000000001,2800.0,351.0,2343.83,322.18759308412075,51.56764696031494,51.56764696031494,373.7552400444357,351.0,28.365168337877012,379.45666299205556,5.701422947619885,30.0,8.0,-1970.0747599555643,-0.840536540600455,-450.46857705238017,-0.9875015390147973
2025-12-20,100.0,456.1700000000001,638,8,7,8,456.1700000000001,2800.0,351.0,2343.83,322.4477570044976,-805.9286651079949,-805.9286651079949,-483.4809081034973,351.0,114.47313306021216,779.4566607471462,1262.9375688506436,30.0,8.0,-2827.3109081034972,-1.2062781464967585,806.7675688506436,1.7685677901892791
2025-12-21,0.0,340.28000000000003,638,7,7,3,340.28000000000003,5000.0,270.0,4659.72,214.56707079591902,0.0,0.0,214.56707079591902,270.0,7.972368161356416,215.88504088503862,1.317970089119637,32.0,3.0,-4445.152929204081,-0.9539527974221801,-338.9620299108804,-0.9961268070732349
2025-12-21,10.0,340.28000000000003,638,7,7,3,340.28000000000003,5000.0,270.0,4659.72,214.5670707959179,0.0,0.0,214.5670707959179,270.0,7.9723681613561626,215.88504088503757,1.317970089119646,32.0,3.0,-4445.152929204082,-0.9539527974221803,-338.9620299108804,-0.9961268070732349
2025-12-21,100.0,340.28000000000003,638,7,7,3,340.28000000000003,5000.0,270.0,4659.72,214.65491393327542,372.14132003732124,372.14132003732124,586.7962339705966,270.0,8.874328945765168,615.8850408851401,29.08880691454354,32.0,3.0,-4072.923766029404,-0.8740704947999888,-311.19119308545646,-0.9145150848873176
2025-12-22,0.0,351.6900000000001,638,7,7,6,351.6900000000001,2800.0,297.0,2448.31,99.59895336446806,134.99390892167543,134.99390892167543,234.5928622861435,297.0,18.87955823473792,239.0148047903398,4.421942504196323,29.0,6.0,-2213.7171377138566,-0.9041817162507431,-347.26805749580376,-0.9874265901669187
2025-12-22,10.0,351.6900000000001,638,7,7,6,351.6900000000001,2800.0,297.0,2448.31,99.59895336446927,134.99390892167548,134.99390892167548,234.59286228614474,297.0,18.879558234738035,239.01480479034112,4.4219425041963465,29.0,6.0,-2213.717137713855,-0.9041817162507425,-347.26805749580376,-0.9874265901669187
2025-12-22,100.0,351.6900000000001,638,7,7,6,351.6900000000001,2800.0,297.0,2448.31,99.97953588873463,474.76352458812465,474.76352458812465,574.7430604768592,297.0,61.52033493379028,1039.0148047916803,464.2717443148209,29.0,6.0,-1873.5669395231407,-0.7652490654872711,112.58174431482081,0.32011642160658754
2025-12-23,0.0,323.91,638,7,7,6,323.91,3000.0,275.0,2676.09,323.6858899052595,0.0,0.0,323.6858899052595,275.0,12.825036637653836,326.25058438522274,2.564694479963229,34.0,6.0,-2352.4041100947406,-0.8790452152561163,-321.3453055200368,-0.9920820768733191
2025-12-23,10.0,323.91,638,7,7,6,323.91,3000.0,275.0,2676.09,323.68588990250856,0.0,0.0,323.68588990250856,275.0,12.825036643636992,326.2505843852243,2.564694482715716,34.0,6.0,-2352.4041100974914,-0.8790452152571443,-321.3453055172843,-0.9920820768648214
2025-12-23,100.0,323.91,638,7,7,6,323.91,3000.0,275.0,2676.09,323.6858899298314,1292.2746756408012,1292.2746756408012,1615.9605655706325,275.0,138.82503660204162,2726.2505843917597,1110.2900188211272,34.0,6.0,-1060.1294344293676,-0.3961486476274593,786.3800188211271,2.4277732049678216
2025-12-24,0.0,353.90999999999997,638,8,8,7,353.90999999999997,5200.0,294.0,4846.09,138.12711959344384,-0.33981269158922733,-0.33981269158922733,137.7873069018546,294.0,15.99897005972189,140.95238095237298,3.1650740505183603,29.0,7.0,-4708.302693098146,-0.9715673239865842,-350.7449259494816,-0.9910568391666855
2025-12-24,10.0,353.90999999999997,638,8,8,7,353.90999999999997,5200.0,294.0,4846.09,138.1271195937798,-0.3398126915893445,-0.3398126915893445,137.78730690219047,294.0,15.998970059746304,140.95238095271236,3.165074050521863,29.0,7.0,-4708.302693097809,-0.9715673239865148,-350.7449259494781,-0.9910568391666755
2025-12-24,100.0,353.90999999999997,638,8,8,7,353.90999999999997,5200.0,294.0,4846.09,138.36231959344468,1961.9248122518352,1961.9248122518352,2100.28713184528,294.0,109.95923555838291,2940.952380952374,840.665249107094,29.0,7.0,-2745.8028681547203,-0.5666017073877538,486.7552491070941,1.3753644969260381
2025-12-25,0.0,351.03999999999996,638,7,7,7,351.03999999999996,1500.0,281.0,1148.96,43.57545369687527,-0.22414169388561805,-0.22414169388561805,43.35131200298965,281.0,16.992606739383895,47.61904761904714,4.267735616057493,28.0,7.0,-1105.6086879970103,-0.9622690850830405,-346.77226438394246,-0.987842594530374
2025-12-25,10.0,351.03999999999996,638,7,7,7,351.03999999999996,1500.0,281.0,1148.96,43.22107878808946,-0.5218705347079317,-0.5218705347079317,42.69920825338153,281.0,18.099128187962183,47.61904761904577,4.919839365664256,28.0,7.0,-1106.2607917466185,-0.9628366450934919,-346.1201606343357,-0.9859849607860521
2025-12-25,100.0,351.03999999999996,638,7,7,7,351.03999999999996,1500.0,281.0,1148.96,-16.264544102656572,-697.6353290643736,-697.6353290643736,-713.8998731670303,281.0,125.82156985145022,247.61904761904577,961.5189207860759,28.0,7.0,-1862.8598731670304,-1.6213444098724328,610.478920786076,1.7390580013277006
2025-12-26,0.0,352.57000000000005,638,7,7,5,352.57000000000005,3100.0,295.0,2747.43,169.74393510445782,0.0,0.0,169.74393510445782,295.0,18.270512885352307,174.0354916643275,4.2915565598696475,32.0,5.0,-2577.686064895542,-0.9382171938486302,-348.2784434401304,-0.9878277886380871
2025-12-26,10.0,352.57000000000005,638,7,7,5,352.57000000000005,3100.0,295.0,2747.43,169.7405216550659,0.0,0.0,169.7405216550659,295.0,18.27682670565063,174.0354916643281,4.2949700092622285,32.0,5.0,-2577.689478344934,-0.9382184362640482,-348.27502999073783,-0.9878181070163026
2025-12-26,100.0,352.57000000000005,638,7,7,5,352.57000000000005,3100.0,295.0,2747.43,169.74393511202481,-459.85025441336643,-459.85025441336643,-290.1063193013416,295.0,85.45838080740853,174.0354916653407,464.1418109666824,32.0,5.0,-3037.5363193013413,-1.105591887437111,111.57181096668234,0.3164529340746017
2025-12-27,0.0,332.59000000000003,638,7,7,7,332.59000000000003,2800.0,283.0,2467.41,227.11818415963762,41.31788830737436,41.31788830737436,268.43607246701197,283.0,13.003518044960254,270.75177744800044,2.315704980988485,31.0,7.0,-2198.973927532988,-0.8912073500281624,-330.27429501901156,-0.9930373583661912
2025-12-27,10.0,332.59000000000003,638,7,7,7,332.59000000000003,2800.0,283.0,2467.41,227.11818415963594,74.1593598526657,74.1593598526657,301.27754401230163,283.0,15.125192729533984,304.34854278433295,3.0709987720313046,31.0,7.0,-2166.1324559876984,-0.8778972509585754,-329.5190012279687,-0.9907664127844154
2025-12-27,100.0,332.59000000000003,638,7,7,7,332.59000000000003,2800.0,283.0,2467.41,227.26929527075305,117.19743849165866,117.19743849165866,344.4667337624117,283.0,58.89424118069222,629.1309669522693,284.6642331898576,31.0,7.0,-2122.943266237588,-0.8603933947895113,-47.92576681014242,-0.14409864039851594
2025-12-28,0.0,338.32,638,7,7,6,338.32,3800.0,309.0,3461.68,170.0329261044419,-0.04832756651722793,-0.04832756651722793,169.98459853792468,309.0,14.33084803329917,172.48618590176034,2.5015873638356156,31.0,6.0,-3291.695401462075,-0.950895346034895,-335.8184126361644,-0.9926058543277501
2025-12-28,10.0,338.32,638,7,7,6,338.32,3800.0,309.0,3461.68,170.07254987021508,-4.073760019903946,-4.073760019903946,165.99878985031114,309.0,19.726500278234745,172.48618590081503,6.487396050503893,31.0,6.0,-3295.681210149689,-0.9520467547981585,-331.8326039494961,-0.9808246747147555
2025-12-28,100.0,338.32,638,7,7,6,338.32,3800.0,309.0,3461.68,97.39254987597009,-355.58550970544235,-355.58550970544235,-258.1929598294723,309.0,60.754320856108016,499.4703128906943,757.6632727201664,31.0,6.0,-3719.872959829472,-1.074586027544277,419.34327272016645,1.239487091275025
2025-12-29,0.0,329.52,638,7,7,6,329.52,3400.0,302.0,3070.48,229.21727273265222,-0.03060745879424445,-0.03060745879424445,229.18666527385798,302.0,14.774331770965969,232.0618256051197,2.875160331261812,30.0,6.0,-2841.293334726142,-0.9253580335081621,-326.64483966873814,-0.9912747015924319
2025-12-29,10.0,329.52,638,7,7,6,329.52,3400.0,302.0,3070.48,229.2203744024974,-0.03331621848437426,-0.03331621848437426,229.18705818401304,302.0,14.78303882080818,232.06182560512016,2.8747674211071326,30.0,6.0,-2841.292941815987,-0.9253579055444058,-326.64523257889283,-0.9912758939636224
2025-12-29,100.0,329.52,638,7,7,6,329.52,3400.0,302.0,3070.48,229.53397440248008,-638.2408442185513,-638.2408442185513,-408.70686981607116,302.0,62.97039212005621,232.0618256051028,640.768695421174,30.0,6.0,-3479.186869816071,-1.1331084618092517,311.24869542117403,0.9445517583793823
2025-12-30,0.0,295.62999999999994,638,7,7,7,295.62999999999994,1400.0,276.0,1104.3700000000001,16.65511857509208,-0.5724838184810503,-0.5724838184810503,16.08263475661103,276.0,11.487583072313614,18.37606837606721,2.293433619456179,30.0,7.0,-1088.287365243389,-0.9854372766766473,-293.3365663805438,-0.9922422162180559
2025-12-30,10.0,295.62999999999994,638,7,7,7,295.62999999999994,1400.0,276.0,1104.3700000000001,16.408860590463323,-0.7903113200470899,-0.7903113200470899,15.618549270416233,276.0,12.472428257030131,18.37606837606739,2.7575191056511557,30.0,7.0,-1088.751450729584,-0.9858575031281036,-292.87248089434877,-0.9906723975724684
2025-12-30,100.0,295.62999999999994,638,7,7,7,295.62999999999994,1400.0,276.0,1104.3700000000001,-153.68806115922757,-225.68979988836554,-225.68979988836554,-379.3778610475931,276.0,66.91457920833003,18.37606837606738,397.75392942366057,30.0,7.0,-1483.7478610475932,-1.343524236485592,102.12392942366063,0.34544508143172425
2025-12-31,0.0,233.60000000000002,638,7,7,7,233.60000000000002,3400.0,231.0,3166.4,308.30839107020444,-0.10050168142800353,-0.10050168142800353,308.20788938877644,231.0,8.098076771755633,309.46253797386476,1.254648585088353,30.0,7.0,-2858.1921106112236,-0.9026629960242621,-232.34535141491168,-0.9946290728378068
2025-12-31,10.0,233.60000000000002,638,7,7,7,233.60000000000002,3400.0,231.0,3166.4,392.34005826639657,-517.3572593899112,-517.3572593899112,-125.01720112351461,231.0,113.71142446300405,800.9277002979147,925.9449014214292,30.0,7.0,-3291.4172011235146,-1.039482440981403,692.3449014214292,2.9638052286876246
2025-12-31,100.0,233.60000000000002,638,7,7,7,233.60000000000002,3400.0,231.0,3166.4,1477.0123422671102,2.792254026746832,2.792254026746832,1479.804596293857,231.0,237.35742554158855,2924.581695981226,1444.777099687369,30.0,7.0,-1686.595403706143,-0.5326539299223544,1211.1770996873688,5.1848334746890785
