Keyword,bert_0,bert_1,bert_2,bert_3,bert_4,bert_5,bert_6,bert_7,bert_8,bert_9,bert_10,bert_11,bert_12,bert_13,bert_14,bert_15,bert_16,bert_17,bert_18,bert_19,bert_20,bert_21,bert_22,bert_23,bert_24,bert_25,bert_26,bert_27,bert_28,bert_29,bert_30,bert_31,bert_32,bert_33,bert_34,bert_35,bert_36,bert_37,bert_38,bert_39,bert_40,bert_41,bert_42,bert_43,bert_44,bert_45,bert_46,bert_47,bert_48,bert_49
generative ai certificate course,-0.87808806,0.08202011,-0.07269953,-0.3143962,0.075089484,0.18882842,-0.0054920563,-0.0473268,0.110803865,-0.063575864,-0.027350955,-0.11228088,-0.014623555,-0.025860677,-0.015779572,0.006576234,-0.10790366,0.007754456,-0.008079657,0.07371159,-0.07600594,-0.0148897655,0.049449373,-0.032273468,-0.01780772,-0.02492135,-0.019823216,-0.031923678,0.017224887,0.01951585,-0.010799881,-0.018560452,-0.029068653,0.03165106,0.02592783,-0.022050256,0.026278272,0.0016856788,0.02750164,0.035304744,0.0036633853,-0.04132914,0.0025035136,0.022244424,-0.050733056,0.028226146,0.038583852,0.021407371,-0.007435076,0.0147165675
generative ai fundamentals course,-0.8536987,0.37054548,0.04697437,-0.007244504,-0.023862168,0.049436133,-0.085279524,0.12386855,0.016103351,-0.01261153,-0.04299196,-0.108778425,0.016352292,0.029826725,0.036984093,0.027777381,0.046094727,-0.01853321,0.034781378,0.026242893,0.0321449,0.07748277,-0.019476326,-0.039039485,-0.072206765,-0.08058503,0.043042302,0.06463565,-0.0033781198,0.060486145,-0.0033223992,-0.047585044,-0.03228316,0.011989889,0.006204195,0.031890735,0.041826006,0.09062692,-0.07771864,-0.0065430207,-0.020077506,-0.12521957,-0.08901991,-0.030882433,-0.030089837,-0.0058336877,0.070816465,-0.017875154,-0.037427213,-0.02639321
generative ai online course,-0.84263146,0.38819212,-0.21244818,-0.008872497,0.12256497,-0.13413566,0.14193887,-0.0990394,-0.018988714,-0.073367156,-0.041968457,0.006616989,-0.022543058,-0.0021305361,-0.07205665,0.04723354,-0.0069876737,0.025741015,0.0017700798,0.033016246,0.00065999967,0.021563722,-0.022261845,-0.035436712,0.01325893,0.004561412,0.049804118,-0.01057187,-0.017883826,-0.010811311,0.018110635,-0.028570104,0.017424349,0.024791127,-0.020771526,-0.010060393,-0.017385848,0.041459635,0.011365301,-0.025875242,-0.0046663107,-0.005676258,0.021743666,0.005972624,0.0090016825,0.0058337417,0.032359965,0.030959237,0.015377328,0.005494188
generative ai online program,-0.7219324,0.42723933,0.058270197,-0.0014486474,0.30546698,-0.32432878,0.08278666,-0.16029955,0.012471015,0.010179916,0.026210582,0.011966954,0.07504113,0.021224938,-0.0005740427,0.12827988,-0.010255418,0.021028703,-0.050952878,0.02171968,-0.049330045,-0.031569913,-0.02161235,-0.0029250826,0.052644935,0.0050826566,0.025934467,-0.010001712,-0.013646583,-0.056130227,0.0073656044,0.004984834,0.01690345,0.0006149126,-0.069532506,0.036050558,-0.03471383,-0.06403352,-0.008227953,0.0028213912,0.03500006,0.03331318,0.055409934,0.010404065,0.018983522,-0.015197538,0.021385977,0.00751552,-0.035453312,-0.06342569
generative ai certificate program,-0.76276165,0.047025397,0.16261508,-0.39063612,0.23786627,0.0626143,-0.08085326,-0.09686869,0.17476532,0.022348594,0.039432302,-0.1643511,0.06538077,-0.03637154,0.03388849,0.071530476,-0.15865692,-0.011941453,0.009584832,0.079836704,-0.13712396,-0.06796824,0.05628051,-0.013011377,0.06536443,-0.03452756,-0.055213735,-0.07498824,0.011487427,-0.0028838129,-0.019140702,-0.010266689,-0.033620074,0.028448481,0.011453057,0.007634149,0.025046963,-0.053485267,-0.0019283496,0.06600433,0.049786303,-0.03074892,0.01796001,0.03398418,-0.013777025,0.0060810996,0.01150956,-0.018301692,-0.0062893773,-0.01220999
generative ai foundations course,-0.8787392,0.32876837,-0.08062013,-0.055568054,-0.013342848,0.107672095,-0.026202237,0.024216937,0.05877853,-0.040150117,-0.060904074,-0.10664589,-0.031364877,0.048310887,0.08636239,-0.007604827,-0.028753197,0.048818056,0.034048893,-0.037590515,0.015897997,0.035817754,0.05830953,-0.054629836,-0.037217196,-0.0037983689,0.04042013,0.027146716,-0.036571443,-0.0042616776,-0.021804003,0.023992857,-0.0019588917,-0.007008903,-0.021221438,-0.08661809,-0.04298192,-0.0036821268,-0.09737127,0.031740442,-0.06739174,-0.033260416,-0.030629538,0.062082916,-0.012402217,-0.058070216,0.014120839,0.07361071,-0.005593163,0.07913912
mit generative ai certificate,-0.7301327,0.021218218,0.22000802,-0.5951247,-0.018331025,0.040024605,0.07718005,-3.920647e-05,0.029264392,-0.046151437,-0.049260527,-0.055931274,-0.000958146,-0.026602857,0.006822455,0.015350093,-0.07263902,-0.0050859493,0.0018145029,0.063927196,-0.047168877,0.0055565876,0.012196783,-0.060370553,0.03297011,-0.04442039,-0.08665966,-0.024769135,0.0047234637,0.028491678,-0.032843195,-0.031148035,0.009208982,-0.023329662,0.093557864,-0.010194012,0.036437824,0.0036285152,0.031012526,0.014712642,0.027922789,-0.029322753,0.016571773,-0.0042710425,-0.0058075804,0.039929394,-0.02409958,0.025720026,-0.0036412892,-0.011089461
generative ai certification online,-0.82491046,0.09214807,0.01635523,-0.34659675,0.3577175,0.030404108,0.052514654,-0.12432469,-0.0016192278,-0.058777813,-0.01864252,0.054475855,-0.074892014,0.036788523,-0.053122472,0.033134103,0.053191364,0.042393066,-0.013584238,-0.02459704,0.038473643,0.0156073235,-0.02659431,-0.017112546,0.05151265,-0.00071317743,0.0018435776,-0.03208812,-0.03859353,-0.0012570671,0.037770655,0.0040595196,0.045872536,0.029371746,-0.010025559,-0.020504808,0.0034053635,-0.02486192,-0.026911927,0.05793031,-0.01217861,-0.0050997613,0.022655537,-0.031142438,0.02488265,-0.02197773,-0.002327398,0.0026680753,0.006270807,0.010431825
online course generative ai,-0.78442425,0.35584044,-0.30367857,0.015267754,0.065327145,-0.1559841,0.1693611,-0.1863877,0.09615381,-0.06294642,-0.05642094,0.046646643,-0.06361056,-0.037947,-0.119817585,-0.0014619774,-0.050143924,0.025812607,-0.0053502163,0.030446945,-0.014958583,0.0020947172,0.028186956,-0.0029686627,0.02114338,0.0076547884,-0.012357598,-0.022033168,-0.031809065,-0.01412128,0.024177171,-0.014593985,0.00088182645,0.07434497,-0.028247217,0.01381456,-0.032687344,0.090565205,0.055319063,-0.051117126,-0.03748789,-0.021961873,-0.010461483,-0.027542984,-8.737404e-05,-0.01570537,-0.0044656573,0.008362867,0.042890996,-0.021350099
professional ai certificate,-0.72273946,-0.44633102,0.04885184,-0.2959004,0.15643913,0.14425497,0.13473386,-0.06742963,0.073990375,-0.015164226,-0.056743138,-0.08129108,0.10704929,-0.019496746,-0.06437789,0.037576996,-0.018430596,-0.11358069,0.030512486,0.10802199,-0.032166153,0.01549492,-0.026620746,-0.04454265,-0.1375173,0.055058718,0.1163976,0.0515591,0.08146665,-0.008340916,-0.023523785,0.026440771,0.061677467,0.0062399334,0.009183785,-0.019806257,0.023560882,0.003260758,0.05404725,-0.020534866,-0.012877577,0.00036607214,-0.004771003,-0.027023979,-0.008719885,0.030161077,-0.015501316,0.022472812,-0.021235632,0.018341493
mit professional development,-0.37538022,-0.2525494,0.06872394,-0.331641,-0.4753486,-0.058274157,0.10832121,-0.19235232,0.04384329,-0.22695626,0.20372601,0.041225247,-0.03340502,-0.00405816,0.1760052,0.10060816,0.15651555,-0.1287904,-0.073744245,0.059688408,-0.080338985,-0.06701471,-0.059729926,-0.075795665,-0.2817204,0.09094183,0.071457624,0.05544113,-0.047288932,-0.07164138,0.12770602,0.115353726,0.06588035,-0.005921535,-0.096833795,-0.099875815,-0.12300285,0.056647655,0.060588058,-0.0378807,0.006432771,-0.011086362,-0.043586034,-0.077122055,0.03949363,-0.023240723,-0.022066612,-0.002297939,0.014960912,-0.050040785
generative ai course,-0.89385045,0.40056634,-0.026819097,-0.026851378,-0.04426773,0.10295371,-0.041688267,0.009813045,0.06826508,0.03852418,-0.017735109,-0.012833766,0.015896095,-0.049043328,-0.038505048,-0.026087103,-0.01729571,0.055957507,-0.0061886115,0.0037903362,-0.023484021,0.011406742,-0.003650042,0.0188584,-0.020133492,-0.01879789,0.053549856,-0.004924215,0.027243251,-0.012926648,-0.002487386,0.0031853227,0.008778582,0.040482983,-0.010877721,-0.026392281,-0.012270954,0.01644185,0.009358913,-0.013790691,-0.002812547,0.0058890097,7.382296e-05,0.018267328,-0.007876239,-0.006670033,0.020064127,0.004962507,-0.0015957888,0.006929718
generative ai courses,-0.8830245,0.3832556,-0.099619284,-0.045816954,-0.010327749,0.16890034,-0.013655283,-0.015939461,-0.0022390024,-0.002257577,-0.004370145,0.049989767,0.01047354,-0.027436133,0.041323297,-0.016538063,-0.006127705,0.04093107,-0.053647187,-0.03400562,-0.014255004,-0.0030721077,0.056925006,0.03460699,-0.053520307,0.024338199,-0.034350578,-0.017409965,0.021481859,0.052652616,-0.022913331,0.009501436,-0.023938477,-0.034488883,-0.04081403,-0.010333475,0.02302992,-0.024674123,0.0048184125,-0.031381775,0.011474042,0.03246579,-0.0064433226,0.004068131,0.0015992873,-0.023300488,-0.013799715,-0.0035382854,0.0036601725,0.0062019033
online ai and ml courses,-0.79149777,-0.07619954,-0.3279015,0.13039978,0.12392062,-0.13972135,0.2679576,-0.08036223,-0.13169214,-0.068188645,-0.10668091,0.0669835,-0.08153688,-0.07583848,0.011718704,-0.06972528,0.05764564,-0.05822395,0.023018062,-0.039668407,0.036902145,-0.062231813,-0.0110527435,-0.0245279,0.022847466,0.01743407,-0.07085095,0.026338417,-0.0819026,0.077150926,-0.045696102,-0.05620865,-0.016997587,-0.03719619,-0.010759396,0.011991871,-0.0932423,-0.049423072,0.029804949,-0.06211083,-0.041515842,-0.04355997,-0.04493101,0.05103982,-0.014914354,-0.02759497,-0.04480869,0.07690362,-0.02252918,-0.010456209
mit ai course,-0.8076009,-0.15127608,-0.031130705,-0.15254216,-0.45874196,-0.11610105,0.1083166,0.022193626,-0.07387084,0.088457085,-0.0068396227,0.021285562,-0.005745841,-0.0995395,-0.041274656,-0.013542836,0.04678734,0.03174718,-0.024282193,0.005809456,-0.006237816,-0.02795574,-0.06203046,0.0046305247,0.06953043,-0.015397917,0.0035644749,0.0076858215,-0.05501398,0.03184229,-0.0267833,0.035166595,0.08768783,0.008569336,0.037188105,-0.012078542,-0.033225674,0.03409932,-0.033974156,-0.010472106,-0.012468402,0.004833904,-0.025884356,-0.025723834,0.049684286,0.02161915,0.016993562,-0.03328587,-0.0062233205,-0.023411063
stanford ai professional program,-0.79977375,-0.12088036,0.054807544,0.059285026,-0.059803966,-0.22729279,0.0060040564,-0.0059697353,0.23494901,0.14866413,-0.10334017,-0.15458424,0.0470272,0.1475341,0.13937394,0.03633905,0.08063432,-0.21360971,0.03402666,-0.019835927,0.09893481,-0.09921404,0.01974322,0.007624452,-0.051269505,-0.013650285,0.037400436,-0.0426669,0.019820608,-0.059000805,0.09090275,0.12128682,0.0033570156,0.004490889,-0.065770224,-0.0034322888,0.0016760643,-0.08347714,-0.013898156,0.014339697,-0.010506264,0.02209188,0.050481327,0.022700569,0.02975921,-0.042237878,0.015539071,-0.0072686714,-0.039197918,-0.02783674
mit xpro ai,-0.67598206,-0.17021516,0.19376601,-0.16019255,-0.31448793,-0.17645407,0.004187461,-0.08360307,-0.18391351,0.027110364,0.03898,-0.03159897,0.063380815,-0.06511065,-0.13507672,0.12053776,-0.011933105,0.12937059,0.34614703,0.09520848,0.12685513,-0.04367578,0.21497446,0.03076679,0.06498158,0.0696489,0.027416952,-0.025756957,0.019255372,0.00917262,-0.026918365,0.042867992,0.03275829,-0.04562319,-0.046137538,0.051974334,0.0051244595,-0.00975636,-0.02447994,-0.004123648,-0.010209127,-0.0024704742,-0.015221768,-0.019717598,0.000745681,-0.025768487,-0.007835014,-0.024053551,-0.0039831805,-0.022635998
mit artificial intelligence course,-0.83090436,-0.21184501,-0.15050258,-0.11202745,-0.33035472,-0.18532336,-0.05041544,0.131774,-0.07829399,-0.018933628,0.048729546,-0.021477073,-0.020959765,-0.01996285,0.10663749,-0.026434816,-0.043276414,0.09844232,-0.120272666,0.021385945,0.0051340177,0.028591476,-0.056610893,-0.019216718,0.026051523,-0.010646032,-0.01496502,-0.039971206,0.0062416177,-0.0020950965,-0.0052666953,-0.03730888,0.006268678,-0.039008565,0.024409648,-0.009104964,0.015659684,0.005875607,-0.025568103,-0.015692433,0.014793593,0.012128045,0.00760099,-0.017660655,0.010663558,0.054906387,0.035288468,0.0054508965,-0.01873821,-0.0031710216
professional certificate in ai,-0.6793656,-0.47414148,0.05537065,-0.31330046,0.15115209,0.16861066,0.14981574,-0.048649717,0.08125958,-0.07146662,-0.057181437,-0.06738382,0.11297938,-0.06188219,-0.050670788,0.028479781,-0.03632168,-0.13443373,0.045065198,0.11735214,-0.038952965,0.016777748,-0.016938666,-0.0020718942,-0.15875062,0.03498424,0.09626324,0.04898724,0.038209792,-0.0040917606,-0.024489466,0.04586534,0.057872232,0.017093806,0.010188209,-0.013340649,0.01530937,0.0010137368,0.073724754,-0.05381396,-0.01290131,-0.01949189,-0.0022666035,-0.03818775,-0.0041094045,0.046391185,-0.007719863,0.016287401,-0.005610956,0.016325152
generative ai course mit,-0.8494011,0.3499896,0.06572585,-0.20046572,-0.26859534,0.014975506,0.019577898,0.0058072736,0.00037276163,0.024169438,0.004547981,0.022062397,-0.036884457,-0.07997086,0.0022135666,-0.011355983,-0.002587163,0.089652225,-0.024190826,-0.010984151,-0.013654408,-0.019222097,0.0064144377,0.023405459,0.0015464677,-0.054936294,-0.046974607,-0.011193651,-0.012377671,-0.04002763,-0.02146906,0.026888493,0.01807351,0.045850895,0.05045836,-0.03224492,-0.015920488,0.003702919,0.032575928,-0.048744492,-0.0049494295,-0.02640733,-0.005850588,0.014415574,0.0028978707,0.024031065,-0.014566384,-0.008509463,0.0017156797,-0.003055732
prompt engineering course,-0.54610497,-0.049677517,-0.24414836,0.03477682,-0.32843968,0.18798967,-0.3368861,-0.42107603,0.09265144,-0.2672538,-0.014287202,-0.14446901,-0.0785291,0.08174704,-0.080202475,0.025221523,-0.021437168,0.06476736,0.06536403,-0.08158555,0.018662212,0.08204638,-0.16283198,0.05826931,0.04557384,0.07299091,-0.018399335,0.059361223,-0.0068608243,-0.029997637,0.027091885,-0.054512806,-0.0104458295,-0.047324896,-0.012104437,-0.05175844,0.006820305,-0.06329429,-0.034748234,0.020687006,0.014385939,-0.0052675367,0.05228949,0.014440014,-0.0074037095,0.008151179,-0.009898721,-0.010275168,-0.019359307,-0.015496512
mit xpro ai course,-0.7536249,-0.15292338,-0.066102035,-0.12371935,-0.34459418,-0.06409559,-0.041170202,-0.09629549,-0.17760977,-0.031104553,0.018853156,-0.07160007,0.010025288,-0.10744548,-0.094593845,0.08807922,-0.022964286,0.124265134,0.3077896,0.11189321,0.118831806,-0.071014784,0.16599245,0.01783099,0.07402439,0.047046818,0.041015796,-0.04257048,-0.008951915,0.029249761,-0.003440723,0.025335187,0.008867895,-0.028323866,-0.028576475,0.017890109,-0.02738967,0.0027853118,-0.020943968,-0.005805106,-0.013655402,0.0051448736,-0.02800364,-0.010327343,-0.005712038,-0.01833196,-0.0032799505,-0.017100131,-0.011204334,-0.025216457
online generative ai course,-0.8381102,0.39800584,-0.19505702,0.0067235813,0.11856877,-0.15092993,0.14677556,-0.07478383,-0.029368198,-0.07334275,-0.05011895,0.0057592723,-0.020809077,-0.003742467,-0.08535943,0.046816297,0.0049502314,0.01314203,-0.0039956537,0.024837686,0.006711202,0.01205167,-0.028880544,-0.053270157,0.015222791,-0.012415258,0.052792273,-0.009012117,-0.03082376,-0.0034580738,0.023043292,-0.035256494,0.019928718,0.024247155,-0.020289855,0.001734609,-0.0012989336,0.046810962,0.02333409,-0.030557532,-0.0012228456,-0.015497177,-0.00023163835,0.014178714,0.0072484096,0.024642255,0.025597725,0.023552889,0.016933162,0.00563659
artificial intelligence course,-0.86458623,-0.22411232,-0.2661288,0.09994747,-0.108180135,-0.06979403,-0.116700046,0.12211109,-0.002308895,-0.028107481,0.028648848,-0.054013878,0.0404343,-0.09517273,0.036664587,-0.070931904,-0.043519527,0.12114771,-0.07043023,0.032279707,-0.004376794,0.050444644,-0.055373296,0.06636603,0.0008589304,0.040583674,0.056853075,-0.044260822,0.062001728,-0.018227218,-0.018733414,-0.039513014,-0.0018549141,-0.031651046,0.012536152,-0.022008883,0.049730927,-0.023824863,-0.011708666,-0.00022198563,-0.0031949438,0.035428103,0.008842728,-0.0052569387,-0.011420023,0.004541086,0.03503305,0.015602756,-0.03023662,-0.021837557
mit generative ai course,-0.8643414,0.33096063,0.07329427,-0.19915836,-0.25714916,0.0025219857,0.03135543,0.052260067,-0.020203369,0.0110008065,-0.017440878,0.0042553158,-0.018669784,-0.054714598,0.015034045,-0.007363864,0.0095751155,0.07302214,-0.016877595,0.011770988,-0.0055055288,-0.01474745,-0.027302323,-0.014230156,-0.0033272146,-0.06051755,-0.039216425,-0.007502808,-0.027910614,-0.02081358,0.009517805,0.011931045,0.020387191,0.021503404,0.0461223,-0.026059756,-0.007975719,-0.011361022,0.031471282,-0.03813812,-0.002456499,-0.03645053,0.0003120224,0.009495907,-0.013789976,0.026016712,-0.025125135,-0.0020347275,-0.031529564,-0.0048507303
generative ai fundamentals,-0.73384607,0.4264511,0.29057664,-0.07249869,0.088219084,-0.021521572,-0.082185194,0.14813627,-0.012842385,0.031368945,-0.05572378,-0.02649423,0.062869795,0.05652454,0.036357842,0.03635608,0.09460401,-0.019441895,0.032067742,-0.0093860105,0.039718192,0.060765527,-0.03321149,0.025807915,-0.10293652,-0.050788384,-0.03650984,0.08615279,-0.039153278,0.09431249,-0.09041757,-0.038480714,-0.022352654,-0.03343445,0.015512833,0.078507744,0.10540906,0.054749966,-0.07642286,0.0071497397,0.0062573957,-0.13721158,-0.107725725,-0.067357965,-0.03419636,-0.02367162,0.06954996,-0.032315694,-0.023396583,-0.08683444
ai certification mit,-0.7755783,-0.41514844,0.08563829,-0.35361776,-0.10185869,0.034415398,0.09521969,-0.03406627,-0.037640244,0.066466935,0.0020284757,0.11664722,-0.07149854,0.03188227,0.030091107,0.017354403,0.08005387,0.012350348,-0.07991232,0.0072318413,0.049899265,0.051356714,-0.029904483,-0.047092903,0.06388457,-0.06322326,0.0010288806,0.0062894234,-0.080260105,0.014400151,0.028635973,0.024898345,-0.023459828,0.00416368,-0.015217064,-0.025811914,-0.035151083,0.03466536,-0.009004623,0.009675745,-0.004146855,0.023911547,-0.010460311,-0.014286456,0.009211583,0.0027820126,0.037422307,0.017050873,0.009261279,0.029778568
driving innovation with generative ai mit,-0.64427924,0.20686682,0.43994692,-0.12474527,-0.09224043,-0.016474392,0.0059731547,-0.08848511,-0.2879259,-0.08164176,-0.12893918,0.025592297,-0.08611849,0.23774593,0.107408635,-0.259628,0.05360845,0.030099388,-0.118158594,0.077189155,-0.1422202,-0.100858256,0.0066326004,0.04991263,-0.021365495,0.005615936,-0.008553335,0.0044736043,-0.021975622,-0.011236055,0.024955506,-0.030144665,0.018206123,0.026328422,0.010818092,0.01604735,0.036121264,0.00705766,-0.019681042,0.007198418,0.05309278,0.007286462,0.01789072,-0.013707312,0.0016736217,-0.016445722,-0.009772081,0.005522548,0.012041857,-0.012175732
generative ai course usa,-0.90099615,0.35042027,-0.009419624,-0.045751687,-0.047509663,0.051364895,-0.020050883,0.010825692,0.0666315,0.048508618,-0.027069928,-0.023250472,0.049774267,-0.026466949,-0.03242612,-0.07865899,-0.03993711,0.062162112,-0.02835648,-0.057514336,0.003632973,0.034303524,0.023177164,0.06005058,0.016865185,-0.013037785,0.0433439,-0.021420991,0.014095765,-0.031177454,-0.037840664,0.025962261,0.04689932,0.03277386,-0.00043845372,-0.032975055,-0.005677685,0.024394637,-0.06020868,0.0057209316,-0.04153365,-0.03417632,-0.013394706,0.006213902,0.025501724,0.030744692,-0.018013038,-0.024403863,0.014600813,0.062232792
artificial intelligence certification mit,-0.7596733,-0.42437595,0.052228108,-0.35136613,-0.034677416,-0.08569722,-0.090578094,0.05486114,0.037298445,-0.0042345887,0.09784634,0.10206737,-0.12343266,0.031784434,0.056651905,-0.0129525205,0.024914714,0.11435335,-0.12232448,-0.009210685,0.035785314,0.040797304,-0.019561784,-0.014380431,0.062713265,-0.064265154,0.0013139755,-0.029359197,-0.06014692,0.017086344,0.0035727387,-0.003403828,-0.022851449,-0.014879403,-0.02602295,-0.018713526,-0.00095941895,0.039328624,0.013142546,-0.017580293,0.018099023,0.035537943,-0.036093313,-0.022687668,0.010603718,0.0044017355,0.011944763,0.015648704,0.026510704,0.047538035
mit ai class,-0.789784,-0.11747521,0.0982949,-0.08756553,-0.3712335,-0.11979734,0.12176222,0.059101686,-0.03705142,0.18795785,-0.025417065,0.023268552,0.02129932,-0.13246381,-0.048442394,-0.045828328,0.09037733,-0.0075315274,0.015071553,0.0285064,0.010695417,0.04182939,-0.060799733,-0.03927959,-0.004599302,0.04924598,-0.17411138,0.03235575,-0.014634998,-0.21012387,-0.008418123,-0.06309082,-0.020489143,0.0045660767,-0.042407755,-0.010232892,0.06944104,-0.014113828,0.004413249,-0.034486167,-0.0048684487,-0.021372499,-0.01791054,-0.023669269,0.057525232,-0.023538403,0.010940936,0.012953682,0.0056961654,0.03973183
certification for artificial intelligence,-0.7054561,-0.49252114,0.010815423,-0.23784932,0.27537796,0.07426235,-0.18323167,0.101239905,0.058045577,0.0055833333,0.036495235,0.039206095,-0.1263582,-0.011695988,-0.054986924,-0.0064889207,0.051043883,0.121577755,-0.05218241,0.01609048,0.111548156,0.025267202,-0.011286782,0.033257138,0.022905177,-0.022812746,-0.013324963,-0.028471,-0.071316734,0.0072228075,-0.011060108,-0.020023435,0.034999758,0.009897887,-0.029813085,0.01720793,-0.016608095,-0.015054869,-0.0060587865,-0.036412854,-0.0048789196,0.010177569,-0.007343542,-0.049637824,0.0458962,0.018633984,-0.017146602,0.011405385,0.0079235425,-0.01090771
learn how to program ai,-0.7863076,-0.040185,0.11659597,0.28450695,0.109726794,-0.005556671,-0.14208356,-0.06842732,0.0501278,0.16142926,0.045744568,-0.078901924,0.08725844,-0.04401415,0.13533972,0.1399738,0.09947241,0.034968372,-0.040182978,0.15364304,-0.03149647,-0.06416175,-0.102893315,-0.040215563,0.08229584,-0.15779607,0.042085323,-0.044500932,-0.017065924,-0.056876063,-0.070920415,0.04030717,-0.0060246927,0.053553287,-0.020662373,0.122361995,-0.06990895,-0.030505259,0.014309475,-0.02347801,0.009640441,0.008882423,-0.05087836,0.10954097,0.01071297,-0.012898933,-0.016570708,-0.078288786,0.12199154,0.06176635
course on generative ai,-0.8570132,0.44188625,0.03641429,-0.05949594,0.006545614,0.06923048,-0.03887665,0.13878189,0.0027362683,-0.004171596,-0.010835059,-0.01169712,0.025600296,-0.056527022,-0.011281009,0.018396802,0.03665226,0.005107062,0.046885576,0.037863363,0.020607246,0.005499092,-0.074308455,0.018961737,0.004545082,0.052012503,0.03445227,0.0552231,-0.0053128037,0.032270502,0.0068107964,-0.029446462,0.038316067,0.04698957,-0.011214268,-0.048342172,-0.0067731435,-0.039032485,-0.009242424,-0.008802616,0.008768743,0.037727643,0.04415139,0.0005504312,-0.0159191,-0.0006268655,0.032739658,-0.01887997,0.042849228,-0.008579883
artificial intelligence training,-0.81565666,-0.16258286,-0.04160731,0.14779003,0.10033256,-0.11379872,-0.14809282,0.0038972904,0.13453104,0.110045776,0.07544175,0.18228628,-0.010296427,-0.11484309,0.075192474,-0.07967797,0.09223824,0.039161548,-0.022185655,0.10839128,0.030022293,0.04832012,-0.018291349,0.07387582,-0.12434433,-0.015592449,-0.076733164,-0.114768654,0.123848364,-0.0019021484,-0.1602201,0.051370397,0.029890183,-0.08406015,-0.029549489,0.07418357,-0.0043282104,0.07369276,-0.042350814,0.0066913962,-0.008855894,0.06735436,-0.01939801,0.01822442,-0.077366754,0.0338072,0.010018071,0.030726789,-0.012146059,0.017728869
driving innovation with ai mit xpro,-0.5995263,-0.123900585,0.3882183,0.032658648,-0.062496495,-0.03526095,-0.035004046,-0.17889117,-0.3679661,-0.031393003,-0.16484287,-0.077975586,-0.04402803,0.24175884,0.0064613936,-0.23657459,0.018588094,0.1147349,0.17468417,0.23162808,0.0148608135,-0.11379782,0.12912199,0.025636923,-0.013957232,0.06285468,0.022950614,-0.020319056,-0.007148186,0.005321888,0.017530745,-0.028247239,-0.02608078,0.0015494098,-0.037234098,0.035906393,0.0020461986,0.007896321,0.034342356,-0.05232505,0.017379444,0.04046722,0.00029682295,-0.007440823,-0.015832664,-0.013539945,0.02319819,0.024192743,0.010223277,0.05985043
generative ai online training,-0.70256615,0.43888402,-0.022881871,-0.06424818,0.2992965,-0.2515879,0.16377653,-0.18459211,-0.013530362,0.017091474,-0.027684825,0.17174421,-0.015180531,0.0012652812,-0.05978455,0.010188121,0.11084985,-0.016315978,0.022748739,0.025795711,-0.0023673477,-0.0064365217,-0.046488408,0.012615311,-0.034024715,-0.0066549857,-0.012646786,-0.046110447,0.07922628,-0.039959036,-0.1021899,0.0027429857,0.051489633,-0.071829066,-0.039685614,0.03245948,-0.03308308,0.01848591,-0.009866059,0.031402357,-0.01798911,0.040947836,0.019662468,0.009175335,-0.020030132,0.049483366,0.031484816,0.030136412,-0.0045208503,-0.050940342
ai for business,-0.6928409,-0.21450388,0.45694032,0.29689834,0.05832151,0.030243041,0.21471412,0.035115756,-0.016112411,-0.028176375,0.020988183,-0.04307596,-0.055772856,-0.1509977,-0.11392002,-0.018752286,0.022261938,-0.09911012,-0.014099747,-0.0079191215,-0.07077201,0.028495934,-0.0929061,0.09069681,0.0551051,0.047082473,0.061850525,-0.10469197,-0.040657956,0.017003207,-0.078217246,0.020736154,-0.05312251,-0.032820232,-0.0031630509,-0.022193585,-0.033487022,-0.055447605,-0.03357925,-0.0063289907,-0.018450473,-0.03182081,-0.009243273,-0.086207576,-0.028024575,-0.011812552,0.02002329,0.0053375824,0.0059524532,0.031029165
designing and building ai products and services,-0.5957496,-0.15348779,0.43840006,0.24827866,0.17559952,-0.011719213,0.040090926,-0.110153355,-0.17893915,0.09569945,-0.046401843,-0.28135172,-0.2599052,-0.106027305,0.055677976,0.14202395,-0.020127775,0.014645748,-0.1544255,-0.13226107,0.02108058,0.07586317,0.035775095,0.0026131324,-0.103356235,-0.020301959,-0.009560931,0.09621691,0.0824905,-0.013366959,-0.056839235,-0.015309993,0.04303667,0.019044308,0.060162056,-0.02391244,-0.06189583,0.007315684,0.021613281,-0.0008197407,-0.051211193,0.011161162,0.027190758,0.03716549,0.004654691,-0.039860867,-0.021692693,-0.008680335,0.015096407,0.008455641
courses about ai,-0.8851171,-0.12384692,-0.22107194,0.2145009,-0.04014,0.14270791,0.041794084,0.10957705,-0.12847522,0.047149505,-0.0584436,-0.014901102,0.03275134,-0.04430933,0.024292424,0.053439073,0.05269341,-0.038638104,-0.04604624,0.07422751,0.06492516,0.039486714,-0.0047079115,-0.058767654,-0.022111937,-0.009266881,-0.020595534,0.03650614,-0.039147865,0.08502393,0.001128612,-0.0067613376,-0.026481314,-0.01612596,-0.0372646,-0.003571276,0.040519204,-0.03663355,0.007915304,-0.0011176382,-0.016932538,-0.0051426324,0.025107907,0.027416777,-0.0070793736,0.011462881,0.004283718,-0.010847117,0.029926496,0.034031346
best generative ai courses,-0.86803836,0.35363737,-0.117464215,-0.05060175,0.019650111,0.19739845,-0.01843167,0.04616964,-0.086871676,-0.013446808,0.040026937,0.074873015,-0.008847915,0.08395155,0.00022785006,0.0721363,-0.041598994,-0.056669656,-0.01345349,-0.0732574,-0.050054695,-0.047695037,0.06934369,0.02395613,-0.006511057,0.0039647776,-0.032350708,-0.010251539,0.032556906,0.0037810109,-0.011241309,0.040948246,-0.024204608,-0.009853902,-0.03254844,-0.020697102,0.015336881,-0.02164969,0.00087784935,-0.025525382,0.044834603,0.051444218,-0.0064447946,-0.0077293664,-0.0039157253,-0.017572543,6.718791e-05,0.011945037,-0.039134607,0.031302672
generative ai workshop online,-0.7274402,0.49556336,0.09005407,-0.065297805,0.20430486,-0.1544813,-0.0011678833,-0.10940496,-0.0020208627,0.06754358,0.0805943,0.034517612,-0.009829312,0.05106046,-0.013070356,0.06246997,0.03277573,-0.002474577,-0.050600775,0.0077724126,-0.00580345,0.14476642,0.054671586,-0.11969174,0.01714595,0.10315961,0.11452628,-0.029264849,-0.054165874,-0.048631277,0.0794392,0.096538365,0.07938353,-0.09741349,0.043938525,0.042733107,0.08249156,0.0010253774,-0.010540427,-0.034547973,0.0001430228,0.0028806499,0.008338061,-0.0034148935,-0.018024014,-0.0060716197,0.0070953905,-0.0074249166,-0.0067074997,-0.0127684
learn generative ai tools,-0.7299446,0.48872778,0.18481365,-0.086447515,0.11175253,0.049757306,-0.10959917,-0.041516848,0.017696196,0.0057335584,0.060788073,0.057900537,0.013954511,0.036891147,0.08499659,0.09965642,0.1296582,-0.03160204,-0.03150243,-0.01925152,-0.05953499,-0.045500264,0.0313244,-0.096343905,0.030115407,-0.03474614,0.05413549,0.0008947412,0.0074231117,0.089449726,-0.041762672,0.021887053,0.016996015,-0.04725052,-0.007883558,0.119757436,0.1362916,0.10599127,-0.017216155,-0.00734697,0.052802455,0.019838765,-0.089841135,0.018939784,0.02544885,-0.11345094,-0.048392124,-0.03392787,0.07613706,0.0031057931
artificial intelligence certification,-0.7444792,-0.48030823,-0.0069805803,-0.20412967,0.2383555,0.03924716,-0.17288543,0.07742886,0.09426024,0.022159595,0.054612465,0.0524311,-0.075999685,-0.046359107,-0.040372573,-0.049447052,0.05566435,0.15009606,-0.060836103,0.009207793,0.06670658,0.05279343,-0.028054662,0.062043384,0.031126305,-0.009273103,0.02542333,-0.022319078,-0.031631794,0.007916389,-0.013342639,-0.008640481,-0.00046411343,-0.009674258,-0.044172212,0.0011734172,0.0041302633,0.0022928473,0.014942767,-0.0059308223,0.017503485,0.029801877,-0.02700634,-0.03941932,0.013489444,-0.013926857,-0.0015628114,0.017329227,0.020550612,0.016837146
ai class,-0.7911871,-0.0571673,0.056925777,0.16961193,-0.06416632,0.016175404,0.03378666,0.010454385,0.021783732,0.2881009,-0.01771271,0.003865096,0.12701258,-0.17448297,-0.1528567,-0.09635538,0.04572086,-0.025748147,0.046141315,0.040501907,-0.0038554256,0.06955208,-0.061902586,0.0015489367,-0.06514236,0.109770924,-0.118267715,0.059470322,0.05216663,-0.24442787,-0.011411369,-0.1134316,-0.10212835,0.010730296,-0.07239964,-0.024490107,0.13569152,-0.023422683,-0.00588626,-0.0052406564,0.013486155,-0.013809733,-0.020953977,0.0068988493,0.04949074,-0.0641314,0.000811994,0.0123999715,0.03451981,0.03765288
ai certification courses,-0.83961314,-0.35384378,-0.20237587,-0.085509874,0.08701666,0.25187793,0.056793083,-0.043659706,-0.051655926,0.06365051,-0.02579525,0.042262726,-0.04503661,-0.028197508,0.030940225,0.0025393772,0.025890972,0.030673653,-0.06806563,0.01636504,0.06328205,0.007314257,0.03532062,-0.036871783,0.003345274,-0.015001034,-0.0111643,0.0009820105,-0.026375204,0.05474094,0.041271187,0.01976682,-0.0680846,-0.028903898,-0.033297233,-0.016378941,0.022655366,-0.026113562,0.010570212,0.029279327,-0.027765315,-0.0012852662,-0.024387144,0.013451364,-0.027249178,0.0027968364,-0.008473971,-0.02164636,-0.0030587662,-0.035866458
artificial intelligence master online,-0.7776608,-0.08777261,-0.08223401,0.0010732355,0.19020915,-0.41008213,0.1400345,0.010078579,-0.053790573,-0.1791156,0.116715714,0.10448511,0.011137709,0.018327381,-0.10918375,-0.015476753,0.009862429,0.041905656,0.059128426,0.034931708,0.058714297,-0.028514551,-0.0538508,0.026991261,-0.07165887,-0.05872331,0.07534669,0.12376122,-0.0066534174,-0.0027842987,0.08216845,0.014408724,-0.014506257,0.011033211,0.09394553,-0.0043856106,0.039179906,-0.010012998,0.007154021,0.07318532,0.025467435,0.018036067,-0.019341184,0.09370505,-0.026590459,-0.048917677,0.005844003,-0.026347842,-0.035216358,0.046017308
best course on artificial intelligence,-0.84062123,-0.16553758,-0.24947974,0.14640968,-0.04602853,-0.013309673,-0.1590326,0.3071864,-0.12237257,-0.032974795,0.06265612,-0.03822456,-0.023909949,0.032930005,-0.042029995,0.048720352,-0.077742845,8.5243155e-05,0.019069297,0.05465253,0.003608084,-0.022829555,-0.042563893,0.0518927,-0.005368144,-0.0005109693,-0.040172238,-0.017297195,0.023094004,-0.034475755,0.009363851,-0.016816538,0.0561925,0.013350776,0.048825234,-0.03121458,-0.025147714,0.04228174,0.0041128723,-0.005058811,0.049068145,0.019107703,-0.004608038,-0.025473665,0.009468244,-0.0060969517,0.016481057,0.00031873814,0.023456967,0.032633726
artificial intelligence for engineers,-0.63731486,-0.14448194,0.2276763,0.18329306,-0.101234645,-0.14209415,-0.48394322,-0.045667868,0.13180916,-0.16446471,-0.19740584,0.19545226,0.054631278,-0.015697615,-0.18402737,0.07031251,-0.029242568,-0.047334567,-0.12236995,-0.021776613,-0.04546321,-0.015830664,0.114240125,-0.048556753,-0.043417588,0.05593966,-0.026388817,-0.02907163,-0.028074024,0.05661882,0.013862086,-0.014120626,-0.011382319,0.0057695736,0.03169416,-0.017930506,-0.04509414,-0.009599099,-1.3742099e-05,-0.029172828,-0.022098199,0.00533575,-0.05716808,-0.0022951907,-0.0040614298,0.031139186,0.0050431555,-0.006750582,-0.004021508,0.024930513
course on machine learning and artificial intelligence,-0.776895,-0.18436658,-0.2583327,0.057548538,0.04224929,-0.08537521,-0.13835263,0.22766075,-0.08692651,-0.070691004,-0.03512634,0.0025094864,-0.07721662,-0.16166675,0.1589033,-0.06804228,-0.0021092445,0.009070844,0.1258962,-0.0253827,0.039517116,-0.027955309,-0.10425441,-0.026145836,-0.012774571,0.18298364,-0.046078835,-0.027626967,0.0022059872,0.0482958,0.06411126,-0.06953354,0.10739426,0.017875085,0.13367857,0.04049283,0.024946671,0.015515553,-0.057481922,-0.052405704,-0.04238539,-0.074444115,0.09768109,0.039663672,-0.0027859977,-0.022929074,0.013407521,-0.011224684,0.024973106,-0.009716137
ai learning course,-0.89900035,-0.11947497,-0.2101085,0.20388095,-0.05439725,0.103296414,0.038204297,-0.0654415,-0.0042313705,0.09986323,-0.0576524,0.013777337,0.04930786,-0.11647158,0.03927046,-0.0143489875,0.039597545,-0.0025584802,-0.048025608,0.09051693,-0.018768944,-0.019887827,-0.04356385,-0.051002584,0.03872377,-0.034687366,0.008447294,-0.075545095,0.02423746,-0.017871793,-0.032038864,0.04352424,0.02830565,0.043384418,0.021471368,-0.002571668,-0.024071062,0.044819962,-0.043022376,-0.0120443525,0.004183711,0.022543527,-0.021882502,0.029806947,0.021725098,-0.009996268,-0.021754947,0.008088947,0.028229114,-0.0049759448
best ai learning course,-0.86640245,-0.11332739,-0.26276976,0.17902046,-0.028958295,0.13291991,0.01709988,0.019830836,-0.11330287,0.12718743,0.02777286,0.07572783,-0.0002142209,0.063214265,-0.046131458,0.059839427,-0.037998017,-0.09383312,0.020247968,0.010925266,-0.06345585,-0.08124007,0.009434997,-0.03745383,0.054307166,-0.03806206,-0.011064721,-0.06830959,0.05945962,-0.06474683,-0.016608238,0.06703254,0.042450316,0.075072475,0.04398359,-0.012275434,-0.058147255,0.050076958,-0.0594287,0.014976654,0.029191473,0.023458177,-0.033226095,0.01669478,-0.010365232,-0.022796707,-0.045119524,-0.0075796447,-0.037879452,-0.017386975
artificial intelligence online program,-0.67868716,-0.115257226,-0.070127994,0.15985428,0.27621323,-0.55836624,0.055978395,-0.063368164,0.09205027,-0.046510544,0.08761425,-0.11268582,0.048280947,-0.074196614,-0.031539302,0.04565656,-0.03937585,0.07114777,-0.050844558,0.0316533,-0.052818105,0.006613065,-0.012293679,0.02895236,0.043815516,0.06845631,-0.038971473,-0.013425409,-0.0030159086,-0.017820938,-0.019227449,-0.014708428,-0.015988184,0.048773274,-0.03856418,0.025277793,-0.060724683,-0.09759737,0.010375165,0.00010635278,0.097428694,0.03144591,0.055117294,-0.025805896,0.021572331,0.030598216,0.02197364,0.0136358375,-0.019301487,0.023175273
top artificial intelligence certification,-0.72104466,-0.43471488,0.012511788,-0.19151118,0.23538172,0.055602614,-0.1301192,0.17031266,0.024571083,0.03629692,0.13506423,0.10007277,-0.10656178,0.15485917,-0.09089573,-0.00525178,0.025236167,0.16359363,-0.016974732,-0.11050643,0.06643088,-0.042770386,0.06738493,0.05054902,0.060007766,0.0013430265,0.03017135,0.005233223,0.0036578728,-0.03976133,-0.008922531,-0.019854268,0.0038590103,0.030029155,-0.009784787,-0.00047462797,-0.014538379,-0.030522596,-0.040225063,0.045838933,0.03108584,-0.00079801294,-0.017110003,-0.0060034906,0.037792508,0.0041387123,-0.06942314,-0.039210215,-0.034849297,-0.0035398034
graduate certificate artificial intelligence,-0.7690304,-0.39503664,-0.012712427,-0.23939629,0.0510565,-0.093980685,-0.07238424,0.119792506,0.14479391,-0.1585604,0.024538811,-0.091891795,0.12658286,-0.023493152,0.042313214,0.01936164,-0.13956258,0.005142829,-0.00024835547,0.00255956,-0.13374837,0.0028278786,0.07065613,0.06649345,-0.04854555,0.0057852506,-0.036098674,0.0810164,0.030715708,0.008822122,-0.031838384,6.5548784e-06,-0.08109946,-0.012974305,-0.028060157,0.00939022,-0.019885942,0.07460685,-0.05241459,-0.070597686,0.05625447,-0.04496181,0.044770397,-0.0302592,0.008855464,0.0006518965,-0.0023142688,-0.028157193,0.02602652,0.007509617
ai for engineers,-0.7528043,-0.14657007,0.27407476,0.21605717,-0.080901854,-0.040644668,-0.2845002,-0.0905567,0.021058388,-0.06695112,-0.2536074,0.17688699,0.11920011,0.0041495124,-0.16723804,0.062491868,0.03486208,-0.09737272,-0.0353743,-0.0023797317,-0.006172803,0.013801194,0.032591973,-0.045026958,0.009463644,0.02199219,0.04395264,0.008603168,-0.05530868,0.029045172,0.029873919,0.0061281244,-0.023670109,0.056015052,0.019151643,-0.010467923,-0.0045910547,-0.043730818,-0.017497739,0.005515903,-0.083863564,-0.0039748154,0.022436809,-0.042501297,-0.035694085,0.04128008,0.047917884,-0.040308718,-0.017429018,0.018609848
python and ai course,-0.7990784,-0.13355674,-0.14387853,0.20995544,-0.018741155,-0.016642157,-0.13003191,0.025231477,0.038704667,0.13662092,-0.019642496,-0.09048847,0.072722234,-0.07326565,-0.069801785,0.027823325,0.042571057,0.00051933475,-0.047782212,0.06084068,-0.07970456,-0.13190682,-0.10537896,-0.004359649,0.038665447,-0.10508618,0.13817948,0.03750481,-0.090257645,0.1401909,0.041993495,-0.025055885,-0.046483237,0.14113754,-0.029132243,0.011284718,0.079554915,0.057933006,-0.023709027,-0.14142178,0.014659429,0.05801179,0.025088621,-0.012651091,0.024619116,-0.1072873,-0.11610204,0.08675605,-0.13373767,-0.03248778
best introduction to artificial intelligence,-0.6977674,-0.035193793,0.019029383,0.21985544,0.01986382,-0.07804175,-0.26936603,0.36542913,-0.13081127,-0.017171457,0.108006045,-0.17088209,-0.049464498,0.1027456,-0.009156407,0.061044253,-0.0039047496,-0.07260121,0.114526756,0.19468027,-0.049488164,0.13546227,-0.050962057,-0.11319206,-0.05898125,0.046492197,-0.06245721,0.0034598766,-0.07110751,0.0056654015,-0.018172288,-0.02056441,-0.13253635,0.04633523,-0.022399323,-0.048664298,-0.11319604,0.04305487,0.0047802753,0.087579265,-0.0011743807,0.010067108,-0.06748702,0.08491555,-0.013162824,0.024343388,-0.073039025,0.031536024,0.028315216,-0.05387075
artificial intelligence for engineering,-0.5839045,-0.1163422,0.26483557,0.15301056,-0.0806531,-0.16006957,-0.48710155,-0.07358376,0.098726146,-0.14723565,-0.23554406,0.19675227,0.035757773,-0.0549617,-0.1764282,0.07016983,-0.096330695,-0.032896247,-0.16000427,-0.023537412,-0.059532605,-0.031370237,0.11125827,-0.053316407,-0.03253238,0.028463073,-0.116622515,-0.021893678,-0.014192746,0.039852,-0.005130783,-0.056830652,0.026968736,-0.055996682,0.03934133,-0.060599964,-0.04680313,-0.00029377858,0.012859011,-0.0007225093,0.065201975,-0.018600045,-0.05231085,0.04249614,0.03521695,-0.040905476,-0.04593275,0.08868131,0.019093504,-0.010018994
artificial intelligence master's degree online,-0.68177927,-0.22757673,-0.23182486,-0.10662306,0.17241757,-0.3810645,0.19471928,-0.008698318,-0.085491315,-0.3150909,0.0063034617,0.021576744,0.08673621,-0.022154659,-0.0032124373,-0.02453246,-0.028318213,0.029287964,0.034069218,-0.017053032,0.0024832636,0.00779754,-0.053125385,0.11554536,-0.0714491,-0.09031419,0.028736705,0.0995987,-0.029434742,0.006568371,0.050318304,0.018067341,-0.09167217,0.004927924,0.071551636,-0.012064584,-0.007091669,0.038783386,-0.073556565,0.097458705,-0.0029656817,-0.010401594,-0.038378607,0.054440208,-0.055003908,-0.017814739,-0.034099575,-0.051794033,-0.0029814122,0.024272578
ai related certifications,-0.7725632,-0.46614876,0.040037017,-0.17266081,0.23432614,0.19304311,0.062470976,-0.030201552,-0.0064402726,0.053031754,-0.04799033,-0.0077315704,-0.059493486,-0.028542697,-0.072636046,-0.011424969,0.07738963,0.01341134,-0.021985106,0.018989604,0.077181116,0.07913574,-0.0018751018,0.019157605,-0.0013103632,-0.007146935,-0.031022675,-0.0037531715,-0.05022092,0.0636219,0.044275433,0.059936807,-0.01637459,0.02943041,-0.009356827,-0.03506056,-0.00923436,0.023839997,0.024691407,0.014742487,-0.056910906,-0.0044753435,0.012716208,0.011854159,-0.031720247,0.0084139,0.031876285,0.009830166,0.0057290564,0.00021314908
course in generative ai,-0.8641485,0.4024114,0.026772609,-0.06302364,-0.023470925,0.112353705,-0.025263928,0.11951909,0.040055245,0.012181943,-0.032485798,0.009293192,0.03807627,-0.114091866,-0.027003177,-0.060145058,0.027333235,0.025941618,0.045841474,0.011819234,0.0049353787,-0.02997659,-0.07257143,0.07042802,-0.039361976,0.003823535,0.006457639,0.037830364,-0.013121304,0.05391099,-0.013579546,-0.019998679,0.06283275,0.03413782,0.0146879265,-0.024982372,-0.020013323,-0.041056287,0.016540749,0.0029637113,0.005966946,0.015513407,0.038944766,-0.0054906835,-0.0026600729,0.008837859,0.012032231,-0.04159118,0.030402986,-0.047737926
courses in generative ai,-0.86263025,0.3980305,-0.06416782,-0.06553223,-0.0009030377,0.17883533,-0.020802109,0.10551282,-0.046441417,-0.06552175,-0.009432659,0.023840312,0.022969294,-0.057062548,0.057307117,0.002511927,0.02383113,0.0057771825,-0.019821128,-0.012870898,0.016935693,-0.0047358875,0.021278363,0.028827913,-0.051332932,0.033945393,-0.04960184,0.034285862,-0.008420751,0.08159485,0.00019097076,-0.01680775,0.00783676,-0.021168016,-0.045246366,-0.026885066,0.023764856,-0.06933605,0.009987258,-0.011777499,0.0063942545,0.046306416,0.04406068,0.010562289,-0.0052265087,-0.0035672993,-0.0018928486,-0.024406644,0.017141622,-0.007074834
ai for engineering,-0.7454173,-0.1620915,0.282963,0.17747718,-0.09493806,-0.041821733,-0.29763147,-0.120955154,-0.0078043113,-0.09241976,-0.2852132,0.1652958,0.096703194,-0.022942333,-0.15044159,0.064025536,-0.0017286299,-0.11834206,-0.044259086,-0.03959491,0.020307321,0.016766107,0.02884776,-0.020229882,0.018583024,0.011091465,-0.02695102,0.01529263,-0.07657948,0.012716079,0.008988845,-0.00950024,-0.0033133193,0.036352392,0.015487537,-0.04338429,0.007197271,-0.042645216,-0.016159076,0.026236499,-0.040184315,-0.031161709,0.026839504,-0.024573067,-0.0192233,-0.014246274,0.0146056535,0.022259621,0.008323948,-0.004976148
ai generated courses,-0.8957166,-0.029571496,-0.1582546,0.13238403,-0.03041096,0.15507491,0.04812877,-0.15624312,-0.013911219,0.08673331,-0.013157176,-0.022721523,0.07097102,-0.08574455,0.03207419,-0.079427555,-0.07756199,0.042011864,-0.12940925,-0.011571709,0.011753178,-0.013611108,0.046253804,-0.008543849,-0.04152584,0.046309005,-0.099047825,0.020028451,-0.024680205,0.04052851,0.0007453694,0.052729316,-0.09355373,-0.03374752,0.013417301,0.063568935,-0.0064649414,-0.0019059645,0.075540125,0.012447639,0.005429545,0.022359854,-0.022556586,-0.03489601,-0.0001299618,0.007620372,-0.050900187,-0.05138683,0.021433992,0.0089113
online artificial intelligence degree,-0.67042774,-0.2626896,-0.27507028,-0.05416559,0.1942895,-0.40403044,0.17319742,0.01974721,-0.0685665,-0.28326145,-0.052012753,0.0048747687,0.12229099,-0.043216024,-0.013527276,-0.0047672703,0.03594371,0.055188347,-0.034562007,-0.016677525,-0.028899292,-0.045036454,-0.019488407,0.14300558,-0.048969474,-0.030365298,0.026524248,0.099872835,-0.010457198,-0.023575952,-0.024895713,-0.033009253,-0.069617555,-0.017297462,-0.019370412,-0.018021783,0.025265018,-0.011832461,-0.0683683,0.015615445,0.024632588,0.0049361037,-0.032619607,-0.006349841,-0.048605394,-0.0051735924,-0.01429423,-0.07140014,0.002177184,-0.00018426374
machine learning engineer training,-0.58308583,-0.093263455,0.011642754,0.057942364,0.020259723,0.033678662,-0.43465874,-0.22528079,0.10355057,-0.09001175,-0.0586574,0.3342359,-0.12681599,-0.18018033,0.22528479,-0.07828742,0.13987426,-0.19992103,0.19385499,-0.07210792,0.041855015,-0.123921305,-0.034407575,-0.043454222,-0.043675438,0.028948901,0.02521232,-0.012096647,0.13949692,-0.02817287,0.0040522525,-0.014171536,0.0075283283,-0.0054567754,0.012507963,0.082687825,-0.03640756,0.016795577,-0.0688749,0.03253881,0.0029650885,0.0056071654,-0.014237037,0.03818453,-0.03681913,0.023860745,0.021034067,0.0025929972,-0.024722181,0.038980912
best ai certification,-0.7603255,-0.372833,0.0050790077,-0.17651536,0.21917742,0.19290933,0.0065324507,0.02954628,-0.07140387,0.17739625,0.04542859,0.12726022,-0.08051445,0.18240906,-0.17757586,0.046502218,0.011266023,-0.053192522,0.033653677,-0.041199233,0.015648618,-0.027733175,0.011465709,0.020146677,0.053951,-0.03361653,0.035853736,0.032797907,0.0012986787,-0.06715828,0.028516486,0.04036145,-0.0034738537,0.057078112,-0.0013877796,-0.0057199397,-0.057148308,0.011661824,-0.022906065,0.055885594,0.011895214,0.015697425,-0.007547216,-0.0078384075,-0.024196053,-0.0024916423,0.016230524,-0.0149571365,-0.06755073,-0.0086206505
ai courses near me,-0.85135037,-0.17818913,-0.20798557,0.15567933,-0.07038731,0.11572138,0.11995748,-0.09985765,-0.13425572,0.073316485,-0.041284222,-0.007973369,0.055424593,-0.048570495,0.006534631,-0.05341645,0.032737896,0.0035315058,-0.047563978,-0.032711316,-0.073297426,0.0865797,0.08012904,0.080138005,-0.020696325,0.049057864,0.07200349,-0.001316138,0.013769109,0.08857299,-0.04210666,0.08387292,0.00361544,-0.0078049875,0.052992906,0.020591443,0.028467322,-0.07584522,0.046413362,0.041648492,-0.09345249,-0.0026588282,0.030281818,0.104023814,0.07493887,0.025726559,0.05590262,-0.032525618,-0.0023527578,0.0077970703
what to study to become artificial intelligence engineer,-0.62541795,-0.31929162,-0.021442864,0.07746553,-0.021908874,0.0544581,-0.3457022,0.11932799,-0.16888487,-0.34328148,-0.1263828,0.10160243,0.09731309,-0.0375011,0.11614939,0.07524284,0.022708515,-0.01712957,-0.079042494,0.087676525,0.023286955,0.0009894986,0.014169388,0.05640171,0.052306324,-0.16205762,0.14054239,0.017309181,0.07611394,-0.1491447,-0.120287985,0.0057945126,-0.053539846,-0.052245848,-0.094987966,0.03307322,0.016782071,-0.018366808,0.108880274,-0.051015005,-0.06376867,0.030811837,0.07898894,0.015725892,0.009077387,0.009489596,-0.023790246,-0.034855884,0.0016982923,-0.077806264
best course on generative ai,-0.8479168,0.42417207,-0.0037301013,-0.033945445,0.009073572,0.1181239,-0.06662005,0.17245978,-0.06479441,-0.03686905,0.029315142,-0.013019196,-0.008096572,0.026287382,-0.013957091,0.082017966,-0.013038714,-0.079858795,0.082479775,0.02817801,-0.0030348492,0.013368093,-0.049160276,0.0048065623,0.017850444,0.03785432,-0.014760821,0.042647455,0.0039128857,-0.015374452,0.02030794,0.014381433,0.030985266,0.06509451,0.0073745498,-0.04683644,-0.030011564,0.0017789018,-0.009827746,0.02050662,0.0075432598,0.045121524,0.03214238,-0.004644233,-0.0001534962,-0.001236764,0.04060944,-0.0015258156,0.020308347,0.044242658
generative ai courses online,-0.85356414,0.36127612,-0.24971779,-0.024042143,0.123794004,-0.045281883,0.12864743,-0.123456195,-0.06576537,-0.07944385,-0.024978159,0.044732388,-0.001516047,0.0094910655,-0.0064413254,0.03789965,0.0014711741,0.030024195,-0.050391674,-0.0075952336,-0.00021127268,0.0050496473,0.020414948,-0.045853432,-0.012124778,0.026439445,-0.005158229,-0.039013732,-0.0087973,0.023044413,-0.0017024637,-0.007908128,0.010265518,-0.026270237,-0.007899884,0.01077638,0.02621338,0.011864574,0.006228186,-0.035828106,-0.0055470457,0.0011816726,0.01368006,-0.014645628,0.023769565,-0.0023320897,-0.005260897,0.011386844,0.020572841,0.012204624
generative ai stanford course,-0.8405069,0.4310243,-0.0019488126,-0.050856136,-0.07853855,-0.020669559,-0.065227345,0.06854124,0.15445091,0.03920243,-0.11569561,-0.090944424,-0.05970996,0.0699686,0.043449383,-0.04540408,0.00958593,-0.036335915,-0.0043817647,-0.06253002,0.0873646,-0.035499543,0.024661534,0.031666394,-0.015399089,-0.02806604,0.008294107,-0.04078478,0.04363446,-0.028089581,0.014658082,0.0448756,-0.05200956,0.012118618,0.010334751,-0.02634058,0.0049226973,0.016084548,0.022622366,-0.018448737,-0.016658267,0.016337713,-0.0047562355,0.023177046,0.0010380894,-0.0027270312,0.017681718,-0.0035756696,0.01947926,-0.006365517
best courses on artificial intelligence,-0.8062095,-0.18188469,-0.30215922,0.14283971,0.0047248155,0.01861808,-0.14040849,0.31721336,-0.1966096,-0.06168767,0.049872752,-0.012554571,-0.026983224,0.072628595,0.014652891,0.09161167,-0.050546605,-0.0058912514,-0.029847903,0.017317351,0.0041334857,-0.022855502,0.02747266,0.0004780496,-0.041484125,0.015498023,-0.06922988,-0.027517479,0.016647344,0.019085271,-0.0037118131,-0.018135851,-0.0037805496,-0.058483876,0.011465501,-0.02026224,0.03256536,0.0022334808,0.03339369,-0.014764662,0.04905231,0.016203757,0.0060980604,-0.022511508,-0.016259396,-0.017577259,0.01019994,-0.0049596704,0.015349165,0.026859
ai short course,-0.7658519,-0.03578426,-0.006297678,0.17104588,-0.079455286,-0.015981467,0.034622114,0.020671291,0.042811144,0.25066468,-0.048034072,-0.011565444,0.0883488,-0.13721971,-0.22234203,-0.09785542,0.07604674,0.022872437,0.064141326,-0.022593949,-0.04842802,-0.04019291,-0.12859523,-0.016908055,0.011715671,0.018019324,0.1608963,0.1001234,-0.009799832,0.111198,-0.09183501,-0.044163078,0.059696782,-0.12823978,0.036338855,-0.043969456,-0.10656027,-0.008078015,0.14977567,0.08790807,0.15250885,0.009552449,-0.079396,0.08758474,0.08340636,-0.027035067,0.14378761,0.01719047,-0.013645195,4.544739e-05
best place to study artificial intelligence,-0.67995906,-0.28593576,-0.22261421,0.08898192,-0.010487801,-0.07010905,-0.116840184,0.24603672,-0.21764167,-0.116287574,0.021479473,0.011815984,0.04636282,0.099361844,0.02276682,0.12842217,-0.0139677515,-0.06382252,-0.019221175,-0.0029199494,-0.11300042,0.09778752,0.029452937,0.15311782,0.02892314,0.006639844,0.045591537,-0.14092359,-0.053370774,-0.115898795,-0.13088848,0.07854661,0.18348436,0.07786055,0.060792416,0.06885077,0.104270004,0.0024084414,0.08375502,0.0978236,-0.12143246,-0.122238725,-0.012935946,-0.035278138,0.07850058,-0.01872348,0.006997357,0.036693618,-0.018271614,-0.00501177
ai for enterprise,-0.6915008,-0.24603882,0.41987655,0.30044636,0.055078886,-0.058454588,0.13252944,0.010436249,0.03328546,-0.0052313805,0.03718185,-0.051239524,0.0624935,0.016516183,-0.1230055,0.023687689,0.077070825,-0.06391339,0.09600322,0.046051867,-0.06725903,0.015296781,-0.101786576,0.045468993,-0.043082464,0.055962466,-0.024298167,-0.16205576,-0.072639205,0.13562866,-0.058076378,0.027983285,-0.040236216,-0.021053588,-0.0076120906,-0.12096565,0.09991715,0.038010288,-0.023324858,-0.026120739,0.03776161,0.01324025,0.0705454,-0.015946304,-0.025670324,0.0017600569,-0.035988316,-0.050790355,-0.07271608,0.036205783
executive education ai,-0.6529733,-0.17101163,0.19119515,0.21218842,-0.06305706,0.15790558,0.26660147,-0.054102723,0.29622433,-0.07821855,0.07317209,0.06812842,0.23651418,0.20543358,0.11735213,0.08074433,0.14406896,0.18611072,0.024310334,-0.044394933,0.043830194,0.0590678,0.09872028,-0.025118709,-0.040117793,0.0730246,-0.05373218,-0.06568748,0.043669462,-0.04542719,-0.048765995,-0.07773927,-0.016719796,0.1125688,0.07368374,-0.03698653,-0.07503164,0.0145228505,0.0006588006,0.008026791,0.042962838,-0.027602999,-0.02201734,0.026388943,-0.015327325,-0.056062818,0.0073183817,0.055656444,-0.03417151,-0.013198791
generative ai training course,-0.87481266,0.35599336,-0.0785928,-0.076619804,0.037190847,0.15734822,-0.039692607,-0.07245628,0.03476342,0.03327603,0.005736455,0.08953317,-0.0009881902,-0.05728291,0.110600464,-0.026484126,0.033971705,0.01861435,0.013779642,0.036596432,-0.016973203,0.020464383,0.012296992,0.004653032,-0.023483483,-0.022948947,-0.014043885,-0.06365865,0.10231847,-0.026258515,-0.035070766,0.02235361,0.035974946,-0.030077668,-0.021797834,-0.016266676,-0.0072550937,-0.0086568445,-0.065000705,0.041818783,-0.021610929,0.035984267,0.024964193,-0.0011652033,-0.010961473,0.011395176,0.014554104,0.030051786,-0.035635486,0.013756011
course generator ai,-0.8371555,0.08371987,-0.11834097,0.12642902,-0.049924757,0.056473013,-0.08397069,-0.22959837,0.14687452,0.093159325,0.009048801,0.0068634017,0.073614724,-0.08938911,-0.05469682,-0.081465535,-0.19596343,0.06626714,-0.051673785,0.032423675,-0.071061455,-0.036544833,0.09335567,-0.030835435,-0.0119427545,0.0033699623,-0.059472293,-0.0028431483,-0.009206421,-0.028662408,0.08385705,-0.010991284,-0.071527824,0.06946821,0.037666593,0.072079435,-0.03268145,0.109448984,0.024235982,0.069211826,-0.082150854,0.015581086,0.0056924014,-0.043750223,-0.04205949,-0.08814988,0.02973033,-0.11215805,-0.008516306,-0.044594113
courses on generative ai,-0.84113365,0.4378683,-0.049619637,-0.062561505,0.012522773,0.13490878,-0.033951584,0.14659198,-0.06650631,-0.07071627,0.0015062896,0.0024641901,0.0025574842,-0.015566372,0.06056093,0.057477623,0.02601237,-0.019124756,-0.0024128554,0.0061501297,0.03635646,0.022688227,-0.001370512,-0.01082369,-0.0121107185,0.07029044,-0.02826526,0.04777332,-0.011440788,0.062149502,0.02293062,-0.03291368,0.0024852299,-0.009010274,-0.05778189,-0.051483415,0.030686714,-0.059017986,-0.021169927,-0.0026866859,0.007680881,0.05349395,0.044629104,0.0070519024,-0.017612472,-0.014440695,0.036842454,-0.0054706386,0.0392203,0.023706112
google generative ai course,-0.8689337,0.34483418,-0.012760791,-0.0021126058,-0.026422393,0.003580567,-0.0036202257,0.03365582,0.05086628,-0.0403599,-0.022783447,-0.06272276,-0.003833427,-0.064954065,0.016035883,-0.031512205,0.03459945,0.02116803,-0.0322416,-0.046569575,-0.011830036,0.047216225,-0.011718922,-0.04020551,0.099920884,0.03145144,0.04071,0.013246672,0.04107046,-0.016559482,0.040896196,-0.063390784,-0.06996445,0.06121529,0.089988224,0.14672905,-0.06129293,0.045873556,0.071498245,-0.012640536,-0.028937384,0.02491369,0.0046745418,-0.109454624,0.031710807,0.049048144,-0.020540267,-0.027338175,-0.05955518,0.09716632
best course for artificial intelligence,-0.8333261,-0.17270082,-0.28507745,0.1614116,-0.05622527,0.056533184,-0.1567297,0.25763565,-0.12752874,-0.028937256,0.087180465,-0.0076591214,-0.06298302,0.03898007,-0.028094886,0.0473935,-0.08400788,-0.03311099,0.0069856984,0.037801147,-0.022239165,-0.07107494,-0.028341996,0.04490195,-0.014841054,-0.02418112,-0.04547515,-0.04339399,0.037319638,-0.014002774,0.009656858,0.0055417893,0.043125488,0.020184046,0.0455709,-0.021135556,-0.029928358,0.020286225,0.020290988,-0.00951736,0.03946767,0.043095335,-0.039125748,-0.026615432,-0.0012444142,-0.00031448717,0.015301958,-0.015197017,-0.025540305,-0.00076317997
best ai classes online,-0.7988021,-0.029466504,-0.28231776,0.14954035,0.1543403,-0.1447432,0.19859205,-0.06486266,-0.1623641,0.110723175,0.04968969,0.06808904,-0.007229705,0.06491895,-0.16377157,0.08271453,0.03861616,-0.13626257,0.049268637,-0.04042456,-0.04630524,-0.030231923,0.0054436517,-0.08753497,-0.02319317,0.029333288,-0.098997034,0.03940208,-0.016770115,-0.14113705,-0.030658208,-0.074729286,-0.0475226,0.037522413,-0.041371405,0.0038618327,0.059147082,0.0057527227,-0.011804821,-0.00091721554,-0.02817348,-0.032793507,0.00944143,-0.023167178,-9.49548e-06,-0.020441536,-0.015302723,0.014579128,0.0018559549,-0.011527286
artificial intelligence for leadership,-0.53860086,-0.05141429,0.2774455,0.29037675,-0.051155787,-0.09574996,0.044691656,0.17765217,0.28821653,-0.12559572,0.21503778,0.16935258,-0.04436141,0.14380641,-0.14529757,-0.07425204,-0.1811939,0.109976694,-0.016141739,0.12291141,0.10510009,-0.07837726,0.01980181,-0.19994833,-0.10066884,-0.13268037,-0.08588036,0.23088072,0.059377857,-0.015117263,-0.045523554,0.050134633,0.11585111,-0.06908411,0.063987255,0.08163114,0.006919372,-0.077674866,-0.01877864,0.028280046,-0.054011483,0.038438857,0.10242871,-0.034019575,0.057107385,-0.06697215,-0.0059952736,0.040935144,-0.012447427,-0.033676535
stanford generative ai course,-0.8532677,0.38036817,-0.01782561,-0.04164591,-0.08574057,-0.04387819,-0.056940798,0.10682202,0.14773808,0.031649206,-0.1365824,-0.10888126,-0.044773575,0.07478469,0.055602085,-0.033804987,0.029428653,-0.05904569,0.009139042,-0.056888513,0.09415147,-0.045986388,0.008566771,0.013834171,0.011989717,-0.04802102,0.0204177,-0.04274298,0.02288056,-0.019473195,0.031377833,0.034429118,-0.057859648,0.01220928,0.0063405703,-0.0312414,0.023802718,0.015169684,0.037359152,-0.021527681,-0.022665596,0.024163483,-0.00913479,0.020554585,0.015385398,0.011637862,0.008179421,-0.0024526783,-0.010344109,0.009757463
bootcamp ai,-0.63991594,-0.097476915,0.0685852,0.19689968,0.05435709,-0.12675591,-0.114144556,-0.25327688,-0.022259112,0.31637567,0.03520809,0.23835965,-0.057916153,0.11524772,0.27008513,-0.057881914,-0.20623447,-0.077374294,0.20521516,0.022851693,-0.0567375,0.20852439,-0.033996012,0.012772214,-0.007093988,-0.11064519,0.034595687,0.056306664,-0.017106017,0.06020136,-0.020661436,-0.0004989972,-0.022160333,0.052577518,-0.011574623,-0.11153019,0.014297128,-0.046725567,0.0043319897,-0.04878666,0.017317003,-0.0012482554,-0.0414045,-0.045919098,0.042968143,-0.0032857868,0.02126481,-0.0500462,0.00012952041,-0.0048393193
generative ai course stanford,-0.8635399,0.39848396,0.009126183,-0.04374946,-0.07990263,-0.015014322,-0.061988823,0.081878975,0.14555998,0.039240144,-0.106475085,-0.09210678,-0.03580359,0.04514744,0.029857825,-0.049799204,0.023195347,-0.01518047,0.0067642843,-0.06256759,0.06947917,-0.039111562,0.01940534,0.033112183,0.0019335961,-0.042355295,0.014510298,-0.032333758,0.027825758,-0.035590615,0.011971057,0.037612543,-0.049432535,0.025029048,0.014523726,-0.021634284,0.003712213,0.025544472,0.030574564,-0.020351255,-0.010890842,0.01553777,-0.008332274,0.02234473,0.01325396,0.0029444003,0.021608233,-0.0189738,0.013545779,0.004012538
course generative ai,-0.8510384,0.37292427,-0.0805467,-0.04091203,-0.084249675,0.10038738,-0.017496107,-0.05944438,0.17251007,0.058896396,-0.046608742,0.061210603,-0.022973001,-0.0842555,-0.07228815,-0.10727472,-0.07577762,0.07370382,0.003232613,0.0030251008,-0.028964188,-0.04040116,-0.0020295137,0.0796234,-0.018748505,-0.0066328133,-0.0056587057,-0.0036203826,0.03114667,-0.0017975215,0.009095001,0.038262926,0.008559683,0.068202876,-0.0015376003,-0.024256509,-0.06641102,0.039122418,0.03273372,-0.027819304,-0.026089497,0.0058615906,-0.01154439,-0.0109790545,-0.0065823942,-0.0348922,-0.019179765,-0.042952765,0.04248447,-0.040706698
artificial intelligence workshop,-0.70635265,-0.024350213,0.054172896,0.13330041,0.05704596,-0.23877816,-0.21032947,0.045718133,0.1369126,0.21596064,0.22373353,-0.058566254,-0.019145614,-0.04811277,-0.05317764,-0.07380471,0.011617907,0.05860117,-0.07103747,0.015607263,-0.09478735,0.18675686,0.10518714,-0.13870855,0.017828878,0.14735815,0.09543762,-0.076007776,-0.061061613,-0.038879644,0.1758119,0.12204087,0.056694698,-0.15708496,0.10180352,-0.0051374906,0.0854059,-0.014408024,0.015615601,0.005486139,0.023593534,0.004068636,-0.0013781668,0.046837863,-0.13491617,-0.019223254,-0.060867414,-0.0036853189,0.0002952593,0.03522825
best generative ai course,-0.88521343,0.38021538,-0.054557323,-0.01842372,-0.016283123,0.13233438,-0.046623763,0.08299802,-0.010749195,0.028106634,0.027748492,0.0049751964,-0.010297981,0.059726577,-0.0740453,0.06344231,-0.048691656,-0.039498836,0.045404237,-0.027713003,-0.051101416,-0.01499639,0.003084867,0.008096478,0.02186129,-0.019214727,0.036344856,0.013540063,0.025104009,-0.046529498,0.008152908,0.025203528,0.0077791526,0.066462435,-0.002456473,-0.016838225,-0.027013093,0.028217098,0.011300643,-0.0021733816,0.024888525,0.027939714,-0.012293429,0.011474738,-0.009979962,0.012124589,0.026460791,0.010413471,-0.024263054,0.03903356
certification in machine learning and ai,-0.6691335,-0.39029843,0.011080475,-0.24816373,0.32974893,0.17495957,-0.09612132,0.041766528,0.031520247,0.078758046,-0.037925903,0.12920015,-0.1951126,-0.07654023,0.0405056,-0.08535613,0.13767242,0.0042456742,0.12380916,-0.06721685,0.06901327,-0.045569293,-0.10774701,-0.014622419,0.032100532,0.06891931,-0.06318723,0.0051439106,-0.08194399,0.049049057,0.046627287,-0.02155025,0.04690146,0.049968842,0.050838567,0.07187745,-0.060743056,-0.032137886,-0.053766623,-0.049502254,-0.016899273,-0.05273517,0.017448872,0.02146155,0.046867944,-0.024802348,-0.034758247,0.014672658,-0.0073293955,-0.0061432286
artificial intelligence stanford online,-0.6960116,-0.00956431,-0.032757904,0.077212915,0.03867256,-0.54207575,-0.021671236,0.11165204,0.19915576,0.04132467,-0.0932158,-0.11383983,-0.100048766,0.15806045,-0.070200294,-0.067901425,0.057804853,-0.08327029,-0.005127998,-0.08655159,0.1275189,-0.09143523,-0.021380953,0.015237962,-0.0046639377,0.048892394,-0.059230544,-0.11096856,0.026175886,0.008607644,0.008527594,0.07269102,-0.06498664,-0.012951827,0.055842295,0.0026725442,0.010442475,0.012702593,0.06664456,0.008171931,0.046174623,0.0010954421,-0.025379565,-0.037592813,0.053656217,-0.0161025,0.019979637,-0.015813446,0.06942713,-0.008092771
artificial intelligence summer course,-0.83418906,-0.08009744,-0.2201091,0.16636023,-0.099660724,-0.1046809,-0.15138547,0.08517047,0.04637189,0.09479267,0.07567057,-0.08362422,-0.05846631,-0.045942396,0.062323358,-0.105617836,-0.037290186,0.16362946,-0.013533051,-0.031765815,-0.021244677,0.04735208,0.02188003,-0.053688522,-0.0052263793,-0.042229418,0.09825608,-0.03411302,0.023942277,-0.017381324,0.010005988,-0.055303153,-0.0072879405,0.041421175,-0.069253616,-0.01677341,-0.05566839,0.04225874,-0.024181314,-0.070956446,0.021681732,-0.062334586,0.07508863,-0.016588518,-0.14022112,-0.043755375,0.08620399,0.095455036,-0.038039383,-0.08272428
best courses on generative ai,-0.83236474,0.40273955,-0.082111806,-0.060054794,0.038693186,0.17010085,-0.05081667,0.15062796,-0.12992173,-0.072530665,0.038283166,0.03202604,-0.012263986,0.07278314,0.040347368,0.10993417,-0.007011903,-0.08056154,0.013591375,-0.034469936,0.0021225885,-0.02190766,0.025959834,-0.016720075,-0.000449221,0.048181653,-0.05725338,0.02850394,0.008661622,0.021427082,0.013505004,0.009745901,0.010431683,0.0019773487,-0.026184551,-0.046336513,0.02262801,-0.03825562,-0.008370291,0.013647731,0.036307044,0.05990813,0.0412175,-0.01688835,-0.003178562,-0.03107779,0.041254297,-0.0033525096,0.008699612,0.060978074
generative ai course online,-0.8697319,0.38444406,-0.18099219,0.009931731,0.09463286,-0.080749325,0.082922205,-0.06887888,-0.009089722,-0.04263615,-0.034870576,-0.010567859,-0.0062125884,0.0043142247,-0.052387547,0.05088523,-0.0037276093,0.02343702,-0.0147587,0.03741871,0.013578613,0.03167767,-0.0154402,-0.06919898,0.008095013,-0.010568155,0.056919176,-0.035045765,-0.02202241,-0.019858101,0.023183655,-0.011183289,0.03937313,0.021721957,0.002116852,-0.009527523,0.00802921,0.061730683,-0.0057528876,-0.040859617,-0.014676333,-0.032651935,0.039771773,0.0031445941,0.019847572,-0.0018865858,0.025061455,0.016183933,0.025388755,0.010659959
ai certification classes,-0.80943733,-0.38792592,-0.12919152,-0.14656055,0.12007574,0.22685085,0.04382131,-0.064333014,0.006346784,0.1261457,-0.0024121583,0.013476024,-0.0570732,-0.07173394,-0.029186498,0.0031361573,0.040532596,-0.004522355,-0.020952702,0.009490433,0.043498445,0.054885037,0.020725403,-0.04602357,-0.017950788,0.0318142,-0.0683555,0.0060373736,-0.020212667,-0.085125014,0.048874814,-0.04315944,-0.10881699,0.009209026,-0.08437991,-0.040656082,0.062269878,-0.025207512,-0.0043920614,0.036640305,-0.045031056,-0.01696506,-0.010512407,0.0031834592,-0.015779374,-0.040289212,0.0027562326,0.0013910466,0.014002999,-0.01134175
ai for managers course,-0.81157863,-0.076917544,0.0909012,0.33032885,-0.06693112,0.10120661,0.15697211,0.026464432,0.1531275,-0.112475365,0.032404218,0.13286614,-0.044535473,-0.09980746,0.0395531,-0.016690407,-0.11100076,-0.058058176,0.106782526,0.07059985,0.074563585,0.024076484,0.022543414,0.006030817,0.03278844,-0.06109068,-0.03076328,0.079551816,-0.020106478,-0.030966824,0.0914129,0.07732382,0.0021523922,0.05913342,-0.013109832,0.030787474,0.081136934,0.08452403,0.052940406,0.074902974,-0.0028515372,0.027481291,-0.003234654,-0.019683434,-0.015875928,0.072037704,0.040391814,0.06490257,0.037334938,0.04737986
generative ai online courses,-0.8340531,0.35921368,-0.2619006,-0.016179612,0.13443379,-0.08700649,0.17549175,-0.1498881,-0.052942973,-0.079614855,-0.034052357,0.052988112,-0.013286848,-0.0052901376,-0.052107256,0.012734152,-0.016636353,0.043060802,-0.039900664,-0.012011062,-0.008182156,-0.00061449065,0.020173814,-0.0035739208,-0.018728448,0.021719076,-0.015777618,-0.0138957985,-0.0073822085,0.032019317,-0.005937875,-0.015558202,-0.009197111,-0.016071748,-0.02796489,0.013226337,-0.012360133,-6.811506e-05,0.025430266,-0.034157004,-0.0037954722,0.010760673,-0.0053952974,-0.0092934845,-0.0009865469,0.009412815,-0.009792364,0.015937632,0.019353688,-0.008272532
best ai certifications 2024,-0.7474777,-0.34684724,0.020477528,-0.13248606,0.21190788,0.17586932,-0.025467575,0.02562553,-0.10124073,0.16444261,0.09759131,0.052187227,-0.073028475,0.22102386,-0.21025081,-0.020447697,0.029478736,-0.050603088,0.027530026,-0.13472587,-0.010821186,-0.015946835,0.03478864,-0.013132143,-0.014998785,-0.010532193,0.063149564,0.048557237,0.006911898,-0.06935203,0.045542434,0.0127259055,-0.0343176,-0.019456627,-0.0018759168,0.030162951,-0.08159459,0.047197755,-0.024283333,-0.058427412,0.0062623336,-0.07583434,0.062106073,0.038205888,-0.033372473,0.08140288,0.04634218,-0.039699253,0.027210893,-0.03126803
ai courses for executives,-0.8181079,-0.18832083,-0.0063880025,0.27258027,-0.070334785,0.24761526,0.21679686,0.054796822,0.03193496,-0.121194094,0.051823236,0.07803309,0.04416678,0.048438393,0.124277085,0.046409838,0.023821155,0.04378695,-0.014168014,-0.058943294,0.0764409,-0.03423679,0.056101497,-0.048776615,-0.0067853895,0.047600456,-0.032431185,-0.044570874,0.022211313,0.06256355,0.042938888,-0.04727206,-0.027386973,-0.033242702,-0.006716298,-0.022701941,0.061210293,-0.044186417,0.07369974,-0.00753272,0.01564563,0.0134872645,-0.01057891,0.04401421,-0.0010957582,0.045618005,-0.045828585,-0.05970448,0.002784014,-0.04335996
ai for executives course,-0.8021446,-0.15335779,0.14697622,0.3474842,-0.09660396,0.15415445,0.22295232,0.029329272,0.17092662,-0.13426106,0.053402826,0.06456652,0.030212205,0.024421873,0.021247765,0.034059532,-0.0074707293,0.073057584,0.043569263,-0.014869932,0.042046458,-0.010244836,0.011691557,-0.012698924,0.060843226,0.05922464,0.0034106262,-0.04070567,-0.0051445086,0.008732098,0.05617226,-0.037473828,0.005820052,0.09016717,0.01916409,-0.0077854283,0.023854747,0.012517032,0.06545676,-0.041727666,-0.007453695,0.010504083,-0.022340547,0.020078054,0.004256664,0.08446984,-0.0029620724,-0.04250652,0.029204436,-0.0139274085
stanford online artificial intelligence course,-0.76156557,-0.09759836,-0.35733014,0.053757876,-0.032453552,-0.3831579,0.030280124,0.041699033,0.08015668,-0.077559605,-0.104000784,-0.1482595,-0.1062245,0.08990134,0.03170845,-0.083053656,-0.008524397,-0.014120671,-0.007762814,-0.056076117,0.14324911,-0.050554186,-0.020587081,0.035038322,0.014934096,-0.0049049496,-0.014480616,-0.10079188,0.04933519,0.004472068,0.044242013,-0.021801164,-0.05093303,-0.023242716,0.047102906,-0.044625554,0.0049362946,-0.024939246,0.033104714,0.004255087,-0.017221956,-0.0034694092,-0.0068325144,-0.01884776,0.017750619,-0.0003114236,0.011015516,-0.005622304,0.008598884,-0.053176068
ai strategy course,-0.8177018,-0.09306118,-0.109541066,0.2937371,-0.11107989,0.09559473,0.06758125,-0.029092364,-0.028200597,0.08600168,-0.026654197,-0.017795457,-0.00043812988,0.0020331126,0.015030076,-0.11542134,-0.040760007,0.033956487,-0.008006263,0.10712455,0.0027963498,-0.04227682,-0.044317912,-0.0902934,-0.018139152,-0.05882014,0.00086851936,-0.03668349,0.094034664,0.06658802,0.019108616,-0.04776524,0.056339532,-0.04262731,-0.09452639,-0.025292005,-0.07956834,0.05853643,-0.035516918,0.22276244,0.07928188,-0.06591661,0.08749245,-0.14635107,-0.029720241,0.01621704,-0.06731658,-0.00066952355,0.07843881,0.02632238
professional certificate program in machine learning and artificial intelligence,-0.66408527,-0.40143567,-0.074630365,-0.30897987,0.23928511,-0.010745047,-0.090747364,0.028970143,0.18325926,-0.08289895,0.04595286,-0.08196153,0.0027482528,-0.11553968,0.15606867,-0.023821171,-0.038097043,-0.07583561,0.14229098,0.0540565,-0.1601156,-0.14466316,-0.038911205,-0.015729629,-0.08428171,0.15076137,-0.02928404,-0.018762473,0.047215316,-0.00855524,0.043453004,-0.05635279,0.04431618,0.026033556,0.037067067,0.06174244,-0.011320941,-0.03759951,0.003187712,-0.046401486,0.032541987,-0.067493334,0.023599852,0.056325525,0.031884328,-0.009279759,-0.034440223,-0.033540335,-0.015984995,0.0337013
artificial intelligence specialist certification,-0.7124164,-0.4701142,-0.010066472,-0.21074648,0.22007506,0.06971677,-0.1656405,0.08948247,0.08579052,-0.08448788,0.095746845,0.08202283,-0.06916921,-0.046288203,-0.0018707998,-0.04355674,0.075603,0.106713265,-0.052117266,0.09821613,0.050671685,0.036173966,0.00472114,0.06130607,-0.096692644,-0.020019287,0.13717514,0.0014249157,0.036223724,-0.032256193,0.045020282,-0.019819649,-0.0641084,-0.02442915,-0.07105201,-0.019117339,0.05906454,0.0006587071,0.08940291,-0.02072671,-0.031725526,0.03250451,-0.018017381,0.014823304,0.012040805,-0.048260402,0.025588987,-0.007579908,0.019762997,0.017340923
artificial intelligence bootcamp online,-0.58443856,-0.081345595,-0.1299442,0.15893319,0.21492982,-0.3700422,-0.10020458,-0.23776321,-0.014801019,0.11471627,0.07545492,0.21734984,-0.1340509,0.14202148,0.26305404,-0.087039605,-0.22042221,-0.012239061,0.1428489,0.002553634,-0.06778935,0.23420638,0.008750744,-0.0417334,-0.0033819159,-0.06985013,0.0038661894,-0.011428938,0.002711158,0.034391984,-0.06305571,-0.0410546,0.01027354,0.032208744,0.03327607,-0.13460198,0.014868951,-0.042341903,0.03886903,-0.065760635,0.0079464,-0.014376136,-0.022560038,-0.046682484,0.05069901,0.022885926,-0.019287137,-0.040506538,-0.012463973,0.00223495
northeastern university artificial intelligence,-0.7264582,-0.110969864,-0.05131701,0.052881062,-0.073668845,-0.27572474,-0.042898793,0.16616951,0.16497545,-0.009806499,0.047047555,-0.08272577,0.09051408,0.10608627,0.03550506,-0.10483329,-0.04901458,0.088128686,-0.020067554,-0.17095937,-0.09261478,0.048618354,0.1447129,0.03736765,-0.040811613,0.087894335,-0.079840735,0.08271624,-0.004971786,0.14557369,-0.019590989,0.13091785,0.032284155,0.081617415,-0.28724548,0.103234366,-0.014378216,-0.004965544,-0.06519729,0.005350335,-0.0426553,-0.093773894,-0.01833247,0.059104074,0.07710358,0.081378154,0.0052857874,0.064893514,0.015356841,0.06519738
introduction to generative ai,-0.7033999,0.50836474,0.23633078,-0.057224754,0.07778054,-0.005479,-0.11039155,0.19720763,-0.029775389,0.012077543,0.04734897,-0.035007395,0.01669046,0.0328897,0.024095336,0.029018631,-0.0037103968,-0.03848876,0.07561747,0.12644678,0.013086552,0.14407212,-0.043599203,-0.0106606735,0.010691185,0.09269675,0.014059058,0.062922165,-0.049295023,-0.020698175,-0.01638249,0.032824848,-0.08690506,-0.024104761,-0.04410379,-0.022557585,-0.071324624,-0.018141065,-0.034171727,0.033814188,-0.060478978,0.08052117,-0.013045081,0.06198457,0.01753769,0.050080925,-0.042278796,0.047821116,0.012662115,-0.14316255
best ai courses 2025,-0.83246684,-0.15560175,-0.16039307,0.099731945,-0.026010491,0.14927712,-0.029939547,0.044127937,-0.14420708,0.11090289,0.11064301,0.0058473544,0.043557256,0.16554053,-0.11675067,-0.025459819,-0.0003208629,-0.07122554,-0.019446235,-0.15911014,-0.05366175,-0.035243053,0.05619432,-0.021209773,-0.044938,0.00785715,0.03227064,0.015227286,0.046440233,-0.0485975,-0.016695064,0.025000937,-0.06317744,-0.10455811,0.038874086,0.05641738,-0.07119964,0.033301268,-0.022400212,-0.15190515,0.08785882,-0.083664395,0.0755444,-0.0030356664,-0.015237198,0.059258472,0.013650286,-0.045357957,0.087180816,-0.04111269
ai prompt engineering course,-0.8410845,-0.11641015,-0.10920946,0.17060062,-0.1318316,0.1550657,-0.16060798,-0.25672534,0.018238647,-0.07606797,-0.08905831,-0.14177391,0.021684978,0.07431701,-0.030896382,0.07047413,-0.016080352,0.059449468,0.026463652,-0.016853338,0.04019204,0.078096785,-0.10571535,-0.04124311,0.067997046,-0.059817612,-0.015109218,0.034009982,-0.024086323,-0.04531529,0.017387986,0.022850888,-0.0059097945,-0.05213267,-0.0033235552,-0.02731862,0.053105105,-0.0051285266,-0.0139354495,0.0009843317,0.026391784,-0.033484068,0.057036575,0.036808558,0.005134714,0.07589286,0.00021047042,0.0118727535,-0.038173616,0.005184638
harvard ai course,-0.82013136,-0.17400128,-0.11350139,0.00082742365,-0.25585485,-0.061106287,0.085279256,0.08229118,0.0539411,0.05350243,-0.09583205,-0.016626632,0.13015443,0.09200485,-0.0028354004,-0.09982118,-0.050885413,-0.08471984,-0.019014249,-0.1696165,0.016645646,0.04559803,-0.04276238,0.026667845,0.12520398,0.07124422,0.08884166,0.070288494,-0.00048994855,0.0040927455,-0.0616348,-0.09762855,0.1418258,-0.006956271,-0.1079715,0.00020443191,-0.040202025,-0.01712413,0.01446805,-0.015436101,-0.05388979,0.04559572,-0.04698929,0.013993426,-0.07816064,-0.06958746,-0.0465606,-0.06757785,-0.011500595,0.016294466
coursera generative ai,-0.811727,0.3808823,0.043362502,-0.0927173,0.021362292,0.101515576,0.047994938,0.02394254,0.047661673,0.13547257,-0.048400365,0.0412059,0.061309516,-0.12517805,-0.12802504,-0.09624002,-0.12530354,0.08299431,0.04648539,0.0008298448,0.01749283,-0.013643763,0.036770377,0.10452788,-0.052727092,-0.03355411,-0.0011495271,0.11147572,0.022611318,-0.00062093465,-0.022660876,0.07405911,0.058019757,0.038487326,0.057208966,-0.02870466,-0.011196949,-0.080402024,-0.00023558781,-0.007976692,-0.0008305504,-0.027987594,0.0018432022,0.017468981,0.032925684,0.030008655,-0.13719402,-0.032464802,0.04328404,-0.037106667
no code ai and machine learning building data science solutions,-0.51366466,-0.17895193,0.0935156,0.123825274,0.23260953,-0.08893791,-0.18803196,-0.026272966,-0.08865116,-0.0071704146,0.10369148,-0.091146305,0.008386824,-0.11390454,0.18571961,-0.07313491,0.11059456,0.16566487,0.075312875,-0.2746221,-0.20546463,-0.32454777,-0.0005801713,-0.203236,0.16993429,0.10868061,0.031522285,0.20259659,-0.009247408,-0.04985154,-0.15713757,0.12264917,-0.06209226,0.016605778,0.03798779,-0.14836186,0.10192264,0.03790878,0.06519732,0.058067817,-0.06392933,0.032774713,-0.022893941,-0.08050412,-0.035066087,0.05340279,0.018585043,0.045426864,0.019503372,-0.03750441
large language model course,-0.47986886,0.09402998,-0.31346655,0.07229545,-0.20502415,0.034062546,-0.057915743,-0.09261191,0.22212172,0.04558856,0.22492404,-0.1502325,-0.1845189,-0.059091203,0.015598526,-0.07296102,0.10276287,-0.1515728,0.024593432,-0.06273634,-0.02364242,-0.07141892,0.30914155,0.026465293,-0.20377345,-0.11217225,0.10312507,-0.01607209,-0.32895625,-0.06872292,-0.13331106,-0.23719436,0.04664764,0.037775517,0.058448363,0.06609435,0.03397389,-0.06439068,-0.044148307,0.052783806,0.023408405,0.114367746,0.028718457,-0.017889073,-0.007835145,0.07644323,0.016585832,-0.0011542016,0.013264031,-0.007935672
driving innovation with ai,-0.5709873,-0.123390116,0.42241284,0.19525424,0.097315475,0.05150183,0.019538628,-0.12132469,-0.28709897,-0.01602891,-0.196088,-0.07304619,-0.034322876,0.26040766,0.037484586,-0.34307438,0.052972894,0.009518878,-0.13207269,0.18079129,-0.12094725,-0.0321468,-0.010385937,0.081536815,-0.038224004,0.060555823,0.029304557,0.043520566,-0.019986933,-0.021678628,0.022161787,-0.010120736,0.035754353,0.075704634,0.032471433,0.029248482,0.033267308,-0.0065587237,-0.03142748,-0.0021112028,0.019904189,0.03476122,0.020906737,0.027080597,0.0023574873,-0.005184109,0.01811219,0.009816509,0.03576207,0.006630069
ai executive education,-0.6875143,-0.23561572,0.18308334,0.22766344,-0.035206635,0.20571253,0.26039147,-0.040516637,0.14761317,-0.0804082,0.038387824,0.05596721,0.24031742,0.19714564,0.15369864,0.09312343,0.17466223,0.15846014,-0.009536047,-0.036575977,0.055845484,0.032907344,0.06834874,-0.030674372,-0.035983853,0.021564323,-0.009089289,-0.066112906,0.05930502,-0.022112835,-0.07207469,-0.06704215,-0.0067800945,0.055242382,0.09086677,-0.056654125,-0.03852461,0.0007857481,0.003835768,0.01876248,0.049665056,-0.027288599,-0.006807865,0.028404122,0.021332096,-0.037942503,-0.008338783,0.033910528,-0.03631851,0.00041568794
ai graphic design course,-0.7785098,-0.058642507,-0.18600647,0.11563476,-0.032960143,0.15927666,-0.0038744947,-0.08941521,-0.15054123,-0.009236774,-0.0034806826,-0.037859403,0.11018596,-0.10428867,0.115762666,0.062204592,-0.09733821,-0.017599229,-0.11568745,-0.005292478,0.076108605,0.010710105,-0.012687497,-0.0057334066,0.028124917,0.022677688,0.1438452,0.03986253,0.08635336,-0.020204514,0.14171347,0.0076409867,-0.027276492,0.067780174,0.044382486,0.11831029,0.013479026,-0.2476376,-0.076475315,0.015848802,0.120195635,-0.05571271,-0.1682548,-0.12424324,-0.0040928517,0.014022368,0.035886753,0.076200925,0.0464759,-0.054793425
ai upskilling programs,-0.53528553,-0.12696041,0.21863885,0.22159314,0.14049774,-0.08843776,-0.019906837,-0.016957825,0.023887698,0.3205895,0.006873017,0.007872447,0.20262228,0.11952178,0.10825598,0.28283852,-0.007474631,0.13019446,0.052569643,-0.027667902,-0.13877197,-0.17974396,-0.08230682,0.23572582,-0.03170386,-0.089963146,-0.073057376,0.027049985,0.010663167,0.034922168,0.2419327,-0.16729105,0.07604907,-0.1490165,0.03546444,-0.015438947,-0.01134742,0.033352412,-0.04529481,-0.016839093,-0.18161935,0.07277756,-0.011476991,-0.03889774,-0.0127462875,0.04041458,0.028335826,0.062304415,0.06893657,-0.001167174
ai for product managers,-0.6180607,-0.052649673,0.4404417,0.3135534,0.07540729,-0.0051989406,0.105270654,0.004482936,0.045256473,-0.04157009,-0.029119255,0.016971972,-0.2787767,-0.13207214,0.026300952,0.08357274,-0.13167971,-0.077546194,-0.0015950404,-0.09348905,0.08907864,0.01234177,-0.010322667,0.11971561,0.028157504,0.037476216,-0.05507661,0.08446398,0.017035134,-0.003661949,0.11057292,-0.02616415,0.0936549,0.053455364,-0.109471686,0.070902325,0.130765,0.14725485,0.03813703,0.028453069,0.14852862,0.06258789,-0.028204484,0.046400305,0.040667277,0.079300255,-0.006902959,-0.006599563,-0.08598573,-0.064182565
ai course for business leaders,-0.8062857,-0.16949022,0.05820049,0.2853452,-0.104133,0.17316101,0.24361989,0.061534896,0.070963755,-0.14625801,0.05633319,-0.022389,-0.12871933,-0.05278768,-0.002246236,-0.05855185,-0.104184605,-0.035322092,-0.013087668,0.04091365,-0.023028102,-0.061845466,-0.013450442,-0.081460625,0.10412869,-0.061456665,0.07247671,-0.032825537,-0.017881902,-0.02779769,0.03520881,-0.019968767,-0.039113782,-0.07981309,0.022878096,-0.04225046,-0.004278085,-0.020400861,-0.062094852,-0.032931414,-0.06254056,-0.03581882,-0.049504466,0.044100653,0.06670798,0.0013610562,0.0016812657,-0.023252038,-0.008500478,0.021690652
best online courses for learning generative ai,-0.7841199,0.3990195,-0.27679738,-0.082243256,0.14716215,-0.00027554922,0.11927834,-0.018176338,-0.17047195,-0.13733806,-0.00837544,0.07643348,-0.035511453,0.11206051,0.012496453,0.12101193,-0.0049531427,-0.050538164,-0.015581163,-0.03732164,-0.033275876,-0.041458603,0.018141896,-0.04401836,0.025833134,0.0136230225,-0.007831884,-0.028297095,0.0007383428,0.01872683,-0.012117481,-0.015109531,0.05212692,-0.011293792,-0.0009161081,-0.028274558,0.034860294,-0.01211707,0.0014649503,0.008277325,0.02966122,0.0037335856,-0.0053850287,-0.020909512,0.016974332,-0.03463404,-0.0021854162,0.0215294,0.022901418,0.05678045
mba in ai,-0.68560606,-0.24471469,0.09982682,0.07703643,-0.15308717,0.10532367,0.22026868,0.027774539,-0.041828945,-0.0774243,-0.03034357,0.17405708,0.0693684,-0.12840629,0.17569724,-0.035017684,-0.058889225,-0.1411018,0.12443002,-0.15703283,-0.058807496,0.12456635,0.052622795,0.20589554,0.10798197,-0.07560402,0.030117484,0.026196966,-0.15027723,-0.017340856,0.04403299,0.076754175,-0.09121544,-0.039119225,0.05863506,0.082270876,-0.03245712,0.050775155,0.0897962,0.042298604,0.069896705,-0.026227232,0.12290122,0.032310028,-0.04610677,-0.09992051,-0.03568949,0.149592,0.09653056,-0.017330144
controllable video generation,-0.2288291,0.2697149,0.12607841,-0.053541906,0.076977596,0.025234533,-0.13466915,-0.2208544,-0.04653497,0.18207969,0.31429288,0.092910536,0.17671339,0.06882258,0.15530816,0.02617809,-0.31130192,-0.11570897,-0.24021071,0.13867481,0.41625503,-0.21929215,-0.07899204,0.1406992,0.039320514,0.26638138,0.08404875,0.044742838,-0.13765916,-0.018709825,-0.14322317,-0.014997535,-0.045238223,-0.022124503,0.028870998,-0.0332454,-0.013643711,0.09076709,-0.015925277,0.0052540856,-0.022436867,-0.074309394,0.021685235,0.025854936,-0.004569741,0.013545443,0.0015054828,0.029869923,-0.02003686,0.032801863
generative ai course for business leaders,-0.791931,0.236174,0.15557833,0.11283604,-0.05396525,0.20126507,0.1998904,0.09554351,0.12624943,-0.25280628,0.09151533,0.008615041,-0.14663519,0.0039095674,0.032079484,-0.06423195,-0.12570684,-0.010002577,-0.0014030946,0.025828723,-0.046683945,-0.05575079,0.009868517,-0.067868106,0.058514103,-0.06326656,0.06706782,-0.02947328,0.041002885,-0.04816685,0.024392175,-0.03221799,-0.03405309,-0.09595624,-0.020453833,-0.032574054,0.0007122061,-0.029790288,-0.07183408,-0.027416492,-0.041956145,-0.028820049,-0.01567157,0.032770958,0.036323,-0.030677352,0.0115219485,0.0053385813,-0.03088248,0.04162491
ai innovation course,-0.8401831,-0.20489638,-0.054064702,0.20528387,-0.082242176,0.12275461,0.08229066,-0.08243902,-0.14058654,-0.07579813,-0.14906603,-0.12698987,0.018397694,-0.017386759,0.03154257,-0.13749349,0.0032227037,0.032563798,-0.109157145,0.00040447098,0.010405675,0.013120897,0.020899694,-0.04728832,0.042322025,0.060004957,0.021016255,-0.046888884,0.022984628,-0.06472361,0.07974922,0.020938529,0.11085263,0.032031216,-0.0052351183,-0.0018210114,0.031901613,0.05237403,-0.10342393,0.080655985,0.00024331525,0.02671149,-0.017450638,0.06792483,0.003422786,0.047476705,-0.018735673,0.00012248887,-0.03772679,-0.08820763
learning chatgpt,-0.31561813,0.17207788,-0.15458868,0.13696444,-0.018036636,-0.09881224,-0.12342667,-0.14216162,0.11171133,-0.052964415,0.4103177,-0.08463275,-0.07222594,-0.037279435,-0.043403354,-0.08644573,0.35829377,-0.2552148,-0.12133447,0.2510683,-0.0063402676,0.04107175,0.24348108,0.20144232,0.28904232,-0.04376714,-0.12025689,0.18204214,0.168826,0.0764207,0.058244836,-0.038310025,0.05983831,0.012261138,0.036874574,-0.11513184,-0.006676689,-0.006376711,0.034862217,-0.03530706,-0.015777972,-0.09507131,-0.0061392603,-0.0065007494,-0.015448792,-0.0013104249,-0.0005582456,0.00475975,-0.006742354,-0.011117049
mit xpro designing and building ai products and services,-0.6432174,-0.18977039,0.42369765,0.06087213,-0.06284183,-0.112078816,0.011292758,-0.19854175,-0.27070826,-0.02001479,-0.020071555,-0.21814784,-0.21046409,-0.10729718,0.06096316,0.20273966,-0.065308474,0.105741344,0.09025388,-0.040498286,0.12526505,-0.0045053163,0.17731456,-0.006174352,-0.032910693,0.006330669,0.017533211,0.014267062,0.050312176,0.0062755113,-0.014813268,0.0022147552,-0.002160941,-0.03001025,-0.00044124018,-0.000728312,-0.041122597,0.0052189915,0.03693307,-0.02637373,-0.013221343,0.006635166,-0.028466724,-0.022454515,0.00011637954,-0.060108364,0.003886099,0.003682835,-0.00076794083,0.044298496
mit ai certificate,-0.6660996,-0.39273804,0.11296187,-0.5108205,-0.15058413,-0.040250704,0.15345949,-0.0042060628,-0.005835389,0.019451119,-0.060914304,-0.050304066,-0.0019801669,-0.022712028,0.0044342396,0.033804573,-0.059973773,-0.06333816,-0.03214982,0.09700153,-0.042086765,0.049663235,-0.005549235,-0.1170265,0.06879188,-0.039512146,-0.067683764,0.011084579,-0.015481234,0.032406893,-0.04194652,-0.030558817,0.015132551,-0.03464174,0.064664304,0.00691898,-0.0027727222,0.070334844,-0.011806434,0.001556407,0.017840493,0.03139292,0.0036972896,-0.009567213,0.027694002,0.057003736,0.041864965,0.052130297,0.014014649,-0.018126724
mit ai program,-0.82138723,-0.16424681,0.186642,-0.0020031242,-0.21520464,-0.2546671,0.0109971035,-0.021255866,0.02841522,0.18190075,0.06400645,-0.04424056,0.07930478,-0.03519648,0.12831199,0.09619435,0.04426447,-0.011503397,-0.0738443,0.060452417,-0.06936937,-0.034891006,-0.041190114,-0.03366584,0.094274275,-0.04528431,-0.050272156,-0.025239574,-0.095559485,-0.033114724,0.040421862,0.07174903,0.021867253,0.022393053,-0.06758683,0.05137712,-0.05714738,-0.07176397,-0.05998634,0.002166576,0.023640584,0.010151594,0.05925992,-0.0005080976,0.010740013,-0.0012225733,0.022024535,-0.031791873,-0.036500618,0.008645821
ai certificate programs,-0.73896813,-0.41250938,0.040248845,-0.24018982,0.2237605,0.07386916,0.022229077,-0.115505114,0.10531486,0.07147608,0.021836283,-0.18312725,0.068350725,-0.0052976087,0.027054388,0.11081608,-0.1097926,-0.07270692,-0.023298698,0.09063988,-0.13830444,-0.08293316,0.023021752,-0.02161718,0.06309695,-0.019795366,-0.059317764,-0.034229364,-0.025236063,0.10462976,-0.028756931,-0.021044603,-0.03710264,0.027190614,-0.01289729,0.010558958,0.01669516,-0.023217397,0.0067668366,0.044862,-0.025016569,0.0052480004,0.01752178,0.043509785,-0.010339969,-0.0053691347,0.045462314,-0.032900162,0.0010251229,-0.027133783
generative ai certification,-0.8112422,0.10088444,0.16429444,-0.38107803,0.26487225,0.19508252,-0.07073183,-0.037425738,0.05948965,0.01700201,-0.0136885885,0.078173466,-0.054047585,0.0060670534,-0.036041733,-0.019814478,0.053444874,0.08061736,-0.003649874,-0.039752577,0.036438808,0.013498782,-0.0006831433,0.064159065,0.03853421,-0.02407974,-0.014579125,-0.007873354,-0.02022163,-0.000917869,0.016255956,0.014039008,0.028539833,0.017480925,-0.030666273,-0.020419909,-0.016306693,-0.045609564,-0.0034487993,0.04990291,0.021455862,0.005650438,0.010019721,-0.028245898,0.002403593,-0.037863556,-0.0005779724,0.004520736,0.0016812646,0.011631261
gen ai courses,-0.866347,0.013744052,-0.08919881,0.060021393,0.00625444,0.1408276,-0.08622023,-0.061725896,-0.11241122,0.043450065,0.106953144,-0.043122254,0.2047604,-0.023618815,0.028942807,-0.12123983,0.02431889,-0.03728211,-0.004783962,-0.095667385,0.036332376,0.05140201,0.024856891,-0.054714352,-0.048890367,-0.046125986,-0.033409543,-0.034092505,0.025723513,0.09418974,0.033720974,-0.027662702,-0.0019993142,-0.09361928,-0.047959212,0.05315794,-0.0065064873,0.03167598,0.0793175,0.06286933,-0.019105647,-0.044361196,0.12704764,-0.056253973,0.09971443,-0.11108446,0.037555873,-0.05050272,-0.1002268,-0.025716644
stanford ai certificate,-0.67366064,-0.35991743,-0.021742035,-0.3770065,0.016775852,-0.09447638,0.056712214,0.0058598365,0.21367301,0.06705033,-0.24189022,-0.1788905,-0.0025346114,0.1287233,0.04315234,-0.07576538,-0.039302178,-0.17753392,0.039249755,-0.0329362,0.122047305,-0.035513125,0.027766667,0.021950817,0.038044084,-0.034744263,-0.038016055,-0.042454068,0.06938281,0.013953417,-0.015376112,0.037459128,-0.039066136,-0.06531556,0.080837265,-0.017644653,0.045596063,-0.005620705,-0.026218796,0.025998976,-0.018274954,0.05170205,-0.010513525,-0.009731909,0.056201696,-0.036941566,0.024228118,0.039440166,0.02903114,-0.06520509
harvard ai certificate,-0.60400736,-0.38684213,0.039141502,-0.38939145,-0.04267734,-0.030484887,0.14504471,0.055433113,0.1401727,-0.014593054,-0.13161893,-0.073508725,0.123872496,0.1533985,0.045341246,-0.04832789,-0.13378057,-0.14986414,-0.0068729045,-0.08480062,-0.0037807066,0.121593386,-0.0010857116,-0.07094033,0.17425181,0.0686357,0.017967619,0.07624274,0.059951153,-0.025668278,-0.07586576,-0.1734694,0.16357976,-0.06892539,-0.07530616,0.04601313,-0.013460672,0.022982428,0.04182062,-0.03312386,-0.013940805,0.077994704,-0.06540088,0.015587109,-0.1095461,-0.03574963,-0.05545752,-0.014684761,0.026122926,-0.0035608537
mit ai courses,-0.86241823,-0.16099879,-0.12415281,-0.062320363,-0.32828283,-0.0031042672,0.12286264,0.041505326,-0.13330476,0.05315181,-0.018877655,0.056925833,-0.032883752,-0.039498337,0.10060138,0.02060433,0.049997155,-0.023095103,-0.08434642,0.013860553,0.019324854,-0.023777045,0.0028810576,-0.063564844,0.0041227676,-0.026660865,-0.096237555,-0.0057355203,-0.08214536,0.08485846,-0.0038043673,0.031167867,-0.001801427,-0.07292301,-0.013550622,0.0051087197,0.0074011507,-0.0059778225,-0.0076928795,-0.021621527,0.009154989,0.014298715,-0.0031703862,-0.007158443,0.0062574106,0.04125369,0.0023111962,-0.013937616,-0.016442116,-0.0069156773
best ai courses,-0.87250865,-0.13087064,-0.23760891,0.13420779,-0.026294878,0.16677904,0.040567428,0.0662943,-0.17948164,0.12550122,0.023798237,0.08716806,0.01242301,0.09397306,-0.05457357,0.057389177,-0.022886239,-0.11618065,0.00027565844,-0.05331431,-0.027232347,-0.07352888,0.0496727,-0.0073578847,-0.01219298,-0.013445632,-0.038357772,0.010923526,0.01845918,0.03422522,-0.012187902,0.048925962,-0.02630538,-0.020775132,0.0047021224,0.0067660133,-0.0050376644,-0.011381091,-0.0194094,-0.00041289636,0.0572683,0.022605887,-0.020468902,-0.008448512,-0.016260637,-0.008014889,-0.03904413,-0.021032214,-0.036574338,-0.007258081
learn prompt engineering,-0.517411,0.00011402258,-0.10098492,0.09429484,-0.2040955,0.14734703,-0.33014598,-0.48742485,0.14139937,-0.22378981,0.07786927,-0.21825433,-0.061379597,0.17526445,-0.048683453,0.121113226,0.11154418,0.0717573,0.08958285,-0.025875133,0.02885691,0.06469879,-0.22625059,0.022278043,0.057145208,-0.044826582,-0.042489078,0.032710038,-0.06262376,-0.022088462,-0.07435604,0.014362309,0.028443467,-0.049494673,-0.017182479,0.045918506,0.050022766,0.04054456,-0.023038806,0.019136807,0.07300699,-0.03880927,0.031998776,0.004246101,0.023116058,-0.008965073,-0.045098927,-0.026727758,0.067648076,0.012035552
mit applied generative ai,-0.7213311,0.39401734,0.34716105,-0.2966122,-0.14514974,-0.10350502,0.018690396,0.07747269,-0.08498976,0.04342401,-0.022658795,0.08226138,0.033728704,-0.03127126,0.05293651,-0.0011344485,0.016315266,0.053653106,0.0028557787,-0.027731678,0.0064277705,-0.0074222805,-0.017885711,0.063466266,0.008069988,-0.05811171,-0.09969342,0.011839162,-0.04629988,-0.060431685,-0.01315321,0.038023576,-0.0068040327,-0.010012152,0.034157317,0.020879703,0.0010052305,-0.073913075,0.019063521,-0.010745568,0.052621353,-0.05018502,-0.0004839507,0.046264574,-0.09376248,0.025279334,-0.019412676,-0.00787903,-0.04598948,-0.009174219
ai diploma,-0.8145131,-0.25148168,0.010665482,-0.03011123,-0.03222409,0.050934415,0.13147308,-0.0862617,0.026938131,0.019711582,-0.06238767,-0.03152534,0.2544792,-0.07668929,-0.028281735,0.012682387,0.05845691,0.0007683024,-0.0025216988,-0.06287993,0.012000099,0.13207398,0.078899935,0.09604669,-0.006088697,-0.016931787,0.038370922,0.10524678,0.07058966,-0.020682435,-0.045535654,0.07841501,-0.06317344,-0.06452529,0.1110669,-0.013533853,0.0063771126,0.0727822,-0.18798006,-0.08626483,0.04867832,0.112993576,0.032955818,-0.023957191,0.07261661,0.06434857,-0.008209491,0.02827559,-0.027643817,0.05282786
online ai training courses,-0.77634573,-0.088438556,-0.37257794,0.13119005,0.17850167,-0.089570604,0.25101933,-0.21173824,-0.1425944,0.015028395,-0.05552704,0.10875198,-0.023900561,-0.052563597,0.010168476,0.0041863727,0.06668796,-0.014474477,-0.030450756,0.04091311,0.051459145,-0.028589135,-0.0039359834,-0.078354016,-0.029037671,-0.015024217,-0.074401915,-0.04340689,0.028132208,0.052185215,-0.058283664,0.002958403,-0.0022779189,-0.032697245,-0.0053280154,0.011843178,-0.0006372082,-0.0068443287,-0.019135414,0.02242922,-0.049911577,-0.008991192,-0.012400744,0.010441517,-0.032108717,0.06517117,-0.053533275,-0.0060823965,-0.013670868,-0.033725284
mit generative ai,-0.71171004,0.40095487,0.3536055,-0.30061248,-0.18098159,-0.10607719,0.04219447,0.09040961,-0.05335348,0.06870451,-0.015507793,0.11576495,0.0079248855,-0.003773672,0.011592034,0.012825305,0.03681586,0.08007385,-0.009538449,0.008219553,-0.005172667,-0.012227933,-0.06157377,0.017345065,-0.021405714,-0.045190696,-0.06673568,0.018828703,-0.01523802,-0.040903226,-0.03999523,0.025365833,0.013265851,-0.008076717,0.05685522,0.0027964753,0.026187718,-0.059913363,0.04606325,-0.02835752,0.008250023,-0.03299002,0.023137532,-0.0024260227,-0.035792027,-0.0014055175,-0.044990756,-0.015586243,-0.032649465,-0.033251062
generative ai crash course,-0.7795051,0.404291,0.065521985,-0.019722888,0.030471863,0.06451738,-0.08011425,-0.0007704209,0.021172859,0.1313417,-0.024282984,0.028621854,0.01746922,0.053893793,0.026273958,-0.016025336,0.027956074,0.055027425,0.035808004,-0.028966136,-0.13849087,-0.064670905,0.03166081,0.12824233,-0.043371286,-0.0011725674,0.104671314,-0.039081153,-0.034044307,-0.061538097,0.10223386,-0.11442152,-0.021608448,-0.1855878,-0.039874382,-0.042494852,-0.019590702,0.02988814,0.07385671,0.08432036,-0.007062247,-0.106330715,-0.05951754,0.014287987,0.1074679,0.07803494,-0.10541544,0.022945432,-0.057562336,0.0050613545
best prompting courses,-0.50907373,-0.009802079,-0.39703283,0.09972329,-0.22680502,0.28760836,-0.003919201,-0.25651264,0.109443806,-0.039224785,0.19370826,-0.093926586,-0.18770693,0.23052213,-0.12562054,-0.034253716,-0.068382345,0.037821386,0.041969504,0.012497229,-0.14034729,0.013800316,-0.17281482,0.15184249,-0.07447113,0.07817732,-0.15408187,0.026934529,-0.002641064,0.03212786,-0.054498646,0.117122866,-0.029122066,-0.039910816,0.04883249,0.14589423,0.00027034158,-0.064370066,0.07077429,-0.04023783,-0.079366826,0.07158522,-0.10514803,-0.012053451,-0.055450097,-0.026144,0.0378483,0.07279885,-0.057644278,0.00015995443
ai for business leaders,-0.6248422,-0.114330955,0.47479355,0.34131083,0.013389308,0.05814858,0.27366593,0.13802347,0.12718022,-0.14212434,0.1101948,0.04584382,-0.15451261,0.017554559,-0.07274566,-0.0629686,-0.06719523,-0.067358084,0.0013479938,0.04664266,-0.03153007,-0.072900526,-0.049067043,-0.08126455,0.07739683,-0.053756,0.03336265,0.013877071,-0.05434072,-0.019415017,-0.033640947,-0.00011410445,-0.022239303,-0.096016675,-0.021557854,0.03547406,-0.00417351,-0.04095879,-0.0799679,-0.04872982,-0.059027202,-0.052402485,-0.018571012,0.010172339,0.0334269,-0.025948368,0.025222491,-0.021782072,0.018124571,0.0031318169
mit,-0.45419353,-0.16883153,0.043705575,-0.36997342,-0.6262065,-0.251503,0.09224805,-0.03751587,-0.05341226,0.00015616481,0.19572331,0.14767385,-0.0721554,0.03239933,-0.013799885,0.03535777,0.016427895,-0.03436595,-0.0897926,-0.11720929,-0.07992199,0.0419469,-0.060391568,0.056372907,-0.043402553,0.07357161,0.038766015,0.009279733,0.019192731,0.04891203,0.01151806,0.00067558547,-0.03191489,0.07211004,0.03363569,-0.032614965,-0.0024039552,0.019407906,-0.0814105,0.10431033,-0.050187368,0.041774698,-0.00081571715,0.026285354,0.001957067,-0.061565395,0.01083629,-0.06293833,0.03584271,0.0047954726
applied gen ai for digital transformation mit,-0.5681546,-0.0040959753,0.3778948,-0.1522415,0.045115955,-0.09648302,-0.1182772,-0.10294969,-0.29129884,-0.16790485,0.25970307,-0.07082041,0.28783783,-0.061614726,0.009367886,-0.1697485,-0.048893355,-0.08737099,0.0028908662,-0.16067702,0.08834315,-0.03912189,-0.06525246,-0.079436705,-0.023455568,-0.20228876,-0.1355079,-0.06759575,-0.020582855,-0.05301724,0.089462146,-0.029216325,0.028815156,0.004048285,-0.049534597,0.021153383,-0.044263225,-0.014645736,0.09906042,-0.015872397,-0.011956052,-0.013192895,-0.05474511,0.06701962,-0.05953449,0.040291924,0.064312056,-0.0024641214,-0.0721658,0.06045461
mitx,-0.28663823,-0.05146592,0.23225331,-0.34324348,-0.52562827,-0.22486162,0.016542941,-0.08480363,-0.09988791,0.15075645,0.21735075,0.17828053,-0.17121038,0.0666115,-0.15169743,0.10679575,-0.03605922,-0.02227877,-0.046604775,-0.05212499,-0.056411985,-0.040058643,-0.06175859,-0.050191335,-0.00913871,0.010117787,0.16387783,-0.06065009,0.2564531,0.1325932,-0.01953951,-0.14094311,-0.14686875,0.10223897,-0.008828853,0.07384594,0.10916466,-0.040802095,0.022875702,0.034453534,-0.036534738,-0.023996864,0.07830105,0.081660844,0.0043447255,0.04470606,-0.03057277,0.07380634,0.03376486,-0.0015849231
google's introduction to generative ai,-0.6932121,0.45138097,0.21462052,-0.04889331,0.0943098,-0.07270693,-0.0697956,0.15265228,-0.061982486,-0.07996476,0.012521276,-0.088020585,0.03851618,0.049122933,0.0954197,-0.018604025,0.11418823,-0.061550625,0.02622322,0.018341674,0.006314412,0.17469141,-0.0422651,-0.08351034,0.074571766,0.12350158,0.028319841,0.07643931,0.012055123,0.01877228,0.017583666,-0.06858447,-0.14241944,-0.01290024,0.07489219,0.1513652,-0.13165332,0.01383889,0.040050812,0.05230427,-0.0700786,0.07313891,0.018222272,-0.09194506,0.053001314,0.04057716,-0.06149475,-0.009309352,-0.06459523,0.030033903
stanford agentic ai course,-0.82465136,-0.009378048,-0.01058605,0.13685074,-0.1513642,-0.11777339,0.06416455,0.10690511,0.16292042,0.16800943,-0.12610944,-0.1576434,-0.026039217,0.08105471,-0.037079357,-0.005466014,0.06937897,-0.060573272,0.03979936,0.004288627,0.14928143,-0.080086246,-0.08084602,-0.006220259,-0.07274979,-0.12930742,0.0807431,0.029424528,0.013414914,0.046034906,-0.030257197,0.04354496,0.031199746,0.009540348,-0.018059665,-0.01747453,0.030979646,-0.060121283,0.047257505,0.026780417,-0.015474237,-0.064327,0.018428551,-0.07257111,-0.13142475,0.053009618,-0.12224961,0.039752994,-0.008081153,0.09365697
designing ai products and services,-0.6086348,-0.14889312,0.42979166,0.24826944,0.1665834,-0.02171289,0.03311263,-0.0935022,-0.18666585,0.110305965,-0.035674464,-0.26678362,-0.26234442,-0.122933835,0.048222933,0.13993786,-0.024166936,0.0006318996,-0.1528636,-0.12838751,0.04707254,0.088835694,0.003299822,0.030886998,-0.13691606,-0.022290625,-0.03953014,0.06276193,0.0873857,-0.002528719,-0.04405357,-0.021827875,0.05047141,0.03315653,0.03501977,-0.009538084,-0.056566235,0.010381175,0.0067695025,-0.0014851344,-0.01025664,-0.021597112,0.021953272,0.024223465,-0.013003504,-0.031212112,-0.009096336,-0.011441985,-0.0040723784,0.0051687798
ai for executives,-0.65717316,-0.15222916,0.48368275,0.35735372,0.020953687,0.05259538,0.19837877,0.08292203,0.17366748,-0.0911045,0.1081666,0.109222494,0.06615953,0.09135916,-0.010377066,0.05081497,0.07918378,0.05300818,0.043479603,-0.019396408,0.030835746,0.023018634,-0.040221184,0.0119448695,0.0009994735,0.08737126,-0.0007740844,-0.03727411,-0.032489404,0.060381558,0.00041967235,-0.012527241,0.02898124,0.07330305,0.0014659443,0.024712529,0.030961588,-0.023490041,0.06614091,-0.021325247,0.0029131116,0.004751528,0.007095618,-0.033613794,-0.05077167,0.0428867,0.045038067,-0.04603577,0.0518467,-0.04752892
genai for digital transformation,-0.35434324,0.09792745,0.3034014,-0.06424834,0.21269277,0.030333934,-0.18172292,-0.12730534,-0.24799463,-0.14450295,0.44681904,-0.18639849,0.31813174,-0.09243224,-0.17530198,-0.22598483,-0.027502706,-0.109585516,0.074146986,-0.18016678,0.11731612,0.045603808,-0.059360094,-0.059791554,-0.05639723,-0.10404033,-0.01797254,-0.16054147,0.03169099,0.06294882,0.033484686,-0.0050754887,0.05746194,0.07295247,0.012692176,-0.045849465,0.02569044,0.0015342515,-0.043072898,-0.031170087,-0.047593128,0.07747969,-0.04439285,-0.017691888,0.058264397,0.0070459223,-0.056784835,0.060281392,0.08951228,-0.04281767
generative ai for business,-0.61679924,0.26579896,0.51211214,0.066561565,0.06504733,0.07935149,0.15438598,0.05124689,0.07781942,-0.18256193,0.09682348,-0.0124455,-0.19327024,-0.15261248,-0.058187656,-0.029920505,-0.06008058,-0.09365441,-0.006394533,-0.05872834,-0.118573956,-0.014631708,-0.0290958,0.16149327,0.041427337,0.05947078,0.023815425,-0.17916518,0.032504804,-0.023831967,-0.06918052,0.013801899,-0.043144595,-0.064723,-0.06955376,-0.034737114,-0.05718021,-0.016709784,-0.058368802,0.0075122816,0.004285112,0.0066564414,-0.020978307,-0.08150885,-0.039757166,-0.028380325,-0.005834704,-0.0057597393,-0.015536594,-0.029175077
