Campaign,Conversion action,Hour of the day,All conv.
Course - System Thinking - Run 12 - Search - Lead Gen - US,Purchase,0,0.40
Course - System Thinking - Run 12 - Search - Lead Gen - A/Developed,Purchase,0,2.00
Course - System Thinking - Run 12 - Search - Lead Gen - B/Developing,Purchase,0,0.03
Course - System Thinking - Run 16 - Search - Lead Gen - US - Exact,Purchase,0,2.00
Course - System Thinking - Run 16 - Search - Lead Gen - B - Exact & Phrase,Purchase,0,1.00
Course - System Thinking - Run 17 - Search - Prospecting - B,Purchase,0,1.00
Course - System Thinking - Run 12 - Search - Lead Gen - US,Purchase,1,1.20
Course - System Thinking - Run 12 - Search - Lead Gen - A/Developed,Purchase,1,2.00
Course - System Thinking - Run 12 - Search - Lead Gen - B/Developing,Purchase,1,0.03
Course - System Thinking - Run 16 - Search - Lead Gen - A - Exact & Phrase,Purchase,1,1.00
Course - System Thinking - Run 14 - Search - Lead Gen - C - Exact & Phrase,Purchase,1,1.00
Course - System Thinking - Run 16 - Search - Lead Gen - US - Broad,Purchase,1,2.00
Course - System Thinking - Run 12 - Search - Lead Gen - US,Purchase,2,1.00
Course - System Thinking - Run 12 - Search - Lead Gen - A/Developed,Purchase,2,4.30
Course - System Thinking - Run 12 - Search - Lead Gen - B/Developing,Purchase,2,0.50
Course - System Thinking - Run 16 - Search - Lead Gen - A - Exact & Phrase,Purchase,2,1.00
Course - System Thinking - Run 17 - Search - Prospecting - A,Purchase,2,1.00
Course - System Thinking - Run 12 - Search - Lead Gen - A/Developed,Purchase,3,3.90
Course - System Thinking - Run 12 - Search - Lead Gen - B/Developing,Purchase,3,1.57
Course - System Thinking - Run 16 - Search - Lead Gen - A - Exact & Phrase,Purchase,3,2.50
Course - System Thinking - Run 16 - Search - Lead Gen - B - Exact & Phrase,Purchase,3,1.00
Course - System Thinking - Run 14 - Search - Lead Gen - C - Exact & Phrase,Purchase,3,1.00
Course - System Thinking - Run 17 - Search - Prospecting - A,Purchase,3,0.50
Course - System Thinking - Run 12 - Search - Lead Gen - US,Purchase,4,1.50
Course - System Thinking - Run 12 - Search - Lead Gen - A/Developed,Purchase,4,5.30
Course - System Thinking - Run 12 - Search - Lead Gen - B/Developing,Purchase,4,1.44
Course - System Thinking - Run 16 - Search - Lead Gen - A - Exact & Phrase,Purchase,4,2.25
Course - System Thinking - Run 16 - Search - Lead Gen - B - Exact & Phrase,Purchase,4,1.00
Course - System Thinking - Run 12 - Search - Lead Gen - US,Purchase,5,0.50
Course - System Thinking - Run 12 - Search - Lead Gen - A/Developed,Purchase,5,3.20
Course - System Thinking - Run 12 - Search - Lead Gen - B/Developing,Purchase,5,2.20
Course - System Thinking - Run 16 - Search - Lead Gen - A - Exact & Phrase,Purchase,5,1.80
Course - System Thinking - Run 16 - Search - Lead Gen - B - Exact & Phrase,Purchase,5,1.00
Course - System Thinking - Run 17 - Search - Prospecting - USA,Purchase,5,1.00
Course - System Thinking - Run 17 - Search - Prospecting - A,Purchase,5,2.00
Course - System Thinking - Run 12 - Search - Lead Gen - A/Developed,Purchase,6,3.00
Course - System Thinking - Run 12 - Search - Lead Gen - B/Developing,Purchase,6,1.30
Course - System Thinking - Run 16 - Search - Lead Gen - US - Exact,Purchase,6,1.00
Course - System Thinking - Run 16 - Search - Lead Gen - A - Exact & Phrase,Purchase,6,3.20
Course - System Thinking - Run 16 - Search - Lead Gen - B - Exact & Phrase,Purchase,6,1.00
Course - System Thinking - Run 17 - Search - Prospecting - USA,Purchase,6,1.00
Course - System Thinking - Run 12 - Search - Lead Gen - US,Purchase,7,1.00
Course - System Thinking - Run 12 - Search - Lead Gen - A/Developed,Purchase,7,4.00
Course - System Thinking - Run 12 - Search - Lead Gen - B/Developing,Purchase,7,3.50
Course - System Thinking - Run 16 - Search - Lead Gen - B - Exact & Phrase,Purchase,7,2.00
Course - System Thinking - Run 17 - Search - Prospecting - USA,Purchase,7,1.00
Course - System Thinking - Run 17 - Search - Prospecting - A,Purchase,7,1.00
Course - System Thinking - Run 12 - Search - Lead Gen - US,Purchase,8,3.90
Course - System Thinking - Run 12 - Search - Lead Gen - A/Developed,Purchase,8,3.00
Course - System Thinking - Run 12 - Search - Lead Gen - B/Developing,Purchase,8,1.00
Course - System Thinking - Run 16 - Search - Lead Gen - US - Exact,Purchase,8,2.00
Course - System Thinking - Run 16 - Search - Lead Gen - A - Exact & Phrase,Purchase,8,5.50
Course - System Thinking - Run 12 - Search - Lead Gen - US,Purchase,9,1.50
Course - System Thinking - Run 12 - Search - Lead Gen - A/Developed,Purchase,9,5.97
Course - System Thinking - Run 12 - Search - Lead Gen - B/Developing,Purchase,9,2.30
Course - System Thinking - Run 16 - Search - Lead Gen - US - Exact,Purchase,9,3.00
Course - System Thinking - Run 16 - Search - Lead Gen - A - Exact & Phrase,Purchase,9,2.25
Course - System Thinking - Run 14 - Search - Lead Gen - C - Exact & Phrase,Purchase,9,1.00
Course - System Thinking - Run 17 - Search - Prospecting - USA,Purchase,9,2.00
Course - System Thinking - Run 17 - Search - Prospecting - A,Purchase,9,1.00
Course - System Thinking - Run 12 - Search - Lead Gen - US,Purchase,10,2.30
Course - System Thinking - Run 12 - Search - Lead Gen - A/Developed,Purchase,10,4.50
Course - System Thinking - Run 12 - Search - Lead Gen - B/Developing,Purchase,10,2.40
Course - System Thinking - Run 16 - Search - Lead Gen - US - Exact,Purchase,10,2.00
Course - System Thinking - Run 16 - Search - Lead Gen - A - Exact & Phrase,Purchase,10,1.50
Course - System Thinking - Run 16 - Search - Lead Gen - B - Exact & Phrase,Purchase,10,1.00
Course - System Thinking - Run 17 - Search - Prospecting - USA,Purchase,10,1.00
Course - System Thinking - Run 12 - Search - Lead Gen - US,Purchase,11,3.40
Course - System Thinking - Run 12 - Search - Lead Gen - A/Developed,Purchase,11,4.80
Course - System Thinking - Run 12 - Search - Lead Gen - B/Developing,Purchase,11,1.50
Course - System Thinking - Run 16 - Search - Lead Gen - US - Exact,Purchase,11,2.00
Course - System Thinking - Run 16 - Search - Lead Gen - A - Exact & Phrase,Purchase,11,1.00
Course - System Thinking - Run 17 - Search - Prospecting - USA,Purchase,11,1.00
Course - System Thinking - Run 17 - Search - Prospecting - A,Purchase,11,0.50
Course - System Thinking - Run 12 - Search - Lead Gen - US,Purchase,12,5.40
Course - System Thinking - Run 12 - Search - Lead Gen - A/Developed,Purchase,12,5.20
Course - System Thinking - Run 12 - Search - Lead Gen - B/Developing,Purchase,12,1.29
Course - System Thinking - Run 16 - Search - Lead Gen - US - Exact,Purchase,12,5.25
Course - System Thinking - Run 16 - Search - Lead Gen - A - Exact & Phrase,Purchase,12,3.00
Course - System Thinking - Run 16 - Search - Lead Gen - US - Broad,Purchase,12,1.00
Course - System Thinking - Run 16 - Search - Lead Gen - US - Phrase,Purchase,12,1.00
Course - System Thinking - Run 17 - Search - Prospecting - A,Purchase,12,1.00
Course - System Thinking - Run 12 - Search - Lead Gen - US,Purchase,13,4.50
Course - System Thinking - Run 12 - Search - Lead Gen - A/Developed,Purchase,13,2.47
Course - System Thinking - Run 12 - Search - Lead Gen - B/Developing,Purchase,13,1.22
Course - System Thinking - Run 16 - Search - Lead Gen - US - Exact,Purchase,13,1.00
Course - System Thinking - Run 16 - Search - Lead Gen - US - Broad,Purchase,13,1.00
Course - System Thinking - Run 17 - Search - Prospecting - USA,Purchase,13,2.00
Course - System Thinking - Run 12 - Search - Lead Gen - US,Purchase,14,7.50
Course - System Thinking - Run 12 - Search - Lead Gen - A/Developed,Purchase,14,3.27
Course - System Thinking - Run 12 - Search - Lead Gen - B/Developing,Purchase,14,0.50
Course - System Thinking - Run 16 - Search - Lead Gen - US - Exact,Purchase,14,3.25
Course - System Thinking - Run 16 - Search - Lead Gen - A - Exact & Phrase,Purchase,14,1.00
Course - System Thinking - Run 16 - Search - Lead Gen - B - Exact & Phrase,Purchase,14,1.00
Course - System Thinking - Run 16 - Search - Lead Gen - US - Phrase,Purchase,14,1.00
Course - System Thinking - Run 17 - Search - Prospecting - USA,Purchase,14,1.00
Course - System Thinking - Run 17 - Search - Prospecting - A,Purchase,14,1.00
Course - System Thinking - Run 12 - Search - Lead Gen - US,Purchase,15,3.40
Course - System Thinking - Run 12 - Search - Lead Gen - A/Developed,Purchase,15,4.00
Course - System Thinking - Run 12 - Search - Lead Gen - B/Developing,Purchase,15,1.20
Course - System Thinking - Run 16 - Search - Lead Gen - US - Exact,Purchase,15,3.00
Course - System Thinking - Run 16 - Search - Lead Gen - A - Exact & Phrase,Purchase,15,2.00
Course - System Thinking - Run 16 - Search - Lead Gen - B - Exact & Phrase,Purchase,15,1.00
Course - System Thinking - Run 16 - Search - Lead Gen - US - Phrase,Purchase,15,0.25
Course - System Thinking - Run 17 - Search - Prospecting - USA,Purchase,15,2.00
Course - System Thinking - Run 12 - Search - Lead Gen - US,Purchase,16,2.00
Course - System Thinking - Run 12 - Search - Lead Gen - B/Developing,Purchase,16,0.20
Course - System Thinking - Run 16 - Search - Lead Gen - US - Exact,Purchase,16,3.00
Course - System Thinking - Run 16 - Search - Lead Gen - B - Exact & Phrase,Purchase,16,2.00
Course - System Thinking - Run 17 - Search - Prospecting - USA,Purchase,16,1.25
Course - System Thinking - Run 12 - Search - Lead Gen - US,Purchase,17,2.80
Course - System Thinking - Run 12 - Search - Lead Gen - A/Developed,Purchase,17,1.70
Course - System Thinking - Run 12 - Search - Lead Gen - B/Developing,Purchase,17,0.92
Course - System Thinking - Run 16 - Search - Lead Gen - US - Exact,Purchase,17,1.75
Course - System Thinking - Run 12 - Search - Lead Gen - US,Purchase,18,6.40
Course - System Thinking - Run 12 - Search - Lead Gen - A/Developed,Purchase,18,1.10
Course - System Thinking - Run 16 - Search - Lead Gen - US - Exact,Purchase,18,2.50
Course - System Thinking - Run 17 - Search - Prospecting - USA,Purchase,18,1.00
Course - System Thinking - Run 12 - Search - Lead Gen - US,Purchase,19,4.00
Course - System Thinking - Run 12 - Search - Lead Gen - A/Developed,Purchase,19,0.40
Course - System Thinking - Run 17 - Search - Prospecting - USA,Purchase,19,1.00
Course - System Thinking - Run 12 - Search - Lead Gen - US,Purchase,20,3.00
Course - System Thinking - Run 12 - Search - Lead Gen - A/Developed,Purchase,20,2.00
Course - System Thinking - Run 16 - Search - Lead Gen - US - Exact,Purchase,20,1.00
Course - System Thinking - Run 16 - Search - Lead Gen - A - Exact & Phrase,Purchase,20,2.00
Course - System Thinking - Run 12 - Search - Lead Gen - US,Purchase,21,2.80
Course - System Thinking - Run 16 - Search - Lead Gen - US - Exact,Purchase,21,1.00
Course - System Thinking - Run 16 - Search - Lead Gen - US - Broad,Purchase,21,1.00
Course - System Thinking - Run 12 - Search - Lead Gen - A/Developed,Purchase,22,2.00
Course - System Thinking - Run 12 - Search - Lead Gen - B/Developing,Purchase,22,1.02
Course - System Thinking - Run 16 - Search - Lead Gen - US - Exact,Purchase,22,3.00
Course - System Thinking - Run 16 - Search - Lead Gen - B - Exact & Phrase,Purchase,22,1.00
Course - System Thinking - Run 16 - Search - Lead Gen - US - Broad,Purchase,22,1.00
Course - System Thinking - Run 12 - Search - Lead Gen - US,Purchase,23,1.00
Course - System Thinking - Run 12 - Search - Lead Gen - A/Developed,Purchase,23,0.50
Course - System Thinking - Run 12 - Search - Lead Gen - B/Developing,Purchase,23,0.44
