Keyword,Region,Match type,Origin,Optimal Cost,Gurobi Pred,Gurobi Pred over Base,Actual Model Pred,Diff
ai online tutorial,USA,Broad match,existing searches,0.5600000188895251,0.76937614177,0.45969144795667605,0.76937634,-1.9575822873818538e-07
amazon course machine learning,USA,Phrase match,new,0.8299999786168352,1.3743460977500004,0.5900432074492497,1.3743461,-3.929681358094683e-08
applied data science program mit,USA,Exact match,existing,0.829999978616835,2.356274708380001,1.3091317258970907,2.3562748,-1.3483594152319256e-07
applied data science program mit,USA,Phrase match,existing,0.829999978616835,2.6768625046700008,1.3091318871468074,2.6768627,-2.1200480393446242e-07
applied data science program mit,USA,Broad match,existing,0.8299999786168243,2.7083369252700003,1.4229329583663137,2.708337,-1.4328773900729175e-07
applied data science program mit,A,Exact match,existing,0.5999999922957713,2.785876353580002,1.1209550698580784,2.7858768,-3.973660427369907e-07
applied data science program mit,A,Phrase match,existing,0.5999999922957926,2.8970647178700797,1.1209550224355094,2.897065,-2.063700326182527e-07
applied data science program mit,A,Broad match,existing,1.370000011549795,3.656931428365001,1.9631483835499375,3.6569316,-2.1035265040936224e-07
applied data science program mit,B,Exact match,existing,0.7100000031519427,3.2842982845100024,1.4268761710914233,3.2842984,-1.3544239019225301e-07
applied data science program mit,B,Broad match,existing,0.7100000031519718,3.682347828000001,1.5406771241120616,3.6823478,5.3494385809926825e-08
apply for mit,USA,Exact match,existing searches,0.8299999786168355,2.4099775235800007,1.3091315906194905,2.4099777,-1.5090425220520842e-07
apply for mit,USA,Phrase match,existing searches,0.8299999786168324,2.7270685843500004,1.3091319016488896,2.727069,-3.1671201128347093e-07
apply for mit,USA,Broad match,existing searches,0.8299999786168352,2.659645581850001,1.309131765970179,2.6596458,-2.1397214267082632e-07
apply for mit,A,Exact match,existing searches,0.5999999922958005,2.8395791687800003,1.1209549345804763,2.8395793,-1.7501577609380092e-07
apply for mit,A,Phrase match,existing searches,0.5999999922957073,2.947270797550001,1.1209550369375134,2.947271,-3.1107731812696215e-07
apply for mit,A,Broad match,existing searches,0.5999999922956647,2.879847795050001,1.1209549012588025,2.879848,-2.0833744995840675e-07
artificial intelligence webinar,A,Broad match,existing searches,1.3700000115497961,2.007537971045,1.1302588086380787,2.007538,-1.0917045401015457e-07
best coding courses,B,Broad match,existing searches,6.32999984951388,14.241842780080002,12.750443491902512,14.241842,5.101825415465555e-07
big data and machine learning in quantitative investment,A,Broad match,existing searches,5.1400002102806965,5.612425597806001,4.33020201553824,5.612426,-2.0633218245080798e-07
big data mit,USA,Exact match,existing searches,0.8299999786168359,2.775421552236001,1.3091319127630396,2.775422,-5.440164403403003e-07
big data mit,USA,Phrase match,existing searches,0.829999978616835,2.9678493335260003,1.3091318204415887,2.9678497,-3.9791931216726084e-07
big data mit,USA,Broad match,existing searches,0.8299999786167359,3.0668073581260002,1.422932951311425,3.0668075,-1.5034262768054418e-07
big data mit,A,Exact match,existing searches,0.5999999922956221,2.88255635163613,1.120954903577048,2.882557,-5.63647073015261e-07
big data mit,A,Phrase match,existing searches,0.5999999922957819,2.993744715926001,1.1209548561542726,2.993745,-3.726512693980055e-07
big data mit,A,Broad match,existing searches,1.3700000115497941,3.821095030421001,1.9631481577098193,3.821095,4.0644389631694366e-08
big data mit,B,Broad match,existing searches,2.940000008088725,8.83380390355601,6.527969610190532,8.833805,-1.1806725055407696e-06
bootcamp gratis,A,Broad match,existing searches,1.1100000164311883,1.3766917433010006,0.7232807721362973,1.376692,-3.13354883152428e-07
curso cs50 harvard,USA,Exact match,existing searches,0.829999978616835,2.4365584269260006,1.3091318026279049,2.4365582,1.8031345172531132e-07
curso cs50 harvard,USA,Phrase match,existing searches,0.829999978616835,2.683577768606001,1.3091318533838332,2.6835778,-7.3491990271179475e-09
curso cs50 harvard,USA,Broad match,existing searches,0.8299999786168313,2.715052189206001,1.42293292460334,2.7150524,-1.7705071275742057e-07
curso cs50 harvard,A,Exact match,existing searches,0.5999999922957144,2.543693226326001,1.120954912651074,2.5436933,-7.773588883708271e-08
curso cs50 harvard,A,Phrase match,existing searches,0.599999992295789,2.709473151006001,1.1209550083058057,2.7094734,-2.2049973624760355e-07
curso cs50 harvard,A,Broad match,existing searches,1.3700000115497963,3.4693398615010014,1.963148369420313,3.4693398,1.393630411072877e-08
curso cs50 harvard,B,Broad match,existing searches,0.7100000031519715,3.391657462636002,1.540677180806168,3.3916576,-1.2823008699314187e-07
curso de python mit,USA,Exact match,existing searches,0.829999978616835,2.149779064826001,1.3091316654004945,2.1497793,-2.549371824756008e-07
curso de python mit,USA,Phrase match,existing searches,0.829999978616832,2.546288798906001,1.309131930925044,2.546289,-1.6822656734305497e-07
curso de python mit,USA,Broad match,existing searches,0.8299999786168324,2.5659594230060008,1.4229329518680003,2.5659595,-3.057676289941469e-08
curso de python mit,A,Exact match,existing searches,0.5999999922957144,2.579380710026131,1.1209550689662553,2.579381,-2.7904857624605484e-07
curso de python mit,A,Phrase match,existing searches,0.5999999922957002,2.766491012106048,1.120955066213714,2.7664912,-1.6259182800126837e-07
curso de python mit,A,Broad match,existing searches,0.5999999922957571,2.7861616362060015,1.234756087156624,2.786162,-2.633606488444684e-07
curso de python mit,B,Broad match,existing searches,2.9400000080887234,8.410554650936003,6.41126144281375,8.410556,-1.1886025710339254e-06
curso ia harvard,USA,Exact match,existing searches,0.829999978616835,2.3899223138700005,1.3091316749463555,2.3899224,-6.657738715887263e-08
curso ia harvard,USA,Phrase match,existing searches,0.829999978616835,2.8209158601500004,1.309131664250037,2.8209162,-3.15692284758029e-07
curso ia harvard,USA,Broad match,existing searches,0.8299999786168331,2.84058648425,1.4229329236115724,2.8405867,-1.7804248031438874e-07
curso ia harvard,A,Exact match,existing searches,0.5999999922957144,2.4970571132700012,1.1209549041788147,2.4970572,-8.620814817561495e-08
curso ia harvard,A,Phrase match,existing searches,0.5999999922957429,2.846811242550001,1.1209550575905896,2.8468115,-2.904242419887737e-07
curso ia harvard,A,Broad match,existing searches,0.5999999922958053,2.8664818666500014,1.2347560785335463,2.8664823,-3.911930162026067e-07
curso ia harvard,B,Broad match,existing searches,0.7100000031519713,3.413726789180002,1.5406771723663422,3.4137268,-1.7460623169540668e-08
cursos gratuitos mit,USA,Exact match,existing searches,0.829999978616835,2.160711232726001,1.3091317454022402,2.1607113,-5.572614725224412e-08
cursos gratuitos mit,USA,Phrase match,existing searches,0.8299999786168331,2.632938492406,1.3091319681292668,2.6329386,-1.3102234452944117e-07
cursos gratuitos mit,USA,Broad match,existing searches,0.8299999786167991,2.5659594230060003,1.4229329518679998,2.5659595,-3.05767633435039e-08
cursos gratuitos mit,A,Exact match,existing searches,0.5999999922957144,2.5903128779260003,1.1209551489678704,2.5903134,-5.566748297880508e-07
cursos gratuitos mit,A,Phrase match,existing searches,0.5999999922957571,2.853140705606001,1.1209551034178906,2.8531408,-1.253876513729324e-07
cursos gratuitos mit,A,Broad match,existing searches,0.5999999922956647,2.7861616362060015,1.234756087156624,2.786162,-2.633606488444684e-07
cursos gratuitos mit,B,Broad match,existing searches,1.9899999883090342,6.473277108631002,4.473983900508749,6.473277,1.6651021894631413e-08
deep learning mit,USA,Exact match,existing searches,0.5999999922958049,2.3628423552799998,1.1209551434803782,2.362842,2.723027048290305e-07
deep learning mit,USA,Phrase match,existing searches,0.5999999922958049,2.55527013657,1.1209550511589281,2.55527,1.7998125478868587e-07
deep learning mit,USA,Broad match,existing searches,0.8299999786168355,2.6805112782700005,1.3091316643936577,2.6805112,4.207920456522629e-08
deep learning mit,A,Exact match,existing searches,0.5999999922957002,2.6581538756800014,1.1209549745035488,2.658154,-1.3509270369027604e-07
deep learning mit,A,Phrase match,existing searches,0.599999992295805,2.7693422399700007,1.1209549270809016,2.7693422,5.590322826876104e-08
deep learning mit,A,Broad match,existing searches,1.3700000115497861,3.434798950565001,1.849347109210631,3.4347987,2.3306622187746484e-07
deep learning nanodegree,USA,Exact match,existing searches,0.8299999786168342,2.750383998426001,1.30913188603739,2.7503843,-3.3232351093204215e-07
deep learning nanodegree,USA,Phrase match,existing searches,0.8299999786168346,3.1008683086060005,1.309131825032087,3.1008687,-3.933288139634783e-07
deep learning nanodegree,USA,Broad match,existing searches,0.8299999786168257,3.1214105613060004,1.422932816249848,3.1214108,-2.854042047140126e-07
deep learning nanodegree,A,Exact match,existing searches,0.5999999922957144,2.8575187978262058,1.1209548768514743,2.8575191,-3.5195406766774795e-07
deep learning nanodegree,A,Phrase match,existing searches,0.5999999922957784,3.126763691006001,1.1209548607447704,3.126764,-3.680607716383122e-07
deep learning nanodegree,A,Broad match,existing searches,0.5999999922957713,3.1473059437062054,1.2347558519627362,3.1473064,-4.985545367652833e-07
deep learning nanodegree,B,Broad match,existing searches,0.599999992295805,3.4698987022360015,1.3160247817953277,3.469899,-2.3689668893212001e-07
edx data science harvard,USA,Exact match,existing searches,0.829999978616835,2.5604524465360012,1.3091317268170681,2.5604525,-1.470667454483987e-08
edx data science harvard,USA,Phrase match,existing searches,0.8299999786168339,2.8563451963260005,1.3091316419436763,2.8563454,-2.1878935596575388e-07
edx data science harvard,USA,Broad match,existing searches,0.829999978616834,2.8878196169260004,1.4229329515817621,2.8878198,-1.50072290594494e-07
edx data science harvard,A,Exact match,existing searches,0.5999999922957073,2.667587245936002,1.1209549560495273,2.6675873,-3.43374355615822e-08
edx data science harvard,A,Phrase match,existing searches,0.5999999922957819,2.882240578726063,1.1209550352842905,2.8822408,-1.935212514680984e-07
edx data science harvard,A,Broad match,existing searches,0.5999999922957819,2.913714999326088,1.2347561065038222,2.9137154,-3.6322274032940527e-07
edx data science harvard,B,Broad match,existing searches,1.9899999883090331,6.510974853051001,4.590692250740821,6.5109744,4.4585495651006113e-07
edx harvard,USA,Exact match,existing searches,0.8299999786168355,3.0114939788699995,1.309131799113835,3.0114942,-1.808284868509702e-07
edx harvard,USA,Phrase match,existing searches,0.8299999786168342,3.23719198655,1.3091316933523682,3.2371924,-4.05799243097249e-07
edx harvard,USA,Broad match,existing searches,0.8299999786168344,3.100176122550001,1.4229327706136607,3.1001766,-4.5024968153839495e-07
edx harvard,A,Exact match,existing searches,0.5999999922957002,3.118628778270001,1.120955028346295,3.1186292,-4.388778260810966e-07
edx harvard,A,Phrase match,existing searches,0.5999999922958063,3.263087368950001,1.1209548482743417,3.263088,-6.189497794295562e-07
edx harvard,A,Broad match,existing searches,1.3700000115497963,3.8544637948450005,1.9631480962213432,3.854464,-2.5926266555842403e-07
edx harvard,B,Broad match,existing searches,0.7100000031519713,3.6733164274800014,1.54067678094985,3.6733167,-2.896678257258145e-07
google courses artificial intelligence,USA,Exact match,existing searches,0.8299999786168352,0.8233544532260004,0.5900433663329188,0.8233544,3.0179888366177465e-08
google crash course,USA,Exact match,existing searches,0.8299999786168352,1.3051613496260006,0.5900434182600338,1.3051614,-7.299963744600291e-09
google crash course,USA,Phrase match,existing searches,0.8299999786168352,1.6769760372060007,0.5900434972661204,1.6769761,-4.7503166733520175e-08
google crash course machine learning,USA,Exact match,new,0.8299999786168352,0.8944948120700007,0.5900433762656336,0.8944948,4.011260323899535e-08
google machine learning courses,USA,Phrase match,new,0.8299999786168352,1.338130974106001,0.5900432699243299,1.338131,2.317826663933431e-08
google machine learning crash course,USA,Exact match,existing searches,0.8299999786168352,1.14466206607,0.5900434094347156,1.1446619,1.6268865232760277e-07
google machine learning crash course,USA,Phrase match,existing searches,0.8299999786168352,1.3111812150500004,0.5900433933756535,1.3111812,2.7420300696689992e-08
harvard cs50 python,USA,Exact match,existing searches,0.5999999922958049,2.4935537299700004,1.1209550818987113,2.4935534,3.2993032750283646e-07
harvard cs50 python,USA,Phrase match,existing searches,0.5999999922958049,2.7848591814500008,1.1209551105958138,2.7848592,9.995613226010391e-10
harvard cs50 python,USA,Broad match,existing searches,0.8299999786168344,2.8469522063500006,1.4229329888588507,2.8469524,-2.3200449161819847e-07
harvard cs50 python,A,Exact match,existing searches,0.5999999922957002,2.788865250370002,1.1209549129218819,2.7888653,-7.74650810164701e-08
harvard cs50 python,A,Phrase match,existing searches,0.5999999922958064,2.998931284850001,1.1209547480992077,2.9989314,-1.23078465641413e-07
harvard cs50 python,A,Broad match,existing searches,1.3700000115497966,3.601239878645001,1.9631484336758236,3.60124,-4.101747475004913e-08
harvard cs50 python,B,Broad match,existing searches,0.7100000031519716,3.4403258834800012,1.5406769786795862,3.440326,-9.193808958585237e-08
harvard machine learning courses,USA,Exact match,existing searches,0.8299999786168352,0.8636655550260006,0.5900433700341641,0.8636655,3.388113367641665e-08
how artificial intelligence work,A,Broad match,existing searches,1.3700000115497966,2.562195816301001,1.4678241398559937,2.5621955,2.7682651371208067e-07
how to learn ai online,USA,Broad match,existing searches,0.56000001888953,1.24500602607,0.459691346924187,1.2450061,-5.8372138678208785e-08
how to learn ai online free,USA,Broad match,existing searches,0.56000001888953,1.0488768831260005,0.45969122800896556,1.0488771,-2.3689200490117912e-07
how to learn ai online free,A,Broad match,existing searches,1.3700000115497932,2.1856481072210006,1.1880836126111678,2.185648,1.4274346149534267e-07
how to learn coding,USA,Exact match,existing searches,0.8299999786168355,1.2483715737360002,0.7649429762857438,1.2483715,9.184055338451458e-08
how to learn coding,USA,Phrase match,existing searches,0.8299999786168355,1.4194780210260003,0.764942906260833,1.419478,-3.778900214967962e-08
how to learn coding,USA,Broad match,existing searches,0.8299999786168378,1.3565424417260006,0.7649428581002071,1.3565426,-1.455542728567849e-07
how to learn coding,A,Phrase match,existing searches,0.8299999786168352,1.6335501244260011,0.7649427821828065,1.63355,7.655155043195805e-08
how to learn coding,A,Broad match,existing searches,1.3700000115497961,2.110830114021,1.3051583029171794,2.1108298,2.838513224467931e-07
how to make ai play games,USA,Broad match,existing searches,0.5600000188895282,0.763952405126,0.4596914955686575,0.7639526,-2.0775089204505548e-07
how to make ai play games,A,Broad match,existing searches,1.3700000115497937,1.900723629221,1.1880835821476357,1.9007237,-6.653400497214079e-08
how to make ai play games,B,Broad match,existing searches,4.610000200188741,11.402881036656003,10.345452557461362,11.402881,3.680158666696798e-07
how to master in artificial intelligence,A,Broad match,existing searches,1.3700000115497961,2.1796193906210015,1.3889952489278863,2.1796193,7.833462456474649e-08
how to program ai in python,USA,Broad match,existing searches,0.5600000188895282,0.5704209618060002,0.45969151330870484,0.57042116,-1.974614253219542e-07
how to program ai in python,B,Broad match,existing searches,4.610000200188739,11.209349593336,10.345452388936891,11.209349,9.147471331516499e-07
introduction to python microsoft certification,B,Broad match,existing searches,4.610000200188725,10.675561884436002,9.536934712919583,10.675563,-9.741455411216293e-07
learn coding online,USA,Exact match,existing searches,0.8299999786168339,1.3185900455360007,0.764942706191976,1.3185902,-1.1864856963583748e-07
learn coding online,USA,Broad match,existing searches,0.8299999786168344,1.7091053327260006,0.7649429043469418,1.7091055,-1.5891218296815168e-07
learn coding online,A,Exact match,existing searches,0.8299999786168352,1.6139015659360014,0.7649426564244353,1.6139016,-4.920682084019745e-08
learn coding online,A,Phrase match,existing searches,0.8299999786168356,1.8285548987260007,0.764942676054492,1.828555,-8.918140892433257e-08
learn coding online,A,Broad match,existing searches,1.3700000115497963,2.463393005021001,1.3051580511406908,2.4633927,2.7049341300156016e-07
learn python,B,Broad match,existing searches,5.010000158221919,12.759933812836001,11.453870399216006,12.759933,3.411563138655538e-07
learn tensorflow,USA,Exact match,existing searches,0.8299999786168352,1.00035620958,0.5900433483758527,1.0003563,-1.0698646724094374e-07
learn tensorflow,USA,Phrase match,existing searches,0.8299999786168352,1.2870429650500004,0.5900432363703434,1.2870431,-1.2958500938964335e-07
lex fridman mit,USA,Exact match,existing searches,0.5999999922958049,2.315089863480001,1.1209551512607625,2.31509,-7.754477948651584e-08
lex fridman mit,USA,Phrase match,existing searches,0.5999999922958049,2.5816867022500016,1.1209550766930558,2.5816867,-3.290319661175545e-08
lex fridman mit,USA,Broad match,existing searches,0.8299999786168333,2.5519229178500016,1.3091317420077164,2.5519233,-3.5714389490237863e-07
lex fridman mit,A,Exact match,existing searches,0.599999992295805,2.6104013838800006,1.1209549822839313,2.6104019,-4.849401897821792e-07
lex fridman mit,A,Phrase match,existing searches,0.5999999922956434,2.795758805650001,1.120954952615028,2.795759,-1.569812244639479e-07
lex fridman mit,A,Broad match,existing searches,0.5999999922956434,2.5778183002500006,1.120954896929688,2.5778186,-3.3187585390948016e-07
machine learning amazon course,USA,Exact match,new,0.8299999786168352,1.0335107585360008,0.5900433799196678,1.0335107,7.356895981303069e-08
machine learning basics pdf,A,Phrase match,existing searches,1.3700000115497963,1.790573790745001,1.1584857852022459,1.7905741,-2.830465029024509e-07
machine learning basics pdf,A,Broad match,existing searches,1.370000011549795,1.9387563596450004,1.3889951239310416,1.9387563,1.2942424687523157e-08
machine learning for managers,B,Broad match,existing searches,4.610000200188733,10.636259610780002,9.420226509698153,10.63626,-4.218738069994288e-07
machine learning from scratch,B,Broad match,existing searches,4.610000200188742,11.27645045068,10.033899123928292,11.27645,2.9351447317083057e-07
machine learning in biomedical engineering,B,Broad match,existing searches,4.610000200188733,10.69896406958,9.536934803222579,10.698964,-4.93775189625012e-08
machine learning micromasters,USA,Exact match,existing searches,0.8299999786168353,1.0425567253260006,0.764942876878201,1.0425566,8.183997768362872e-08
machine learning micromasters,USA,Phrase match,existing searches,0.8299999786168339,1.2823268499060008,0.7649427380247447,1.2823268,3.2393488558213335e-08
machine learning micromasters,USA,Broad match,existing searches,0.8299999786168322,1.3769493873060006,0.7649428422391671,1.3769495,-1.6141531289370903e-07
machine learning micromasters,A,Exact match,existing searches,0.8299999786168352,1.3378682457260007,0.764942558889758,1.3378683,-8.713685328842757e-08
machine learning micromasters,A,Phrase match,existing searches,0.8299999786168355,1.496398953306001,0.7649424947374279,1.496399,-9.168453862784531e-08
machine learning micromasters,A,Broad match,existing searches,1.3700000115497968,2.1312370596010006,1.3051582870561398,2.1312368,2.679902828539582e-07
machine learning online master,A,Broad match,existing searches,1.3700000115497961,2.1835542172650007,1.2722871751049665,2.1835544,-1.9366944759013904e-07
machine learning types,USA,Phrase match,existing searches,0.8299999786168352,1.4247851646500005,0.5900434530334844,1.4247853,-9.173580273191817e-08
massachusetts institute of technology mit,USA,Exact match,existing searches,0.8299999786168355,2.93362514287,1.3091317823505908,2.9336252,-7.838244142632789e-08
massachusetts institute of technology mit,USA,Phrase match,existing searches,0.829999978616835,3.1363674181500008,1.3091318386593391,3.1363676,-1.412829826463735e-07
massachusetts institute of technology mit,USA,Broad match,existing searches,0.8299999786168244,2.9941444383500007,1.3091317401764777,2.9941447,-2.3976584406781853e-07
massachusetts institute of technology mit,A,Exact match,existing searches,0.5999999922958064,3.040759942270001,1.1209550115830504,3.0407603,-3.364317811005435e-07
massachusetts institute of technology mit,A,Phrase match,existing searches,0.5999999922956434,3.1622628005500015,1.120954635953444,3.1622632,-3.544335189786807e-07
massachusetts institute of technology mit,A,Broad match,existing searches,0.5999999922956434,3.020039820750001,1.1209546566798716,3.0200403,-4.5291638084421493e-07
matlab neural network,USA,Exact match,existing searches,0.829999978616832,1.5220261743360002,0.7649427583508928,1.5220264,-2.453035872207465e-07
matlab neural network,USA,Phrase match,existing searches,0.8299999786168328,1.889222165906001,0.7649429052706249,1.8892224,-2.1759314461355928e-07
matlab neural network,USA,Broad match,existing searches,0.8299999786168339,1.9045573028060003,0.7649429591628119,1.9045575,-1.6370095767825887e-07
matlab neural network,A,Exact match,existing searches,0.8299999786168352,1.769672059536001,0.7649427886009423,1.7696722,-9.58442480936128e-08
matlab neural network,A,Phrase match,existing searches,0.8299999786168356,2.055628634106001,0.7649427420008985,2.0556288,-1.4244429191734298e-07
mba artificial intelligence,USA,Phrase match,existing searches,0.8299999786168352,1.4724507998500005,0.5900434922251836,1.472451,-1.7175339306341186e-07
mit,USA,Exact match,existing searches,0.8299999786168345,2.40227895348,1.3091315564386794,2.4022791,-1.8508506327563623e-07
mit,USA,Phrase match,existing searches,0.8299999786168328,2.794169991550001,1.3091315918536508,2.7941701,-1.496700918757199e-07
mit,USA,Broad match,existing searches,0.829999978616832,2.651947011750001,1.3091314933707894,2.6519473,-2.481529532971649e-07
mit,A,Exact match,existing searches,0.5999999922958051,2.8318805986800006,1.120954661981087,2.831881,-4.476151653776128e-07
mit,A,Phrase match,existing searches,0.5999999922955936,3.0143722047500003,1.1209547271422733,3.0143726,-3.8245397915304125e-07
mit,A,Broad match,existing searches,0.5999999922956007,2.872149224950001,1.1209546286594128,2.8721497,-4.809368396863078e-07
mit 6 s191,USA,Exact match,existing searches,0.5999999922958049,2.277440324970001,1.1209551250417173,2.2774408,-4.613916932960649e-07
mit 6 s191,USA,Phrase match,existing searches,0.829999978616835,2.653457528950001,1.3091318672907604,2.6534579,-3.510701405140537e-07
mit 6 s191,USA,Broad match,existing searches,0.8299999786168302,2.7414833856500005,1.422932798949561,2.7414837,-3.0270449169478297e-07
mit 6 s191,A,Exact match,existing searches,0.5999999922957002,2.525086210170001,1.1209550360824765,2.5250866,-4.3114164460789084e-07
mit 6 s191,A,Phrase match,existing searches,0.5999999922956434,2.6316872761500014,1.1209551022303237,2.6316879,-6.034123765097377e-07
mit 6 s191,A,Broad match,existing searches,1.3700000115497963,3.4481054227450016,1.9631483237841252,3.4481056,-1.5090917315774277e-07
mit 6 s191,B,Broad match,existing searches,4.610000200188737,12.453298584180002,10.62355269546998,12.453299,1.545441641326306e-08
mit 6s191,USA,Exact match,existing searches,0.829999978616835,2.6732173392700007,1.3091319034026911,2.673218,-6.725860783873827e-07
mit 6s191,USA,Phrase match,existing searches,0.829999978616835,3.0172845839500004,1.3091318129539067,3.017285,-5.246162837480028e-07
mit 6s191,USA,Broad match,existing searches,0.8299999786168357,2.9503055145499997,1.4229329159019284,2.950306,-4.24170703450244e-07
mit 6s191,A,Exact match,existing searches,0.5999999922957002,2.780352138670001,1.1209548942165708,2.7803528,-6.922168398482142e-07
mit 6s191,A,Phrase match,existing searches,0.5999999922957784,3.0431799663502073,1.1209548486667966,3.0431805,-4.993480349213542e-07
mit 6s191,A,Broad match,existing searches,0.5999999922957713,2.9762008969500013,1.2347558324053236,2.9762015,-6.373212388943728e-07
mit 6s191,B,Broad match,existing searches,2.940000008088723,8.497495113180001,6.411261020467599,8.497496,-5.380651160180605e-07
mit ai online course,B,Broad match,existing,4.610000200188739,11.09490422638,10.053844732361446,11.094903,1.2341314654662483e-06
mit continuing education,USA,Exact match,existing searches,0.8299999786168352,1.1952279841800004,0.7649429178138047,1.1952281,-1.1564299762234498e-07
mit continuing education,USA,Phrase match,existing searches,0.8299999786168355,1.5633415240500008,0.764942731306318,1.5633416,-9.35342276964235e-08
mit continuing education,USA,Broad match,existing searches,0.8299999786168352,1.3293102717500005,0.7649429774384771,1.3293105,-2.646345820256357e-07
mit continuing education,A,Phrase match,existing searches,0.8299999786168369,1.7297479922500005,0.7649426872458807,1.7297481,-1.3759466499507766e-07
mit continuing education,A,Broad match,existing searches,0.8299999786168369,1.4957167399500009,0.7649428141687509,1.4957168,-7.027643955659357e-08
mit cursos gratis,USA,Exact match,existing searches,0.8299999786168342,2.1607112327260007,1.3091317454022398,2.1607113,-5.572614769633333e-08
mit cursos gratis,USA,Phrase match,existing searches,0.8299999786168339,2.6329384924060006,1.3091319681292672,2.6329386,-1.3102234408535196e-07
mit cursos gratis,USA,Broad match,existing searches,0.8299999786168222,2.5659594230060003,1.4229329518679998,2.5659595,-3.05767633435039e-08
mit cursos gratis,A,Exact match,existing searches,0.5999999922956931,2.5903128779260003,1.1209551489678704,2.5903134,-5.566748297880508e-07
mit cursos gratis,A,Phrase match,existing searches,0.5999999922957713,2.8531407056060694,1.120955103417959,2.8531408,-1.2538758298319408e-07
mit cursos gratis,A,Broad match,existing searches,0.5999999922957855,2.7861616362062334,1.234756087156856,2.786162,-2.6336041702990087e-07
mit cursos gratis,B,Broad match,existing searches,2.940000008088724,8.410554650936001,6.411261442813748,8.410556,-1.1886025728102823e-06
mit data analytics,USA,Exact match,existing searches,0.829999978616835,2.255867141680001,1.3091315211813437,2.2558675,-3.395516885440486e-07
mit data analytics,USA,Phrase match,existing searches,0.8299999786168342,2.834198400770001,1.3091319058282895,2.8341987,-3.125326113462279e-07
mit data analytics,USA,Broad match,existing searches,0.8299999786168328,2.8529514765700013,1.4229329323729187,2.8529518,-2.884904235500585e-07
mit data analytics,A,Exact match,existing searches,0.5999999922957002,2.6854687868800022,1.1209549843516209,2.6854692,-3.6366321065628426e-07
mit data analytics,A,Phrase match,existing searches,0.5999999922956434,3.0544006139700013,1.120955041116913,3.0544012,-5.453164977353708e-07
mit data analytics,A,Broad match,existing searches,0.599999992295615,3.073153689770001,1.2347560676615417,3.073154,-2.8285573128172814e-07
mit data analytics,B,Broad match,existing searches,0.7100000031519714,3.723497410800001,1.5406770906706067,3.7234974,2.005293087137261e-08
mit data science,USA,Exact match,existing,0.8299999786168339,2.8395896467800004,1.3091317925090653,2.8395896,5.098532263048128e-08
mit data science,USA,Phrase match,existing,0.829999978616835,3.13548239657,1.3091318268449634,3.1354825,-1.5309735834634353e-07
mit data science,USA,Broad match,existing,0.829999978616835,3.076882304470001,1.4229329245490416,3.0768824,-5.789572155023848e-08
mit data science,A,Exact match,existing,0.5999999922957002,2.946724446180002,1.1209549025322358,2.946725,-4.4548259570120763e-07
mit data science,A,Phrase match,existing,0.5999999922956434,3.1613777789700013,1.1209551009762269,3.1613781,-3.662478942345615e-07
mit data science,A,Broad match,existing,1.370000011549796,3.831169976765001,1.9631483693660141,3.83117,-1.0532728422774085e-07
mit data science,B,Broad match,existing,4.61000020018874,12.753131541900004,10.623552713088358,12.75313,1.5827935584411534e-06
mit data science course,B,Broad match,existing,4.61000020018874,11.518792677800002,10.033899117390456,11.518792,5.253952171102583e-07
mit edu,USA,Exact match,existing searches,0.8299999786168355,2.7715965972700007,1.3091319070615657,2.7715971,-5.497179142999187e-07
mit edu,USA,Phrase match,existing searches,0.8299999786168342,3.20259014355,1.3091317771559572,3.2025907,-5.604142332416018e-07
mit edu,USA,Broad match,existing searches,0.8299999786168337,3.05377048305,1.4229328041406983,3.053771,-5.359319334985457e-07
mit edu,A,Exact match,existing searches,0.5999999922957002,2.878731396670001,1.1209546594568662,2.8787322,-8.077672548623127e-07
mit edu,A,Phrase match,existing searches,0.5999999922956434,3.2284855259500014,1.120954693659352,3.2284863,-7.735647691298198e-07
mit edu,A,Broad match,existing searches,0.5999999922956292,3.0796658654500018,1.234755839853383,3.0796666,-7.490824689426745e-07
mit edu,B,Broad match,existing searches,2.940000008088721,8.497495113180001,6.411261020467599,8.497496,-5.380651160180605e-07
mit hardware architecture for deep learning,USA,Exact match,existing searches,0.829999978616835,2.2286746276700002,1.3091316593968374,2.2286744,2.1589631860052805e-07
mit hardware architecture for deep learning,USA,Phrase match,existing searches,0.829999978616835,2.557751673570001,1.3091317595151306,2.5577517,1.7991387935012426e-08
mit hardware architecture for deep learning,USA,Broad match,existing searches,0.8299999786168366,2.5848906069700015,1.3091316252652896,2.5848906,2.950836464066242e-09
mit hardware architecture for deep learning,A,Exact match,existing searches,0.5999999922957642,2.3358094270702594,1.1209549482341998,2.3358092,1.9626581604370585e-07
mit hardware architecture for deep learning,A,Phrase match,existing searches,0.5999999922958091,2.5836470559700007,1.1209549144371027,2.583647,4.325942937200011e-08
mit hardware architecture for deep learning,A,Broad match,existing searches,1.370000011549796,3.339178279265001,1.8493473085008407,3.3391783,-4.448072665752534e-08
mit management executive education,USA,Exact match,existing searches,0.8299999786168355,1.0777183907800005,0.764942689495592,1.0777186,-2.2475192085202877e-07
mit management executive education,USA,Phrase match,existing searches,0.8299999786168355,1.4254227101500005,0.764942866533515,1.4254227,4.169296929923405e-08
mit management executive education,USA,Broad match,existing searches,0.8299999786168352,1.2671089834500002,0.764942831449573,1.2671092,-1.722049070007614e-07
mit management executive education,A,Exact match,existing searches,0.8299999786168333,1.6954967569800006,0.764942724654256,1.6954969,-1.5979093448414972e-07
mit management executive education,A,Phrase match,existing searches,0.8299999786168369,1.8338016443500023,0.7649426632174949,1.8338017,-1.020184059452589e-07
mit management executive education,A,Broad match,existing searches,0.8299999786168369,1.675487917650001,0.7649428069474864,1.6754882,-3.159162831334328e-07
mit micro master data science,USA,Exact match,existing searches,0.5999999922958049,2.1973292020360016,1.120955028871634,2.1973295,-3.1914319764680954e-07
mit micro master data science,USA,Phrase match,existing searches,0.8299999786168304,2.7789454292260007,1.3091317247353391,2.7789454,-1.678840355623379e-08
mit micro master data science,USA,Broad match,existing searches,0.8299999786168328,2.8779034538260007,1.422932974814465,2.8779035,-7.63029817107963e-09
mit micro master data science,A,Exact match,existing searches,0.5999999922957002,2.6443821261360005,1.1209549973441915,2.6443825,-3.5067064008131865e-07
mit micro master data science,A,Phrase match,existing searches,0.599999992295615,2.8284222003260013,1.1209550019541141,2.8284225,-3.4606071741549727e-07
mit micro master data science,A,Broad match,existing searches,1.3700000115498019,3.6557725148210007,1.96314842271895,3.6557727,-1.7118363793144908e-07
mit micro master data science,B,Broad match,existing searches,4.610000200188741,13.261028720756002,11.120516969581075,13.261027,1.3846353965618619e-06
mit micromasters in data science,USA,Exact match,existing searches,0.5999999922958049,2.3305219864360005,1.1209551548472554,2.330522,-7.39582866060573e-08
mit micromasters in data science,USA,Phrase match,existing searches,0.829999978616835,2.711126488726,1.309131902735094,2.7111266,-7.720722772219801e-08
mit micromasters in data science,USA,Broad match,existing searches,0.8299999786168293,2.8057490261260005,1.3091317089262935,2.8057492,-1.518067387351607e-07
mit micromasters in data science,A,Exact match,existing searches,0.5999999922957002,2.578167871636001,1.120955065888015,2.5781682,-2.8212681657535654e-07
mit micromasters in data science,A,Phrase match,existing searches,0.5999999922956292,2.6893562359260006,1.1209551376746578,2.6893566,-3.2954946327379275e-07
mit micromasters in data science,A,Broad match,existing searches,1.3700000115497961,3.5123710632210012,1.8493472337608572,3.512371,-1.142064220971406e-11
mit mites,USA,Exact match,existing searches,0.5999999922958049,1.8805927485260001,1.1209549158843986,1.880593,-1.9371185389083223e-07
mit mites,USA,Phrase match,existing searches,0.5999999922958049,2.349954192506,1.1209551738368715,2.3499544,-1.7417796005503305e-07
mit mites,USA,Broad match,existing searches,0.8299999786168271,2.395907933706001,1.3091317963540114,2.395908,-1.835883103318281e-07
mit mites,A,Exact match,existing searches,0.5999999922957002,2.498371114726,1.1209549808453847,2.4983711,-9.541578194216527e-09
mit mites,A,Phrase match,existing searches,0.599999992295808,2.7583331267060007,1.1209550301254954,2.7583332,-7.947075708614193e-08
mit mites,A,Broad match,existing searches,0.5999999922957002,2.616110146906,1.1209549316426335,2.6161103,-1.7795361895167616e-07
mit mitx,USA,Exact match,existing searches,0.829999978616835,2.524136755336001,1.3091318343765281,2.524137,-2.647750831918927e-07
mit mitx,USA,Phrase match,existing searches,0.829999978616835,2.787867778406001,1.3091317354296215,2.787868,-2.4451270030922956e-07
mit mitx,USA,Broad match,existing searches,0.8299999786168357,2.8032029153060005,1.309131670112519,2.803203,-1.9062051315188455e-07
mit mitx,A,Exact match,existing searches,0.5999999922956505,2.58360591953614,1.1209547859988476,2.5836062,-3.235974048720891e-07
mit mitx,A,Phrase match,existing searches,0.5999999922957748,2.7660975256062397,1.1209548511601337,2.7660978,-2.584361187274453e-07
mit mitx,A,Broad match,existing searches,0.5999999922957713,2.781432662506001,1.1209546666335033,2.781433,-4.429627491475685e-07
mit mostec,USA,Exact match,existing searches,0.5999999922958049,2.0192583586799993,1.1209549691307439,2.0192587,-3.7888408765951453e-07
mit mostec,USA,Phrase match,existing searches,0.5999999922958049,2.21013767185,1.1209551757791383,2.210138,-4.1065427236475216e-07
mit mostec,USA,Broad match,existing searches,0.8299999786167048,2.41134695205,1.30913166198042,2.4113472,-1.987526121460803e-07
mit mostec,A,Exact match,existing searches,0.5999999922957002,2.31456987908,1.1209550385724927,2.3145702,-3.094423388638745e-07
mit mostec,A,Phrase match,existing searches,0.5999999922956434,2.4242097752499996,1.1209550517011104,2.42421,-2.963137211153821e-07
mit mostec,A,Broad match,existing searches,0.599999992295615,2.4372423344500005,1.1209550553209722,2.4372427,-4.119031489224767e-07
mit research science institute,USA,Exact match,existing searches,0.8299999786168331,2.774116926236002,1.4840313721130771,2.7741168,1.7170414157163805e-07
mit research science institute,USA,Phrase match,existing searches,0.829999978616835,2.9683699519060007,1.4840314299486033,2.9683697,2.2953966771765977e-07
mit research science institute,USA,Broad match,existing searches,0.8299999786168196,2.8195502914060016,1.5978324569333453,2.81955,2.5402196834889423e-07
mit research science institute,A,Exact match,existing searches,0.5999999922957002,3.032993129336001,1.2958546195856346,3.0329933,-1.8731438977681591e-07
mit research science institute,A,Phrase match,existing searches,0.5999999922956434,3.0178467230060013,1.2958544687487992,3.0178468,-9.973264614160371e-08
mit research science institute,A,Broad match,existing searches,0.599999992295615,2.8690270625060013,1.4096554957335403,2.8690271,-7.525034639854766e-08
mit research science institute,B,Exact match,existing searches,0.5999999922958027,3.2238974699660017,1.3771236071272566,3.2238977,-2.25575380152776e-07
mit research science institute,B,Phrase match,existing searches,0.5999999922958027,3.2011431602360014,1.3771234897495512,3.2011433,-1.0453450638436834e-07
mit research science institute,B,Broad match,existing searches,4.610000200188743,11.575770476736004,9.751376965917522,11.57577,9.862321093123683e-08
mit x,USA,Exact match,existing searches,0.5999999922958049,1.99907694698,1.1209549748959546,1.9990773,-3.7311887690627543e-07
mit x,USA,Phrase match,existing searches,0.5999999922958049,2.262807970050001,1.1209549951583382,2.2628083,-3.528564933574785e-07
mit x,USA,Broad match,existing searches,0.8299999786168352,2.4663198279500005,1.3091315316319463,2.46632,-2.0989179638775113e-07
mit x,A,Exact match,existing searches,0.5999999922957002,2.2467228321800006,1.1209548859367144,2.2467232,-3.4286882755196757e-07
mit x,A,Phrase match,existing searches,0.5999999922956434,2.4292144382500003,1.1209549510979007,2.4292147,-2.77707641327396e-07
mit x,A,Broad match,existing searches,0.599999992295615,2.4445495751500004,1.1209550049900883,2.44455,-4.622340328275243e-07
mites program mit,USA,Exact match,existing searches,0.5999999922958049,2.563872714726,1.1209551293530753,2.5638726,1.3896611239516687e-07
mites program mit,USA,Phrase match,existing searches,0.5999999922958049,2.757422456506,1.1209552381069523,2.7574224,9.301410308637514e-09
mites program mit,USA,Broad match,existing searches,0.8299999786168352,2.7872854508060008,1.309131745209077,2.7872853,1.2289462381076532e-07
mites program mit,A,Exact match,existing searches,0.5999999922957002,2.8591842351260017,1.1209548411669563,2.8591845,-2.684292961241397e-07
mites program mit,A,Phrase match,existing searches,0.5999999922956434,2.971494559906002,1.1209548756103476,2.9714947,-1.147766153231089e-07
mites program mit,A,Broad match,existing searches,0.5999999922956434,2.813180833206002,1.1209549001310508,2.8131807,1.4816266702410985e-07
mitlearn,USA,Exact match,existing searches,0.829999978616835,2.819843288070001,1.309131856566705,2.819844,-7.194220645878602e-07
mitlearn,USA,Phrase match,existing searches,0.5999999922956718,2.900016286150001,1.1209550879154428,2.9000165,-2.6009938869364646e-07
mitlearn,USA,Broad match,existing searches,0.8299999786168328,2.9503055145500006,1.4229329159019293,2.950306,-4.2417070256206557e-07
mitlearn,A,Exact match,existing searches,0.5999999922957002,2.926978087470001,1.120954728171295,2.9269788,-7.390528260486917e-07
mitlearn,A,Phrase match,existing searches,0.5999999922956434,3.114088389550001,1.1209546062095468,3.114089,-6.225959952033122e-07
mitlearn,A,Broad match,existing searches,0.5999999922955652,2.976200896950002,1.234755832405324,2.9762015,-6.373212384502835e-07
mitlearn,B,Broad match,existing searches,0.7100000031519547,3.6269107879800013,1.540676695267599,3.6269112,-3.7535007679778687e-07
mitx,USA,Exact match,existing searches,0.5999999922958049,2.691156163436,1.1209550049124406,2.6911561,1.4525477709526058e-08
mitx,USA,Phrase match,existing searches,0.5999999922958049,2.7572491741060006,1.1209550475953804,2.757249,5.720841755874062e-08
mitx,USA,Broad match,existing searches,0.8299999786168248,2.803202915306001,1.3091316701125195,2.803203,-1.9062051270779534e-07
mitx,A,Exact match,existing searches,0.5999999922957002,2.938802048636001,1.1209549159532006,2.9388025,-4.320616309172465e-07
mitx,A,Phrase match,existing searches,0.5999999922956434,2.923655642306001,1.1209547651163647,2.923656,-3.444798877261235e-07
mitx,A,Broad match,existing searches,0.5999999922956434,2.781432662506001,1.1209546666335033,2.781433,-4.429627491475685e-07
mitx edx,USA,Exact match,existing searches,0.8299999786168355,2.892217492180001,1.6766612282563558,2.8922179,-3.823469767461063e-07
mitx edx,USA,Phrase match,existing searches,0.8299999786167258,3.2342125527500007,1.6766611687778328,3.234213,-5.610347892925915e-07
mitx edx,USA,Broad match,existing searches,0.8299999786168337,3.328835090150001,1.6766609749690318,3.3288355,-3.9721572164808094e-07
mitx edx,A,Exact match,existing searches,0.8299999786168436,3.3392704162800015,1.6766611967289151,3.3392708,-4.1387441740425857e-07
mitx edx,A,Phrase match,existing searches,0.8299999786168331,3.471866044850001,1.6766610477873178,3.4718664,-3.243974355804369e-07
mitx edx,A,Broad match,existing searches,1.3700000115497961,4.106704151145001,2.216876661292096,4.1067047,-5.607690614084504e-07
mitx edx,B,Exact match,existing searches,0.7400000104564132,3.423873030810002,1.7944056626840865,3.4238734,-3.9372002724746835e-07
mitx edx,B,Phrase match,existing searches,0.8299999786168342,3.6335725084800012,1.9825823799628504,3.6335726,-6.99501745415887e-08
mitx edx,B,Broad match,existing searches,0.7400000104564131,3.803012986880001,1.7944053609186974,3.803013,-9.943896861486223e-08
mitx on edx,USA,Exact match,existing searches,0.8299999786168413,2.6486403401800005,1.6766613181539385,2.6486409,-5.308679731363952e-07
mitx on edx,USA,Phrase match,existing searches,0.8299999786168355,3.0634871106500015,1.6766611914986953,3.0634878,-6.575232163186229e-07
mitx on edx,USA,Broad match,existing searches,0.8299999786168339,3.1581096480500004,1.676660997689893,3.1581101,-4.937041500063799e-07
mitx on edx,A,Exact match,existing searches,0.8299999786168354,3.266418706380001,1.6766611446963462,3.2664192,-4.6590698632442695e-07
mitx on edx,A,Phrase match,existing searches,0.8299999786166885,3.4718660448500005,1.6766610477873174,3.4718664,-3.243974360245261e-07
mitx on edx,A,Broad match,existing searches,1.3700000115497923,4.106704151145001,2.216876661292096,4.1067047,-5.607690614084504e-07
mitx on edx,B,Exact match,existing searches,0.7400000104564132,3.3510213209100006,1.7944056106515167,3.3510218,-4.4575259705581516e-07
mitx on edx,B,Phrase match,existing searches,0.8299999786168347,3.633572508480001,1.98258237996285,3.6335726,-6.99501749856779e-08
mitx on edx,B,Broad match,existing searches,0.7400000104564132,3.8030129868800007,1.794405360918697,3.803013,-9.943896905895144e-08
mitx pro,USA,Exact match,existing searches,0.5999999922958049,2.33490700728,1.120955181184419,2.3349073,-2.860397021464678e-07
mitx pro,USA,Phrase match,existing searches,0.5999999922958049,2.60150384605,1.1209551066167114,2.601504,-2.413981201598858e-07
mitx pro,USA,Broad match,existing searches,0.8299999786168211,2.726995600650001,1.3091317548248056,2.726996,-3.4432680573459606e-07
mitx pro,A,Exact match,existing searches,0.5999999922957002,2.6302185276800008,1.120954892998299,2.6302192,-6.934351115539528e-07
mitx pro,A,Phrase match,existing searches,0.5999999922958053,2.815575949450001,1.1209548633293953,2.8155763,-3.6547614667981065e-07
mitx pro,A,Broad match,existing searches,0.5999999922955155,2.752890983050001,1.120954671328199,2.7528915,-5.574773429550817e-07
mitx pro,B,Exact match,existing searches,0.7100000031519716,2.9029978632100004,1.4268760799534697,2.9029984,-5.842082124729586e-07
nanodegree,USA,Exact match,existing searches,0.8299999786168462,2.4045375036700007,1.3091316866381404,2.404538,-4.1251347093762547e-07
nanodegree,USA,Phrase match,existing searches,0.829999978616835,2.949616473250001,1.3091315441652234,2.949617,-4.357770984064757e-07
nanodegree,USA,Broad match,existing searches,0.8299999786168222,2.8935695717500014,1.4229327271149916,2.89357,-3.7453906109874424e-07
nanodegree,A,Exact match,existing searches,0.8299999786168346,3.022315869870001,1.3091315131805477,3.0223162,-3.475524845697464e-07
nanodegree,A,Phrase match,existing searches,0.5999999922956007,3.1698186864500015,1.1209547986631363,3.169819,-4.3014240569405615e-07
nanodegree,A,Broad match,existing searches,0.599999992295805,3.1137717849500017,1.2347557431943255,3.1137724,-6.073229474878872e-07
nanodegree,B,Broad match,existing searches,0.7100000031519716,3.764481675980001,1.5406767252658895,3.764482,-3.453517862794797e-07
neural nets for dummies,A,Phrase match,existing searches,1.3700000115497977,2.188613981345001,1.351115852930847,2.1886144,-3.870937197447688e-07
online hci masters,B,Broad match,existing searches,4.610000200188743,11.27610733468,10.208798670358101,11.276108,-4.5340593679554786e-07
online masters ai,A,Exact match,existing searches,0.48000001683094096,1.1728988252260004,0.20923649889009344,1.1728988,5.584733830943378e-08
online masters ai,A,Broad match,existing searches,1.3700000115497948,2.1696400587210007,1.2722871844419785,2.16964,-5.518501211554394e-09
python bootcamp,B,Broad match,existing searches,4.6100002001887415,11.10050865958,10.208798557021865,11.100509,-3.0300370212899e-08
python freecodecamp,B,Broad match,existing searches,4.610000200188739,10.675561884436002,9.711834231409421,10.675563,-9.741455411216293e-07
python mit,USA,Exact match,existing searches,0.829999978616835,2.3148046930360016,1.3091315229462799,2.3148048,-9.936817324529557e-08
python mit,USA,Phrase match,existing searches,0.8299999786168293,2.6347615695060007,1.3091317391455881,2.6347616,-2.378154562165946e-09
python mit,USA,Broad match,existing searches,0.8299997618088573,2.6535146453060006,1.422933004108796,2.465338,0.18817665359152302
python mit,A,Exact match,existing searches,0.5999999922957002,2.744406338236002,1.1209548669072666,2.7444067,-3.6189827534727215e-07
python mit,A,Phrase match,existing searches,0.5999999922957002,2.854963782706001,1.120954993643501,2.854964,-2.3516204095130888e-07
python mit,A,Broad match,existing searches,0.599999992295686,2.8737168585060004,1.234756139397419,2.8737168,2.72987250582446e-08
python mit,B,Broad match,existing searches,4.610000200188741,11.663325699036001,9.576477440063833,11.663325,3.89282583057593e-07
udacity nanodegree,USA,Exact match,existing searches,0.8299999786168346,2.9520050921360013,1.309131685725784,2.9520054,-2.942165377994854e-07
udacity nanodegree,USA,Phrase match,existing searches,0.8299999786168435,3.294000152706001,1.3091313878286819,3.2940004,-2.3448577124440817e-07
udacity nanodegree,USA,Broad match,existing searches,0.8299999786168335,3.235400060606002,1.4229326047420492,3.2354002,-1.3928413489239233e-07
udacity nanodegree,A,Exact match,existing searches,0.8299999786168346,3.3990580162360016,1.3091315349890533,3.3990586,-5.641625580032894e-07
udacity nanodegree,A,Phrase match,existing searches,0.5999999922956007,3.3434769238060014,1.1209546650474564,3.3434775,-5.637580855477609e-07
udacity nanodegree,A,Broad match,existing searches,1.37000001154978,4.013269121601001,1.963148291065112,4.01327,-7.796746341881544e-07
udacity nanodegree,B,Broad match,existing searches,0.5999999922958049,3.607469590236001,1.3160248117936182,3.6074698,-2.0689839841381286e-07
webinar machine learning,A,Broad match,existing searches,1.339999947506179,1.9120642615010006,1.0135506463696224,1.9120643,-5.238754918757138e-08
webinar on artificial intelligence,A,Broad match,existing searches,1.339999947506179,1.8576338838450004,1.0135506342760612,1.857634,-6.448111045109783e-08
