Keyword,Region,Match type,Origin,Optimal Cost,Gurobi Pred,Gurobi Pred over Base,Actual Model Pred,Diff,t_Clicks_OptCost
ai certificate programs,USA,Broad match,existing,0.7367128422583504,0.5158241803000008,0.3187878990719353,0.51582396,2.1999574051356774e-07,0.0
ai certificate programs,A,Broad match,existing,0.8667128301156952,0.8335814241,0.37156287465770876,0.83358103,3.9373119509189536e-07,0.0
ai certificate programs,B,Exact match,existing,0.8667128301156952,1.0892025613000007,0.3025359296013923,1.089202,5.149056525599605e-07,0.0
ai certificate programs,B,Phrase match,existing,0.8667128301156952,1.116334953300001,0.3025360488810558,1.1163346,3.9576673693808573e-07,0.0
ai certificate programs,B,Broad match,existing,0.8667128301156952,1.366202899000001,0.49644333936865337,1.3662027,1.8694098002924875e-07,0.0
ai certification classes,USA,Broad match,existing,0.7367128422583504,1.5202611591700015,0.31878804229530666,1.5202609,2.2910866115388728e-07,0.0
ai certification classes,A,Broad match,existing,0.8667128301156952,1.6321924109700012,0.3715628762486267,1.6321923,1.569035339432645e-07,0.0
ai certification classes,B,Phrase match,existing,0.8667128301156952,1.5311440289000005,0.30253565907272995,1.5311437,3.635862797501943e-07,0.0
ai certification classes,B,Broad match,existing,0.8667128301156952,2.034800611700001,0.4964429962291148,2.0348,5.590571787728038e-07,0.0
ai certification cost,USA,Broad match,existing,0.7367128422583504,1.1447512420000003,0.318788042861359,1.1447508,4.084886477961902e-07,0.0
ai certification cost,A,Broad match,existing,0.8667128301156952,1.256682493800001,0.37156299602396947,1.2566819,5.747021005753084e-07,0.0
ai certification cost,B,Exact match,existing,0.8667128301156952,0.9589221709,0.3025359742866882,0.9589217,4.999863036925234e-07,0.0
ai certification cost,B,Phrase match,existing,0.8667128301156952,0.9860545629000003,0.3025358551477725,0.986054,5.596613222857982e-07,0.0
ai certification cost,B,Broad match,existing,0.8667128301156952,1.7893039687,0.4964432223163331,1.7893033,6.659351075022357e-07,0.0
ai certification courses,USA,Broad match,existing,0.7367128422583504,1.4899508786700013,0.31878815417506723,1.4899505,3.409884217209225e-07,0.0
ai certification courses,A,Broad match,existing,0.8667128301156952,1.8077081224700013,0.371562936045746,1.8077078,3.3590994275023434e-07,0.0
ai certification courses,B,Exact match,existing,0.8667128301156952,1.1247745892000003,0.3025357862901492,1.1247745,1.3317583036354108e-07,0.0
ai certification courses,B,Phrase match,existing,0.8667128301156952,1.494243121400001,0.30253574873459566,1.4942429,2.148295663584321e-07,0.0
ai certification courses,B,Broad match,existing,0.8667128301156952,2.2103163232000003,0.4964430560262332,2.2103157,6.18854297140814e-07,0.0
ai certification mit,USA,Broad match,existing,0.7367128422583504,0.5211105566700012,0.3187879394968063,0.5211103,2.604206115197627e-07,0.0
ai certification mit,A,Broad match,existing,0.8667128301156952,0.838867800470001,0.3715627958732908,0.8388675,3.149467771024206e-07,0.0
ai certification mit,B,Exact match,existing,0.8667128301156952,1.0895457424000001,0.3025357879474855,1.0895452,4.924610352841086e-07,0.0
ai certification mit,B,Phrase match,existing,0.8667128301156952,1.1166781344,0.3025359072271485,1.1166778,3.733221192181446e-07,0.0
ai certification mit,B,Broad match,existing,0.8667128301156952,1.2414760012000001,0.4964432138770021,1.2414758,1.8065861828731045e-07,0.0
ai class,USA,Broad match,existing,0.7367128422583504,1.2620563286700006,0.31878791035792786,1.2620562,9.717128235386951e-08,0.0
ai class,A,Broad match,existing,0.8667128301156952,1.3739875804700006,0.37156298272982724,1.3739873,2.6338473446685384e-07,0.0
ai class,B,Exact match,existing,0.8667128301156952,1.1212658455000006,0.3025359680280768,1.1212654,4.3412304751022646e-07,0.0
ai class,B,Phrase match,existing,0.8667128301156952,1.1483982375000008,0.30253584888916096,1.1483977,5.534027107678696e-07,0.0
ai class,B,Broad match,existing,0.8667128301156952,1.7765957812000006,0.4964432219196051,1.7765954,4.2711980041687525e-07,0.0
ai course for business leaders,USA,Broad match,existing,0.7367128422583504,1.345991313970001,0.31878799251309187,1.3459911,1.7932644635898498e-07,0.0
ai course for business leaders,A,Broad match,existing,0.8667128301156952,1.4579225657700015,0.3715628264664126,1.4579222,3.455398989160585e-07,0.0
ai course for business leaders,B,Exact match,existing,0.8667128301156952,1.151655704700001,0.30253568383360685,1.1516553,3.883471566545893e-07,0.0
ai course for business leaders,B,Phrase match,existing,0.8667128301156952,1.5100270817000008,0.3025358030516243,1.5100268,2.6914659501109384e-07,0.0
ai course for business leaders,B,Broad match,existing,0.8667128301156952,1.8605307665000002,0.4964430656561891,1.8605304,3.9006567398303105e-07,0.0
ai courses for executives,USA,Broad match,existing,0.7367128422583504,1.3936472819700005,0.31878790124795464,1.3936472,8.806130913363575e-08,0.0
ai courses for executives,A,Broad match,existing,0.8667128301156952,1.5055785337700003,0.3715627352012747,1.5055783,2.5427476102457547e-07,0.0
ai courses for executives,B,Exact match,existing,0.8667128301156952,1.0404401798,0.3025356907596253,1.04044,2.1645924075386347e-07,0.0
ai courses for executives,B,Phrase match,existing,0.8667128301156952,1.0675725718000004,0.30253581003928876,1.0675725,9.732032513198874e-08,0.0
ai courses for executives,B,Broad match,existing,0.8667128301156952,1.9081867345,0.49644297439105234,1.9081864,2.98800537201771e-07,0.0
ai courses near me,USA,Broad match,new,0.7367128422583504,1.634162141000001,0.3187883626568002,1.6341616,5.494701547092973e-07,0.0
ai courses near me,A,Broad match,new,0.8667128301156952,1.7460933928000006,0.37156319661012027,1.7460928,5.964743170494557e-07,0.0
ai courses near me,B,Exact match,new,0.8667128301156952,1.1059969297,0.30253597408018806,1.1059965,4.401751587668201e-07,0.0
ai courses near me,B,Phrase match,new,0.8667128301156952,1.4754654619,0.3025358173153443,1.4754649,5.218288940955773e-07,0.0
ai courses near me,B,Broad match,new,0.8667128301156952,2.2787148676999998,0.49644300566997046,2.2787144,4.492887448748206e-07,0.0
ai diploma,USA,Broad match,existing,0.7367128422583504,1.9909725398000009,0.31878807248432706,1.9909722,3.7850697109931275e-07,0.0
ai diploma,A,Broad match,existing,0.8667128301156952,2.1029037916000006,0.3715631448562262,2.1029034,4.255111334394712e-07,0.0
ai diploma,B,Exact match,existing,0.8667128301156952,1.7677787118000006,0.3025359683078741,1.7677783,4.3440284480666946e-07,0.0
ai diploma,B,Broad match,existing,0.8667128301156952,2.6355252664999997,0.49644307312536595,2.635525,2.783255612648361e-07,0.0
ai executive education,USA,Broad match,existing,0.7367128422583504,1.221849777170001,0.3187879104097471,1.2218497,9.722310156945468e-08,0.0
ai executive education,A,Broad match,existing,0.8667128301156952,1.3337810289700012,0.3715629827816467,1.3337808,2.634365539044836e-07,0.0
ai executive education,B,Exact match,existing,0.8667128301156952,1.081059294,0.3025359680798949,1.0810589,4.341748656155886e-07,0.0
ai executive education,B,Phrase match,existing,0.8667128301156952,1.108191686,0.30253584894097907,1.1081911,5.534545288732318e-07,0.0
ai executive education,B,Broad match,existing,0.8667128301156952,1.7363892297000003,0.49644322197142365,1.7363888,4.271716189663266e-07,0.0
ai for business,USA,Broad match,existing,0.5167128286104385,1.3886311170700005,0.1939077493789605,1.3886309,2.5006560600004946e-07,0.0
ai for business,A,Broad match,existing,0.8667128301156952,1.61809318607,0.3715628916516651,1.6180928,4.107251514451349e-07,0.0
ai for business,B,Broad match,existing,0.8667128301156952,1.9031705696000003,0.3715628225220584,1.9031701,4.6080483429022934e-07,0.0
ai for business leaders,USA,Broad match,existing,0.5167128286104385,1.0846011264700002,0.1939077599424428,1.0846008,3.20233733086539e-07,0.0
ai for business leaders,A,Broad match,existing,0.8667128301156952,1.3140631954700004,0.3715629022151481,1.3140627,4.808932791977583e-07,0.0
ai for business leaders,B,Broad match,existing,0.8667128301156952,1.5991405790000002,0.3715628926901857,1.59914,5.309729615987635e-07,0.0
ai for engineering,USA,Broad match,existing,0.5167128286104385,0.9551059177000003,0.1939076950628238,0.9551057,1.957494693005657e-07,0.0
ai for engineering,A,Broad match,existing,0.8667128301156952,1.3903939787000001,0.37156296406682143,1.3903937,2.447217286594139e-07,0.0
ai for engineering,B,Broad match,existing,0.8667128301156952,1.8054846364000006,0.3715628224351568,1.8054843,3.415086431424186e-07,0.0
ai for engineers,USA,Broad match,new,0.5167128286104385,0.6965412891000005,0.19390759826595505,0.69654113,1.5855724533331284e-07,0.0
ai for engineers,A,Broad match,new,0.8667128301156952,1.1318293501000003,0.37156298647924224,1.1318291,2.0752950469216103e-07,0.0
ai for engineers,B,Broad match,new,0.8667128301156952,1.5469200078000005,0.3715627852429326,1.5469197,3.043164189531211e-07,0.0
ai for enterprise,USA,Broad match,existing,0.5167128286104385,1.3886311170700005,0.1939077493789605,1.3886309,2.5006560600004946e-07,0.0
ai for enterprise,A,Broad match,existing,0.8667128301156952,1.61809318607,0.3715628916516651,1.6180928,4.107251514451349e-07,0.0
ai for enterprise,B,Broad match,existing,0.8667128301156952,1.9031705696000003,0.3715628225220584,1.9031701,4.6080483429022934e-07,0.0
ai for executives,USA,Broad match,existing,0.5167128286104385,1.0194690712700007,0.1939076670417903,1.019469,4.8519146256253975e-08,0.0
ai for executives,A,Broad match,existing,0.8667128301156952,1.2489311402700007,0.37156304773307447,1.2489309,2.091786921454286e-07,0.0
ai for executives,B,Broad match,existing,0.8667128301156952,1.5340085238000007,0.371562859394178,1.5340081,3.784676643192597e-07,0.0
ai for executives course,USA,Broad match,existing,0.7367128422583504,1.0316492785700002,0.31878785984594016,1.0316494,-7.254999490058367e-08,0.0
ai for executives course,A,Broad match,existing,0.8667128301156952,1.1435805303700004,0.37156293221783976,1.1435804,9.366345743444526e-08,0.0
ai for executives course,B,Exact match,existing,0.8667128301156952,1.0153997563000003,0.3025358341808597,1.0153993,4.194851199734728e-07,0.0
ai for executives course,B,Phrase match,existing,0.8667128301156952,1.0425321483000005,0.302535953460523,1.0425318,3.003462041295535e-07,0.0
ai for executives course,B,Broad match,existing,0.8667128301156952,1.5461887311000007,0.4964430521983283,1.5461885,2.573985236065113e-07,0.0
ai for managers course,USA,Broad match,existing,0.7367128422583504,1.2106236721700012,0.31878786341603393,1.2106237,-6.897990112442187e-08,0.0
ai for managers course,A,Broad match,existing,0.8667128301156952,1.1494857007700015,0.3715631896692324,1.1494853,3.511148500834338e-07,0.0
ai for managers course,B,Exact match,existing,0.8667128301156952,1.653988779000001,0.30253559391851903,1.6539885,2.9843206883484186e-07,0.0
ai for managers course,B,Phrase match,existing,0.8667128301156952,1.681121171000001,0.30253547477960296,1.681121,1.7929315276887792e-07,0.0
ai for managers course,B,Broad match,existing,0.8667128301156952,1.9309891167000004,0.4964430036857792,1.930989,8.967668496673298e-08,0.0
ai for product managers,USA,Broad match,existing,0.5167128286104385,0.99506089856,0.19390759636731203,0.99506086,3.744931276195018e-08,0.0
ai for product managers,A,Broad match,existing,0.8667128301156952,1.4303489595600012,0.37156328260382443,1.4303483,6.824680212069723e-07,0.0
ai for product managers,B,Broad match,existing,0.8667128301156952,1.7154263430900005,0.3715628558463482,1.715426,3.7491983451154454e-07,0.0
ai generated courses,USA,Broad match,existing,0.7367128422583504,1.4759921170000003,0.3187883234743045,1.4759916,5.102876590168393e-07,0.0
ai generated courses,A,Broad match,existing,0.8667128301156952,1.7937493608000004,0.37156310534498327,1.7937489,5.052091800461511e-07,0.0
ai generated courses,B,Exact match,existing,0.8667128301156952,1.2408291017000002,0.30253588308732926,1.2408289,2.2997301041272067e-07,0.0
ai generated courses,B,Broad match,existing,0.8667128301156952,2.3263708357,0.4964429144048341,2.3263702,5.964421876392123e-07,0.0
ai graphic design course,USA,Broad match,existing,0.7367128422583504,1.2553904424000002,0.31878814795496235,1.25539,3.943729616207037e-07,0.0
ai graphic design course,A,Broad match,existing,0.8667128301156952,1.3673216942000002,0.37156298190828263,1.3673214,3.221678346321255e-07,0.0
ai graphic design course,B,Broad match,existing,0.8667128301156952,1.8999431691000002,0.4964430889913576,1.8999426,5.326101319980125e-07,0.0
ai innovation course,USA,Broad match,existing,0.7367128422583504,1.5365957189600012,0.3187884260217688,1.5365951,6.128351233147811e-07,0.0
ai innovation course,A,Broad match,existing,0.8667128301156952,1.8543529627600013,0.37156296947386847,1.854352,9.653845129964367e-07,0.0
ai innovation course,B,Broad match,existing,0.69248919557225,1.9544257210900002,0.1939081238915139,1.9544249,8.629967385154202e-07,0.0
ai learning course,USA,Broad match,existing,0.7367128422583504,1.3828337116700022,0.3187882824402659,1.3828332,4.6925362040539653e-07,0.0
ai learning course,A,Broad match,existing,0.8667128301156952,1.700590955470001,0.3715630643109433,1.7005906,3.449658505516595e-07,0.0
ai learning course,B,Broad match,existing,0.8667128301156952,2.1031991562,0.4964430650821412,2.1031988,3.8949162606272125e-07,0.0
ai prompt engineering course,USA,Broad match,existing,0.7367128422583504,1.4037550909000005,0.31878819293552296,1.4037547,3.797488774548441e-07,0.0
ai prompt engineering course,A,Broad match,existing,0.8667128301156952,1.5156863427000002,0.371563026888843,1.5156859,4.2675303979500256e-07,0.0
ai prompt engineering course,B,Broad match,existing,0.8667128301156952,2.0483078176000005,0.4964430743672734,2.0483072,6.371953373829342e-07,0.0
ai related certifications,USA,Broad match,existing,0.7367128422583504,1.1779250189700015,0.3187879607119448,1.177925,2.831600975916615e-08,0.0
ai related certifications,A,Broad match,existing,0.8667128301156952,1.2898562707700012,0.37156285426990965,1.2898561,1.9452946165010587e-07,0.0
ai related certifications,B,Broad match,existing,0.8667128301156952,1.6924644715000012,0.4964431530643323,1.6924644,1.1984594849856478e-07,0.0
ai short course,USA,Broad match,existing,0.7367128422583504,1.0197297414700013,0.31878805960812384,1.0197295,2.4642147833375816e-07,0.0
ai short course,A,Broad match,existing,0.8667128301156952,1.1316609932700008,0.37156295316608845,1.1316606,4.126349300026533e-07,0.0
ai short course,B,Broad match,existing,0.8667128301156952,1.5342691940000004,0.4964431327512211,1.5342689,3.37951416407023e-07,0.0
ai strategy course,USA,Broad match,existing,0.7367128422583504,1.1186033430700006,0.3187881651525202,1.118603,3.5196587466757023e-07,0.0
ai strategy course,A,Broad match,existing,0.8667128301156952,1.2305345948700008,0.3715629991058407,1.2305343,2.7976074790103667e-07,0.0
ai strategy course,B,Broad match,existing,0.8667128301156952,1.6331427956000006,0.4964429998770392,1.6331426,2.0507723452745097e-07,0.0
ai upskilling programs,USA,Broad match,existing,0.7367128422583504,1.318770828260001,0.31878793479305156,1.3187706,1.812110508314646e-07,0.0
ai upskilling programs,A,Broad match,existing,0.8667128301156952,1.4307020800600019,0.3715628283510175,1.4307017,3.4742450383262735e-07,0.0
ai upskilling programs,B,Broad match,existing,0.8667128301156952,1.8333102807900001,0.4964430675407936,1.8333099,3.9195027845551067e-07,0.0
applied gen ai for digital transformation mit,USA,Broad match,existing,0.5167128286104385,0.8134668961000011,0.19390766767974355,0.8134667,1.6836638905282086e-07,0.0
applied gen ai for digital transformation mit,A,Broad match,existing,0.8667128301156952,1.2487549571000005,0.37156311549767507,1.2487544,5.749665166199236e-07,0.0
applied gen ai for digital transformation mit,B,Broad match,existing,0.8667128301156952,1.663845614800001,0.37156267584278657,1.6638454,1.949162728998033e-07,0.0
artificial intelligence certification,USA,Broad match,existing,0.7367128422583504,1.4620458264700011,0.31878808931027214,1.4620456,2.7612362663020917e-07,0.0
artificial intelligence certification,A,Broad match,existing,0.8667128301156952,1.5739770782700009,0.3715629232635922,1.5739766,4.423370785211489e-07,0.0
artificial intelligence certification,B,Broad match,existing,0.8667128301156952,1.9765852790000003,0.4964431624533694,1.9765844,8.44490722906599e-07,0.0
artificial intelligence certification mit,USA,Broad match,new,0.7367128422583504,1.2562198344700009,0.31878814139291345,1.2562195,3.282062679410558e-07,0.0
artificial intelligence certification mit,A,Broad match,new,0.8667128301156952,1.5739770782700009,0.3715629232635922,1.5739766,4.423370785211489e-07,0.0
artificial intelligence certification mit,B,Broad match,new,0.8667128301156952,1.9765852790000003,0.4964431624533694,1.9765844,8.44490722906599e-07,0.0
artificial intelligence course,USA,Broad match,existing,0.7367128422583504,1.8520379346700004,0.3187881988377861,1.8520375,3.8565114057753647e-07,0.0
artificial intelligence course,A,Broad match,existing,0.8667128301156952,1.9639691864700006,0.3715630327911066,1.9639688,4.3265530336178415e-07,0.0
artificial intelligence course,B,Broad match,existing,0.8667128301156952,2.3665773872,0.49644291435301513,2.3665767,7.15599658196453e-07,0.0
artificial intelligence for engineers,USA,Broad match,existing,0.7367128422583504,0.9476252406700012,0.31878789363936155,0.94762504,1.996620055955134e-07,0.0
artificial intelligence for engineers,A,Broad match,existing,0.8667128301156952,1.2653824844700012,0.3715629735332642,1.2653824,7.5374237074044e-08,0.0
artificial intelligence for engineers,B,Broad match,existing,0.8667128301156952,1.6679906852000008,0.49644303390910727,1.6679904,2.391093025799762e-07,0.0
artificial intelligence for enterprise,USA,Broad match,existing,0.5167128286104385,1.5311412331700007,0.19390768977400463,1.531141,1.9046065014016733e-07,0.0
artificial intelligence for enterprise,A,Broad match,existing,0.8667128301156952,1.7606033021700007,0.3715628320467097,1.760603,3.5112019602934197e-07,0.0
artificial intelligence for enterprise,B,Broad match,existing,0.8667128301156952,2.0456806857000007,0.3715627629171028,2.04568,6.396184577539543e-07,0.0
artificial intelligence for leadership,USA,Broad match,existing,0.5167128286104385,0.9789626748600005,0.19390787196540826,0.97896236,3.130474089951818e-07,0.0
artificial intelligence for leadership,A,Broad match,existing,0.8667128301156952,1.414250735860001,0.37156296215547213,1.4142503,4.812289584599228e-07,0.0
artificial intelligence for leadership,B,Broad match,existing,0.8667128301156952,1.6993281193900005,0.37156289302586476,1.6993276,5.313086406388834e-07,0.0
artificial intelligence summer course,USA,Broad match,existing,0.7367128422583504,1.4256102680700005,0.31878813500573044,1.42561,3.218190849363367e-07,0.0
artificial intelligence summer course,A,Broad match,existing,0.8667128301156952,1.5375415198700004,0.3715629689590507,1.5375413,2.4961395794775854e-07,0.0
artificial intelligence summer course,B,Broad match,existing,0.8667128301156952,1.9401497206000011,0.4964430889395397,1.9401491,6.517676036654763e-07,0.0
artificial intelligence training,USA,Exact match,existing,0.9567128525636966,1.787440646370001,0.3796642906265928,1.7874402,4.655914975781883e-07,0.0
artificial intelligence training,USA,Phrase match,existing,0.9567128525636966,2.9620200205700016,0.37966475972100255,2.962019,1.0538951968896981e-06,0.0
artificial intelligence training,USA,Broad match,existing,0.7367128422583504,2.311319907670001,0.31878825045106796,2.311319,7.948922911005241e-07,0.0
artificial intelligence training,A,Exact match,existing,0.9567128525636966,1.4946242859700012,0.43243923691299435,1.4946238,5.057194518709451e-07,0.0
artificial intelligence training,A,Phrase match,existing,0.9567128525636966,2.669203660170001,0.432439229170245,2.6692028,8.55604571192714e-07,0.0
artificial intelligence training,A,Broad match,existing,0.8667128301156952,2.250181936270001,0.37156298065781845,2.2501812,7.381498838832101e-07,0.0
artificial intelligence training,B,Exact match,existing,0.9567128525636966,2.276127701900001,0.5573191701388316,2.276127,6.019091562947665e-07,0.0
artificial intelligence training,B,Phrase match,existing,0.9567128525636966,3.4507070761000005,0.5573199968611089,3.450706,1.071003564945272e-06,0.0
artificial intelligence training,B,Broad match,existing,0.8667128301156952,3.0316853522000007,0.4964437483486823,3.0316844,9.535488776357681e-07,0.0
best ai certification,USA,Broad match,existing,0.7367128422583504,0.7758154854700007,0.31878793095797675,0.7758152,2.965852655689716e-07,0.0
best ai certification,A,Broad match,existing,0.8667128301156952,0.887746737270001,0.37156276491129736,0.8877464,3.4358942846424156e-07,0.0
best ai certification,B,Broad match,existing,0.8667128301156952,1.290354938000001,0.4964432425196543,1.2903548,9.00919809865286e-08,0.0
best ai certifications 2024,USA,Broad match,existing,0.7367128422583504,1.2587898393700003,0.3187879344055533,1.2587897,1.8082355257575955e-07,0.0
best ai certifications 2024,A,Broad match,existing,0.8667128301156952,1.3707210911700007,0.37156276835887403,1.3707207,3.470370051328331e-07,0.0
best ai certifications 2024,B,Phrase match,existing,0.8667128301156952,1.0572560901000005,0.3025356406523687,1.0572557,3.451659185138567e-07,0.0
best ai certifications 2024,B,Broad match,existing,0.8667128301156952,1.7733292919,0.496443067153296,1.7733289,3.9156278086593943e-07,0.0
best ai classes online,USA,Broad match,existing,0.7367128422583504,1.051630963670001,0.31878816066859716,1.0516307,2.2827266210612152e-07,0.0
best ai classes online,A,Broad match,existing,0.8667128301156952,1.3693882074700012,0.37156294253927613,1.3693879,3.4240347290825923e-07,0.0
best ai classes online,B,Exact match,existing,0.8667128301156952,1.2777300092000006,0.30253603184404354,1.2777296,3.787297246926613e-07,0.0
best ai classes online,B,Phrase match,existing,0.8667128301156952,1.6471985414000005,0.3025357558699102,1.6471981,4.603834600214185e-07,0.0
best ai classes online,B,Broad match,existing,0.8667128301156952,1.7719964082000006,0.4964430625197638,1.7719961,2.677199590905843e-07,0.0
best ai courses,USA,Broad match,existing,0.7367128422583504,1.839033262970001,0.31878818774417095,1.8390329,3.745575254399114e-07,0.0
best ai courses,A,Broad match,existing,0.8667128301156952,1.95096451477,0.37156302169749034,1.9509641,4.2156168711393605e-07,0.0
best ai courses,B,Phrase match,existing,0.8667128301156952,1.5129585528000002,0.30253567930299097,1.5129582,3.8381654077213057e-07,0.0
best ai courses,B,Broad match,existing,0.8667128301156952,2.3535727155,0.4964429032593993,2.3535721,5.852967528419128e-07,0.0
best ai courses 2025,USA,Broad match,existing,0.7367128422583504,1.7171804920700005,0.31878829160002975,1.71718,4.784133842417049e-07,0.0
best ai courses 2025,A,Broad match,existing,0.8667128301156952,1.8291117438700004,0.37156312555335,1.8291112,5.25417546803908e-07,0.0
best ai courses 2025,B,Phrase match,existing,0.8667128301156952,1.3911057819000003,0.30253578315885044,1.3911053,4.876724002400579e-07,0.0
best ai courses 2025,B,Broad match,existing,0.8667128301156952,2.2317199446000004,0.49644300711525924,2.2317193,6.891526127539294e-07,0.0
best ai learning course,USA,Broad match,existing,0.7367128422583504,1.6765222231700012,0.3187881390406677,1.6765219,3.258540222095263e-07,0.0
best ai learning course,A,Broad match,existing,0.8667128301156952,1.7884534749700016,0.37156297299398844,1.7884532,2.5364889566503734e-07,0.0
best ai learning course,B,Exact match,existing,0.8667128301156952,1.1933955998000012,0.3025358767088757,1.1933951,4.620131359711621e-07,0.0
best ai learning course,B,Phrase match,existing,0.8667128301156952,1.5628641320000012,0.3025358391533215,1.5628638,3.052482921983568e-07,0.0
best ai learning course,B,Broad match,existing,0.8667128301156952,2.1910616757000003,0.49644297376518587,2.191061,6.558025393843536e-07,0.0
best ai ml courses for working professionals,USA,Broad match,existing,0.7367128422583504,1.1512987141700013,0.3187881236167176,1.1512985,1.9122078254163455e-07,0.0
best ai ml courses for working professionals,A,Broad match,existing,0.8667128301156952,1.4690559579700004,0.3715627862781059,1.4690559,6.693301313198674e-08,0.0
best ai ml courses for working professionals,B,Phrase match,existing,0.8667128301156952,1.5344496729000003,0.3025357486827762,1.5344495,2.1477774692080231e-07,0.0
best ai ml courses for working professionals,B,Broad match,existing,0.8667128301156952,1.8716641587000005,0.49644302546788377,1.871664,1.114587895312269e-07,0.0
best course on artificial intelligence,USA,Broad match,existing,0.7367128422583504,1.5128117426700012,0.3187881335086242,1.5128114,3.2032197871956214e-07,0.0
best course on artificial intelligence,A,Broad match,existing,0.8667128301156952,1.6247429944700011,0.3715629674619445,1.6247427,2.4811685173098397e-07,0.0
best course on artificial intelligence,B,Phrase match,existing,0.8667128301156952,1.399153651500001,0.3025358336212778,1.3991534,2.9971624848634804e-07,0.0
best course on artificial intelligence,B,Broad match,existing,0.8667128301156952,2.0273511952000014,0.49644308744243304,2.0273507,5.310612074538312e-07,0.0
best course on generative ai,USA,Broad match,new,0.7367128422583504,1.0123055784700015,0.3187880127427676,1.0123054,1.9955612207134266e-07,0.0
best course on generative ai,A,Broad match,new,0.8667128301156952,1.3300628222700004,0.37156285421809,1.3300626,1.944776419904315e-07,0.0
best course on generative ai,B,Exact match,new,0.8667128301156952,1.2018820482000003,0.3025359349950443,1.2018818,2.8188072542789655e-07,0.0
best course on generative ai,B,Broad match,new,0.8667128301156952,1.732671023000001,0.4964431530125133,1.7326709,1.1979412950502422e-07,0.0
best courses on artificial intelligence,USA,Broad match,existing,0.7367128422583504,1.8520379346700004,0.3187881988377861,1.8520375,3.8565114057753647e-07,0.0
best courses on artificial intelligence,A,Broad match,existing,0.8667128301156952,1.9639691864700006,0.3715630327911066,1.9639688,4.3265530336178415e-07,0.0
best courses on artificial intelligence,B,Exact match,existing,0.8667128301156952,1.156494692300001,0.30253572795216166,1.1564944,3.132564219132661e-07,0.0
best courses on artificial intelligence,B,Phrase match,existing,0.8667128301156952,1.525963224500001,0.30253569039660744,1.5259628,3.949101572420233e-07,0.0
best courses on artificial intelligence,B,Broad match,existing,0.8667128301156952,2.3665773872,0.49644291435301513,2.3665767,7.15599658196453e-07,0.0
best courses on generative ai,USA,Broad match,existing,0.7367128422583504,1.5604677106700013,0.31878804224348767,1.5604675,2.2905684216034672e-07,0.0
best courses on generative ai,A,Broad match,existing,0.8667128301156952,1.6723989624700004,0.37156287619680706,1.6723988,1.5685171428359013e-07,0.0
best courses on generative ai,B,Phrase match,existing,0.8667128301156952,1.4468096195000002,0.30253574235614034,1.4468094,2.084511110389542e-07,0.0
best courses on generative ai,B,Broad match,existing,0.8667128301156952,2.0750071632000004,0.49644299617729537,2.0750065,6.782146488859553e-07,0.0
best generative ai course,USA,Broad match,existing,0.7367128422583504,1.6635175514700016,0.31878812794705236,1.6635172,3.147604068498566e-07,0.0
best generative ai course,A,Broad match,existing,0.8667128301156952,1.7754488032700013,0.3715629619003724,1.7754486,2.4255527963923385e-07,0.0
best generative ai course,B,Exact match,existing,0.8667128301156952,1.1803909281000011,0.3025358656152599,1.1803905,4.509195201674032e-07,0.0
best generative ai course,B,Broad match,existing,0.8667128301156952,2.1780570040000002,0.49644296267157006,2.1780565,5.254996340298135e-07,0.0
best generative ai courses,USA,Broad match,existing,0.7367128422583504,1.8520379346700009,0.31878819883778653,1.8520375,3.856511410216257e-07,0.0
best generative ai courses,A,Broad match,existing,0.8667128301156952,1.9639691864700008,0.3715630327911068,1.9639688,4.3265530358382875e-07,0.0
best generative ai courses,B,Exact match,existing,0.8667128301156952,1.069318488300001,0.30253590649381823,1.069318,4.321934337081501e-07,0.0
best generative ai courses,B,Phrase match,existing,0.8667128301156952,1.438787020500001,0.30253580933361923,1.4387867,2.754285899353448e-07,0.0
best generative ai courses,B,Broad match,existing,0.8667128301156952,2.3665773872,0.49644291435301513,2.3665767,7.15599658196453e-07,0.0
best introduction to artificial intelligence,USA,Broad match,existing,0.7367128422583504,0.8918699979700009,0.31878802775515713,0.89186966,3.3377780117582745e-07,0.0
best introduction to artificial intelligence,A,Broad match,existing,0.8667128301156952,1.0038012497700008,0.3715629213131222,1.0038009,3.8078196373803053e-07,0.0
best introduction to artificial intelligence,B,Exact match,existing,0.8667128301156952,1.1294091128000003,0.3025359295495731,1.1294086,5.148538333443753e-07,0.0
best introduction to artificial intelligence,B,Phrase match,existing,0.8667128301156952,1.1565415048000003,0.3025360488292361,1.1565411,3.9571491727841135e-07,0.0
best introduction to artificial intelligence,B,Broad match,existing,0.8667128301156952,1.4064094505000002,0.4964433393168337,1.4064093,1.8688916036957437e-07,0.0
best place to study artificial intelligence,USA,Broad match,existing,0.7367128422583504,0.8935227035700005,0.31878825418340384,0.8935223,3.813921135575882e-07,0.0
best place to study artificial intelligence,A,Broad match,existing,0.8667128301156952,1.2112799473700004,0.3715630360540825,1.2112796,3.167089897004871e-07,0.0
best place to study artificial intelligence,B,Phrase match,existing,0.8667128301156952,1.3640202024000003,0.30253598475626253,1.3640198,4.508512332357384e-07,0.0
best place to study artificial intelligence,B,Broad match,existing,0.69248919557225,1.3113527057000003,0.19390783284386015,1.3113524,3.3353050565843034e-07,0.0
best prompting courses,USA,Broad match,existing,0.7367128422583504,1.5347433502000003,0.3187883312028079,1.5347428,5.180161624096513e-07,0.0
best prompting courses,A,Broad match,existing,0.8667128301156952,1.646674602000001,0.37156316515612886,1.646674,5.650203256379882e-07,0.0
best prompting courses,B,Exact match,existing,0.8667128301156952,1.1280848749000005,0.3025358088332586,1.1280844,4.537421636197081e-07,0.0
best prompting courses,B,Phrase match,existing,0.8667128301156952,1.8287923921000002,0.30253583082070334,1.8287919,5.353342531488892e-07,0.0
best prompting courses,B,Broad match,existing,0.8667128301156952,2.1792960769,0.49644297421597905,2.1792955,5.370440430141343e-07,0.0
bootcamp ai,USA,Broad match,existing,0.7367128422583504,0.8860105110000004,0.3187879753898014,0.88601035,1.6220315590675938e-07,0.0
bootcamp ai,A,Broad match,existing,0.8667128301156952,1.2037677548,0.3715629956790589,1.2037674,3.359386109291762e-07,0.0
bootcamp ai,B,Exact match,existing,0.8667128301156952,1.081059294,0.3025359680798949,1.0810589,4.341748656155886e-07,0.0
bootcamp ai,B,Phrase match,existing,0.8667128301156952,1.1081916859999998,0.30253584894097885,1.1081911,5.534545286511872e-07,0.0
bootcamp ai,B,Broad match,existing,0.8667128301156952,1.7363892297,0.49644322197142343,1.7363888,4.27171618744282e-07,0.0
certification for artificial intelligence,USA,Broad match,existing,0.7367128422583504,1.2865301149700015,0.31878796990850855,1.2865299,2.163265078181098e-07,0.0
certification for artificial intelligence,A,Broad match,existing,0.8667128301156952,1.3984613667700008,0.37156286346647294,1.398461,3.825399592649603e-07,0.0
certification for artificial intelligence,B,Phrase match,existing,0.8667128301156952,1.2974129847000009,0.3025358251045114,1.2974124,5.892227059600685e-07,0.0
certification for artificial intelligence,B,Broad match,existing,0.69248919557225,1.4985341251000008,0.19390789867482994,1.4985337,3.9936147544494816e-07,0.0
certification in machine learning and ai,USA,Broad match,new,0.7367128422583504,1.2774812158700004,0.3187880095597282,1.277481,2.559777274591113e-07,0.0
certification in machine learning and ai,A,Broad match,new,0.8667128301156952,1.3894124676700002,0.371562903117693,1.3894123,1.8377260024848852e-07,0.0
certification in machine learning and ai,B,Exact match,new,0.8667128301156952,3.0516069320000003,0.30253581078418,3.0516067,2.768791507179458e-07,0.0
certification in machine learning and ai,B,Broad match,new,0.69248919557225,3.131844214200001,0.19390766978166596,3.1318438,4.08886890568283e-07,0.0
controllable video generation,USA,Broad match,existing,0.7367128422583504,1.8697324912000002,0.3187881628918947,1.8697319,5.88123828304532e-07,0.0
controllable video generation,A,Broad match,existing,0.8667128301156952,1.6027685278000003,0.37156318359986606,1.6027678,7.026733523929352e-07,0.0
controllable video generation,B,Phrase match,existing,0.8667128301156952,2.1637815330999994,0.30253566250978947,2.1637812,3.6702333927607356e-07,0.0
controllable video generation,B,Broad match,existing,0.8667128301156952,2.5142852179000004,0.49644316353293494,2.5142848,3.6873313025154175e-07,0.0
course generator ai,USA,Broad match,existing,0.7367128422583504,1.6130397650000006,0.31878808462585506,1.6130395,2.7143920955374767e-07,0.0
course generator ai,A,Broad match,existing,0.8667128301156952,1.3460758016000005,0.3715630457291814,1.3460748,9.820351811740125e-07,0.0
course generator ai,B,Exact match,existing,0.8667128301156952,1.6382560138000013,0.3025357131255628,1.6382558,1.792205335249264e-07,0.0
course generator ai,B,Broad match,existing,0.8667128301156952,2.2575924917000014,0.4964434428947646,2.2575917,7.673042494715787e-07,0.0
course in generative ai,USA,Broad match,existing,0.7367128422583504,1.1283600909700013,0.31878810953994763,1.1283599,1.77144012569741e-07,0.0
course in generative ai,A,Broad match,existing,0.8667128301156952,1.4461173347700014,0.3715627722013368,1.446117,2.912748231498341e-07,0.0
course in generative ai,B,Broad match,existing,0.8667128301156952,1.8487255355000012,0.49644324980969357,1.8487253,2.165913097762484e-07,0.0
course on generative ai,USA,Broad match,existing,0.7367128422583504,1.3341860829700016,0.31878793824801677,1.334186,1.2506137125889438e-07,0.0
course on generative ai,A,Broad match,existing,0.8667128301156952,1.4461173347700014,0.3715627722013368,1.446117,2.912748231498341e-07,0.0
course on generative ai,B,Broad match,existing,0.8667128301156952,1.8487255355000012,0.49644324980969357,1.8487253,2.165913097762484e-07,0.0
course on machine learning and artificial intelligence,USA,Broad match,existing,0.7367128422583504,1.4256102680700005,0.31878813500573044,1.42561,3.218190849363367e-07,0.0
course on machine learning and artificial intelligence,A,Broad match,existing,0.8667128301156952,1.5375415198700002,0.3715629689590505,1.5375413,2.4961395772571393e-07,0.0
course on machine learning and artificial intelligence,B,Broad match,existing,0.8667128301156952,1.9401497206000013,0.4964430889395399,1.9401491,6.517676038875209e-07,0.0
coursera generative ai,USA,Broad match,new,0.7367128422583504,1.286530114970002,0.318787969908509,1.2865299,2.16326508262199e-07,0.0
coursera generative ai,A,Broad match,new,0.8667128301156952,1.3984613667700012,0.3715628634664734,1.398461,3.825399597090495e-07,0.0
coursera generative ai,B,Broad match,new,0.8667128301156952,1.801069567500001,0.4964433410748301,1.8010693,3.0785644633546383e-07,0.0
courses about ai,USA,Broad match,existing,0.7367128422583504,1.8390332629700004,0.3187881877441703,1.8390329,3.7455752477377757e-07,0.0
courses about ai,A,Broad match,existing,0.8667128301156952,1.9509645147700005,0.3715630216974908,1.9509641,4.2156168755802526e-07,0.0
courses about ai,B,Broad match,existing,0.69248919557225,2.0510372731000004,0.1939074608593998,2.0510368,4.383832035159685e-07,0.0
courses in generative ai,USA,Broad match,new,0.7367128422583504,1.6462119426700013,0.3187882509204285,1.6462115,4.377337829986061e-07,0.0
courses in generative ai,A,Broad match,new,0.8667128301156952,1.9639691864700006,0.3715630327911066,1.9639688,4.3265530336178415e-07,0.0
courses in generative ai,B,Broad match,new,0.8667128301156952,2.3665773872,0.49644291435301513,2.3665767,7.15599658196453e-07,0.0
courses on generative ai,USA,Broad match,existing,0.7367128422583504,1.735983422170001,0.3187881020406065,1.7359831,2.888539609724461e-07,0.0
courses on generative ai,A,Broad match,existing,0.8667128301156952,1.8479146739700003,0.3715629359939261,1.8479143,3.3585812286851535e-07,0.0
courses on generative ai,B,Broad match,existing,0.8667128301156952,2.2505228747000006,0.4964430559744146,2.2505221,7.380117681421439e-07,0.0
designing ai products and services,USA,Broad match,existing,0.5167128286104385,0.5762472017000002,0.19390766455629294,0.5762469,2.844522279943362e-07,0.0
designing ai products and services,A,Broad match,existing,0.8667128301156952,1.0115352627,0.3715628739556458,1.0115349,3.334244873531844e-07,0.0
designing ai products and services,B,Broad match,existing,0.8667128301156952,1.4266259204000005,0.3715629111379155,1.4266257,1.917928227346266e-07,0.0
driving innovation with ai,USA,Broad match,existing,0.5167128286104385,0.36536023550000074,0.19390756421055677,0.3653601,1.2450184705414813e-07,0.0
driving innovation with ai,A,Broad match,existing,0.8667128301156952,0.8006482965000002,0.37156295242384363,0.8006481,2.0327642846762473e-07,0.0
driving innovation with ai,B,Broad match,existing,0.8667128301156952,1.2157389542000006,0.37156290019914606,1.2157387,3.000633428396071e-07,0.0
driving innovation with ai mit xpro,USA,Broad match,existing,0.5167128286104385,0.7273582389000006,0.19390781422882752,0.7273579,3.1491547303197365e-07,0.0
driving innovation with ai mit xpro,A,Broad match,existing,0.8667128301156952,1.1626462999000005,0.37156290441889084,1.1626459,3.6388773239082184e-07,0.0
driving innovation with ai mit xpro,B,Broad match,existing,0.8667128301156952,1.5777369576000004,0.371562703182581,1.5777366,3.4146535687895607e-07,0.0
driving innovation with generative ai mit,USA,Broad match,existing,0.5167128286104385,0.3653602355000003,0.19390756421055633,0.3653601,1.2450184661005892e-07,0.0
driving innovation with generative ai mit,A,Broad match,existing,0.8667128301156952,0.8006482965000002,0.37156295242384363,0.8006481,2.0327642846762473e-07,0.0
driving innovation with generative ai mit,B,Broad match,existing,0.8667128301156952,1.2157389542000006,0.37156290019914606,1.2157387,3.000633428396071e-07,0.0
executive education ai,USA,Broad match,existing,0.7367128422583504,1.2695057451700011,0.31878793835390007,1.2695057,5.957965010239263e-09,0.0
executive education ai,A,Broad match,existing,0.8667128301156952,1.381436996970001,0.37156301072579945,1.3814368,1.721714171232236e-07,0.0
executive education ai,B,Broad match,existing,0.8667128301156952,1.7840451977000003,0.4964431307062869,1.7840449,3.359064821850666e-07,0.0
gen ai courses,USA,Broad match,existing,0.7367128422583504,0.7164345622700006,0.31878819472010433,0.7164342,3.8153345882641077e-07,0.0
gen ai courses,A,Broad match,existing,0.8667128301156952,0.8283658140700005,0.3715630882780694,0.8283655,3.093283318378326e-07,0.0
gen ai courses,B,Broad match,existing,0.8667128301156952,1.2309740148000003,0.49644302944462315,1.2309737,2.942494632396375e-07,0.0
genai for digital transformation,USA,Broad match,existing,0.5167128286104385,0.6488853211000004,0.19390760012412456,0.6488852,1.306130924527693e-07,0.0
genai for digital transformation,A,Broad match,existing,0.8667128301156952,1.0841733821000004,0.37156295853508947,1.0841731,2.9879464147342105e-07,0.0
genai for digital transformation,B,Broad match,existing,0.8667128301156952,1.4992640398000006,0.3715628765080694,1.4992636,3.9558155573438114e-07,0.0
generative ai certificate course,USA,Broad match,existing,0.7367128422583504,1.636315671670002,0.3187881390924874,1.6363153,3.259058418692007e-07,0.0
generative ai certificate course,A,Broad match,existing,0.8667128301156952,1.748246923470001,0.37156297304580677,1.7482467,2.537007139924441e-07,0.0
generative ai certificate course,B,Broad match,existing,0.8667128301156952,2.1508551242000005,0.49644297381700486,2.1508546,5.366450688271129e-07,0.0
generative ai certificate program,USA,Broad match,existing,0.7367128422583504,0.4913503940000005,0.318787899126,0.49135017,2.2004980521073136e-07,0.0
generative ai certificate program,A,Broad match,existing,0.8667128301156952,0.8091076378000003,0.3715629939210635,0.80910736,2.745759707378781e-07,0.0
generative ai certificate program,B,Broad match,existing,0.8667128301156952,1.3417291127000008,0.49644322021342857,1.3417288,3.062043343327048e-07,0.0
generative ai certification,USA,Broad match,existing,0.7367128422583504,0.5491266420700004,0.3187879196025779,0.5491264,2.5542754433782733e-07,0.0
generative ai certification,A,Broad match,existing,0.8667128301156952,0.6610578938700001,0.3715628727651875,0.6610576,3.024317066779858e-07,0.0
generative ai certification,B,Broad match,existing,0.8667128301156952,1.0636660946000005,0.4964431417572881,1.0636659,2.2774819385951162e-07,0.0
generative ai certification online,B,Broad match,existing,0.8667128301156952,3.0390584947000003,1.0584127189050174,2.4770887,0.5619698048959232,0.0
generative ai course,USA,Broad match,existing,0.7367128422583504,1.6635175514700014,0.31878812794705214,1.6635172,3.14760406627812e-07,0.0
generative ai course,A,Broad match,existing,0.8667128301156952,1.775448803270001,0.3715629619003722,1.7754486,2.4255527941718924e-07,0.0
generative ai course,B,Broad match,existing,0.8667128301156952,2.1780570040000002,0.49644296267157006,2.1780565,5.254996340298135e-07,0.0
generative ai course for business leaders,USA,Broad match,existing,0.7367128422583504,1.1401653219700008,0.3187880445957332,1.1401651,2.314090876698316e-07,0.0
generative ai course for business leaders,A,Broad match,existing,0.8667128301156952,1.4579225657700015,0.3715628264664126,1.4579222,3.455398989160585e-07,0.0
generative ai course for business leaders,B,Broad match,existing,0.8667128301156952,1.8605307665000002,0.4964430656561891,1.8605304,3.9006567398303105e-07,0.0
generative ai course mit,USA,Broad match,existing,0.7367128422583504,0.9418777990700005,0.3187880087257622,0.9418777,7.632982712557634e-08,0.0
generative ai course mit,A,Broad match,existing,0.8667128301156952,1.2596350428700003,0.37156290980573026,1.2596349,1.9046063748362485e-07,0.0
generative ai course mit,B,Broad match,existing,0.8667128301156952,1.6622432436,0.4964431489955079,1.6622429,3.5419570321160165e-07,0.0
generative ai course online,USA,Broad match,existing,0.7367128422583504,1.4726051911700013,0.3187881335604432,1.4726049,3.203737977131027e-07,0.0
generative ai course online,A,Broad match,existing,0.8667128301156952,1.584536442970001,0.3715629675137633,1.5845362,2.4816867050247993e-07,0.0
generative ai course online,B,Broad match,existing,0.8667128301156952,1.9871446437000002,0.4964430874942507,1.9871441,5.311130251151042e-07,0.0
generative ai course stanford,USA,Broad match,existing,0.7367128422583504,0.9646496104700015,0.3187879847986148,0.96464944,1.7161196930182143e-07,0.0
generative ai course stanford,A,Broad match,existing,0.8667128301156952,1.2824068542700011,0.3715628262739379,1.2824066,2.8574277943782533e-07,0.0
generative ai course stanford,B,Broad match,existing,0.8667128301156952,1.6850150550000011,0.4964432442776501,1.6850148,2.1105926628628424e-07,0.0
generative ai course usa,USA,Broad match,existing,0.7367128422583504,1.0676994512700015,0.3187880705021793,1.0676992,2.5731553376928673e-07,0.0
generative ai course usa,A,Broad match,existing,0.8667128301156952,1.385456695070001,0.37156285237285736,1.3854563,3.7144634368324603e-07,0.0
generative ai course usa,B,Broad match,existing,0.69248919557225,1.4855294534000005,0.1939078875812139,1.4855291,3.8826785941914466e-07,0.0
generative ai courses online,USA,Broad match,existing,0.7367128422583504,1.634162141000001,0.3187883626568002,1.6341616,5.494701547092973e-07,0.0
generative ai courses online,A,Broad match,existing,0.8667128301156952,1.7460933928000006,0.37156319661012027,1.7460928,5.964743170494557e-07,0.0
generative ai courses online,B,Exact match,existing,0.8667128301156952,1.1931731337,0.30253585514317627,1.1931728,3.212381469719361e-07,0.0
generative ai courses online,B,Phrase match,existing,0.8667128301156952,1.5626416659,0.3025359367969116,1.5626413,4.028918823006933e-07,0.0
generative ai courses online,B,Broad match,existing,0.8667128301156952,2.2787148676999998,0.49644300566997046,2.2787144,4.492887448748206e-07,0.0
generative ai crash course,USA,Broad match,existing,0.7367128422583504,0.6291924440700007,0.3187879049617244,0.6291922,2.705890131959876e-07,0.0
generative ai crash course,A,Broad match,existing,0.8667128301156952,0.7411236958700003,0.371562798519689,0.7411234,3.1759317531410147e-07,0.0
generative ai crash course,B,Exact match,existing,0.8667128301156952,0.7751987981,0.3025356637635285,0.7751984,3.9807940066527436e-07,0.0
generative ai crash course,B,Phrase match,existing,0.8667128301156952,0.6814473319000001,0.30253583669125983,0.6814471,2.4318158575731275e-07,0.0
generative ai crash course,B,Broad match,existing,0.8667128301156952,1.1437318966000003,0.49644303770946685,1.1437316,3.02514306937951e-07,0.0
generative ai for business,USA,Broad match,existing,0.5167128286104385,1.1828051250700007,0.1939079206708918,1.1828048,3.021482477549853e-07,0.0
generative ai for business,A,Broad match,existing,0.8667128301156952,1.61809318607,0.3715628916516651,1.6180928,4.107251514451349e-07,0.0
generative ai for business,B,Broad match,existing,0.8667128301156952,1.9031705696000003,0.3715628225220584,1.9031701,4.6080483429022934e-07,0.0
generative ai foundations course,USA,Broad match,existing,0.7367128422583504,2.332353809970001,0.3187882696562805,2.332353,6.948882140811463e-07,0.0
generative ai foundations course,A,Broad match,existing,0.8667128301156952,2.6501110537700012,0.37156305152695923,2.6501102,8.090190246612394e-07,0.0
generative ai foundations course,B,Exact match,existing,0.8667128301156952,1.8800013165000002,0.3025356630805056,1.880001,3.6759405541708645e-07,0.0
generative ai foundations course,B,Phrase match,existing,0.8667128301156952,2.2494698487,0.302536459989978,2.2494688,1.0452942382777053e-06,0.0
generative ai foundations course,B,Broad match,existing,0.8667128301156952,3.0527192545000004,0.49644364834460486,3.0527184,8.535448001723012e-07,0.0
generative ai fundamentals,USA,Broad match,existing,0.5167128286104385,1.0846011264700008,0.19390775994244347,1.0846008,3.2023373375267283e-07,0.0
generative ai fundamentals,A,Broad match,existing,0.8667128301156952,1.31406319547,0.37156290221514765,1.3140627,4.80893278753669e-07,0.0
generative ai fundamentals,B,Broad match,existing,0.8667128301156952,1.599140579,0.3715628926901855,1.59914,5.309729613767189e-07,0.0
generative ai fundamentals course,USA,Broad match,new,0.7367128422583504,1.8644366053700006,0.318788030540899,1.8644361,4.557728325860211e-07,0.0
generative ai fundamentals course,A,Broad match,new,0.8667128301156952,1.5974726419700003,0.37156317045815945,1.5974721,5.70322356230335e-07,0.0
generative ai fundamentals course,B,Exact match,new,0.8667128301156952,1.9690709413000007,0.30253568300684885,1.9690706,3.875203986591913e-07,0.0
generative ai fundamentals course,B,Phrase match,new,0.8667128301156952,1.8753194751,0.3025356473183227,1.875319,4.7104116207563607e-07,0.0
generative ai fundamentals course,B,Broad match,new,0.8667128301156952,2.3789760579000006,0.49644334210257623,2.3789756,4.2809348199668307e-07,0.0
generative ai online course,USA,Broad match,existing,0.7367128422583504,1.342591917,0.3187882060625,1.3425915,3.928758545157507e-07,0.0
generative ai online course,A,Broad match,existing,0.8667128301156952,1.4545231688000002,0.3715630400158205,1.4545228,3.206707277492171e-07,0.0
generative ai online course,B,Phrase match,existing,0.8667128301156952,1.4834880608999998,0.30253575033786606,1.4834876,4.548514158653205e-07,0.0
generative ai online course,B,Broad match,existing,0.8667128301156952,1.9871446437000007,0.49644308749425115,1.9871441,5.311130255591934e-07,0.0
generative ai online courses,USA,Broad match,new,0.7367128422583504,1.6818181090000006,0.3187882713916632,1.6818177,4.5820501770599265e-07,0.0
generative ai online courses,A,Broad match,new,0.8667128301156952,1.7937493608000008,0.3715631053449837,1.7937489,5.052091804902403e-07,0.0
generative ai online courses,B,Phrase match,new,0.8667128301156952,1.6102976339000001,0.30253584553177504,1.6102973,3.1162674574147786e-07,0.0
generative ai online courses,B,Broad match,new,0.8667128301156952,2.3263708357,0.4964429144048341,2.3263702,5.964421876392123e-07,0.0
generative ai online program,B,Exact match,existing,0.8667128301156952,2.879484969,0.30253561101354975,2.879485,7.710852045761385e-08,0.0
generative ai online program,B,Phrase match,existing,0.8667128301156952,3.210723954,0.3025356109519044,3.2107239,7.704687510212693e-08,0.0
generative ai online program,B,Broad match,existing,0.8667128301156952,3.3713587337,0.3025356345636476,3.3713586,1.0065861832941891e-07,0.0
generative ai online training,B,Exact match,existing,0.8667128301156952,1.2751596337,0.3025358086267578,1.2751592,3.93931018027871e-07,0.0
generative ai online training,B,Phrase match,existing,0.8667128301156952,1.9758671509,0.3025357710095582,1.9758667,4.755231080011413e-07,0.0
generative ai online training,B,Broad match,existing,0.8667128301156952,1.9247847657000006,0.3025356392656744,1.9247843,4.6298851374970695e-07,0.0
generative ai stanford course,USA,Broad match,existing,0.7367128422583504,1.0123055784700015,0.3187880127427676,1.0123054,1.9955612207134266e-07,0.0
generative ai stanford course,A,Broad match,existing,0.8667128301156952,1.3300628222700004,0.37156285421809,1.3300626,1.944776419904315e-07,0.0
generative ai stanford course,B,Exact match,existing,0.8667128301156952,1.2018820482000003,0.3025359349950443,1.2018818,2.8188072542789655e-07,0.0
generative ai stanford course,B,Broad match,existing,0.8667128301156952,1.732671023000001,0.4964431530125133,1.7326709,1.1979412950502422e-07,0.0
generative ai training course,USA,Broad match,existing,0.7367128422583504,1.8118313831700013,0.31878819888960575,1.811831,3.8570296023721085e-07,0.0
generative ai training course,A,Broad match,existing,0.8667128301156952,1.9237626349700008,0.3715630328429256,1.9237622,4.327071223553247e-07,0.0
generative ai training course,B,Exact match,existing,0.8667128301156952,1.2408291017000008,0.3025358830873299,1.2408289,2.2997301107885448e-07,0.0
generative ai training course,B,Broad match,existing,0.8667128301156952,2.3263708357,0.4964429144048341,2.3263702,5.964421876392123e-07,0.0
generative ai workshop online,B,Exact match,existing,0.8667128301156952,1.0901046869900002,0.3025357601787819,1.0901045,2.2627375262374017e-07,0.0
generative ai workshop online,B,Phrase match,existing,0.8667128301156952,1.6063913436000004,0.3025356860224857,1.6063911,2.713267459597546e-07,0.0
generative ai workshop online,B,Broad match,existing,0.8667128301156952,1.4317242107900006,0.30253555398305476,1.4317237,4.969151836675678e-07,0.0
google generative ai course,USA,Broad match,existing,0.7367128422583504,1.1704756024700012,0.31878793271597283,1.1704755,1.19529327324841e-07,0.0
google generative ai course,A,Broad match,existing,0.8667128301156952,1.282406854270001,0.37156282627393766,1.2824066,2.8574277921578073e-07,0.0
google generative ai course,B,Exact match,existing,0.8667128301156952,1.154226080200001,0.30253590705089217,1.1542257,3.731458628752904e-07,0.0
google generative ai course,B,Broad match,existing,0.8667128301156952,1.6850150550000011,0.4964432442776501,1.6850148,2.1105926628628424e-07,0.0
google's introduction to generative ai,USA,Broad match,existing,0.7367128422583504,0.9036752289700009,0.31878796281094324,0.90367496,2.688335872802483e-07,0.0
google's introduction to generative ai,A,Broad match,existing,0.8667128301156952,1.0156064807700012,0.3715628563689086,1.0156062,3.158377501755183e-07,0.0
google's introduction to generative ai,B,Exact match,existing,0.8667128301156952,0.8759520528000011,0.3025359389465465,0.8759516,4.646461619906006e-07,0.0
google's introduction to generative ai,B,Broad match,existing,0.8667128301156952,1.418214681500001,0.4964430359540415,1.4182144,2.411542368019326e-07,0.0
harvard ai certificate,USA,Broad match,existing,0.7367128422583504,1.2692059002600005,0.3187881432256987,1.2692056,3.3003905319795024e-07,0.0
harvard ai certificate,A,Broad match,existing,0.8667128301156952,1.5869631440600007,0.37156292509637767,1.5869627,4.4416986400008795e-07,0.0
harvard ai certificate,B,Exact match,existing,0.8667128301156952,1.2463657509900004,0.3025358569241434,1.2463654,3.230191141234684e-07,0.0
harvard ai certificate,B,Broad match,existing,0.8667128301156952,1.9895713447900005,0.4964431642861553,1.9895705,8.463235088296273e-07,0.0
harvard ai course,USA,Broad match,existing,0.7367128422583504,1.817368032460001,0.318788291935709,1.8173676,4.787490635038694e-07,0.0
harvard ai course,A,Broad match,existing,0.8667128301156952,1.9292992842600005,0.37156312588902884,1.9292988,5.257532256219832e-07,0.0
harvard ai course,B,Exact match,existing,0.8667128301156952,1.1935200789900002,0.30253590140058373,1.1935195,6.059141335335028e-07,0.0
harvard ai course,B,Phrase match,existing,0.8667128301156952,2.3833818608000006,0.30253602797529355,2.3833814,4.940702642564077e-07,0.0
harvard ai course,B,Broad match,existing,0.8667128301156952,2.331907484990001,0.4964430074509383,2.3319068,6.894882917940492e-07,0.0
introduction to generative ai,USA,Broad match,existing,0.5167128286104385,1.34097514907,0.1939078406440966,1.3409748,3.4133074211517567e-07,0.0
introduction to generative ai,A,Broad match,existing,0.8667128301156952,1.5704372180700004,0.3715629829168021,1.5704367,5.019902884484395e-07,0.0
introduction to generative ai,B,Broad match,existing,0.8667128301156952,1.8555146016000006,0.3715629137871954,1.855514,5.52069971293534e-07,0.0
large language model course,USA,Broad match,new,0.7367128422583504,2.470576448300003,0.3187882135893094,2.4705758,6.388212430152862e-07,0.0
large language model course,A,Broad match,new,0.8667128301156952,2.5825077001000007,0.3715630475426277,2.5825074,3.281975349267441e-07,0.0
large language model course,B,Exact match,new,0.8667128301156952,2.4957926971000015,0.3025358420890152,2.4957922,5.466025649880635e-07,0.0
large language model course,B,Phrase match,new,0.8667128301156952,2.8652612293000015,0.3025359237427505,2.8652608,3.8983772121525817e-07,0.0
large language model course,B,Broad match,new,0.8667128301156952,3.115129175000001,0.4964432142303479,3.1151288,4.194305431859391e-07,0.0
learn generative ai tools,USA,Broad match,existing,0.7367128422583504,1.8811212479700012,0.31878814097537234,1.8811209,3.2778872682825977e-07,0.0
learn generative ai tools,A,Broad match,existing,0.8667128301156952,1.819983276570001,0.3715631096007017,1.8199826,6.28674188041245e-07,0.0
learn generative ai tools,B,Exact match,existing,0.8667128301156952,1.7337401378000004,0.30253569959046667,1.7337397,4.0410401647150707e-07,0.0
learn generative ai tools,B,Broad match,existing,0.8667128301156952,2.6014866925,0.49644304282653806,2.6014864,2.480267333737629e-07,0.0
learn how to program ai,USA,Broad match,new,0.7367128422583504,1.2218497771700012,0.3187879104097473,1.2218497,9.722310179149929e-08,0.0
learn how to program ai,A,Broad match,new,0.8667128301156952,1.3337810289700007,0.37156298278164623,1.3337808,2.634365534603944e-07,0.0
learn how to program ai,B,Broad match,new,0.8667128301156952,1.7363892297000003,0.49644322197142365,1.7363888,4.271716189663266e-07,0.0
learn prompt engineering,USA,Broad match,existing,0.7367128422583504,1.634162141000001,0.3187883626568002,1.6341616,5.494701547092973e-07,0.0
learn prompt engineering,A,Broad match,existing,0.8667128301156952,1.7460933928000006,0.37156319661012027,1.7460928,5.964743170494557e-07,0.0
learn prompt engineering,B,Phrase match,existing,0.8667128301156952,1.8036702219999998,0.30253594560992414,1.8036698,4.1170489484265715e-07,0.0
learn prompt engineering,B,Broad match,existing,0.8667128301156952,2.2787148676999998,0.49644300566997046,2.2787144,4.492887448748206e-07,0.0
learning chatgpt,USA,Broad match,existing,0.7367128422583504,1.2553904424000006,0.3187881479549628,1.25539,3.943729620647929e-07,0.0
learning chatgpt,A,Broad match,existing,0.8667128301156952,1.3673216942000002,0.37156298190828263,1.3673214,3.221678346321255e-07,0.0
learning chatgpt,B,Exact match,existing,0.8667128301156952,1.1477019123,0.3025359443587159,1.1477016,2.9124439704375504e-07,0.0
learning chatgpt,B,Phrase match,existing,0.8667128301156952,1.3962865863,0.30253575183497317,1.3962861,4.563485229702735e-07,0.0
learning chatgpt,B,Broad match,existing,0.8667128301156952,1.8999431691000004,0.4964430889913578,1.8999426,5.326101322200572e-07,0.0
leverage ai for business,USA,Broad match,existing,0.5167128286104385,0.5654250459700003,0.19390768575958162,0.56542474,3.056555166747188e-07,0.0
leverage ai for business,A,Broad match,existing,0.8667128301156952,1.0007131069700002,0.37156295476357926,1.0007126,4.7383706558434824e-07,0.0
leverage ai for business,B,Broad match,existing,0.8667128301156952,1.2857904905000004,0.3715628260293278,1.2857901,4.0470745887866144e-07,0.0
machine learning engineer training,USA,Broad match,existing,0.7367128422583504,1.3394819688000001,0.3187880705990114,1.3394817,2.574123658671823e-07,0.0
machine learning engineer training,A,Broad match,existing,0.8667128301156952,1.4514132206000003,0.3715629045523319,1.4514128,4.2362581820221124e-07,0.0
machine learning engineer training,B,Exact match,existing,0.8667128301156952,1.1879834297000005,0.30253592756377,1.1879829,5.128680302668442e-07,0.0
machine learning engineer training,B,Broad match,existing,0.8667128301156952,1.9840346955000006,0.4964430712400518,1.9840342,5.148588262393616e-07,0.0
mba in ai,USA,Broad match,existing,0.7367128422583504,0.6962371749700013,0.31878802011618046,0.69623685,3.261388245023866e-07,0.0
mba in ai,A,Broad match,existing,0.8667128301156952,0.8081684267700002,0.37156285406949974,0.80816793,4.923522756161702e-07,0.0
mba in ai,B,Exact match,existing,0.5696177263359593,0.41882422839999983,3.901660520777561e-07,0.41882384,3.901660520777561e-07,0.0
mba in ai,B,Phrase match,existing,0.8667128301156952,0.7484920628000001,0.3025358326364259,0.7484916,4.775453309457944e-07,0.0
mba in ai,B,Broad match,existing,0.8667128301156952,1.2107766275000003,0.4964430932592776,1.2107764,1.7925018336306664e-07,0.0
mit,USA,Exact match,existing,0.9567128525636966,1.4690196533700004,0.37966430382928995,1.4690193,3.5958490518517294e-07,0.0
mit,USA,Phrase match,existing,0.9567128525636966,1.9700239023700004,0.3796643337741141,1.9700233,6.279483084625781e-07,0.0
mit,A,Exact match,existing,0.9567128525636966,1.5550985081700006,0.4324389441517511,1.5550983,2.1295820862299308e-07,0.0
mit,A,Phrase match,existing,0.9567128525636966,2.0561027571700006,0.4324389740965753,2.0561023,4.813216119003982e-07,0.0
mit,B,Exact match,existing,0.9567128525636966,1.9577067089000009,0.5573189449229501,1.9577066,1.382746956934966e-07,0.0
mit,B,Phrase match,existing,0.9567128525636966,2.4587109579000006,0.5573190940770636,2.4587107,2.874288091980759e-07,0.0
mit,B,Broad match,existing,0.8667128301156952,0.43145978890000025,0.3025358065181796,0.43145946,3.3221779505154814e-07,0.0
mit ai certificate,USA,Broad match,existing,0.7367128422583504,2.932391085970002,0.3187879708882151,2.9323907,3.9612014868239953e-07,0.0
mit ai certificate,A,Broad match,existing,0.8667128301156952,1.5337705267700004,0.3715629233154105,1.5337701,4.4238889684855565e-07,0.0
mit ai certificate,B,Exact match,existing,0.8667128301156952,1.1029627048000004,0.30253586401783483,1.1029624,3.301128055355207e-07,0.0
mit ai certificate,B,Broad match,existing,0.8667128301156952,1.9363787275000002,0.49644316250518816,1.9363781,6.061239625765324e-07,0.0
mit ai class,USA,Broad match,existing,0.7367128422583504,1.2620563286700013,0.31878791035792853,1.2620562,9.717128302000333e-08,0.0
mit ai class,A,Broad match,existing,0.8667128301156952,1.373987580470001,0.3715629827298277,1.3739873,2.6338473491094305e-07,0.0
mit ai class,B,Phrase match,existing,0.8667128301156952,1.2729391984000007,0.3025359443678657,1.2729387,4.7006748116196206e-07,0.0
mit ai class,B,Broad match,existing,0.8667128301156952,1.7765957812,0.49644322191960444,1.7765954,4.2711979975074144e-07,0.0
mit ai course,USA,Broad match,existing,0.7367128422583504,1.6418523209600013,0.3187882321385902,1.6418519,4.1895194469177e-07,0.0
mit ai course,A,Broad match,existing,0.8667128301156952,1.7537835727600009,0.37156306609191003,1.7537832,3.467468172591026e-07,0.0
mit ai course,B,Exact match,existing,0.8667128301156952,2.3892742944900007,0.3025364233199568,2.3892734,8.89414927485177e-07,0.0
mit ai course,B,Broad match,existing,0.8667128301156952,2.15639177349,0.49644306686310813,2.1563911,6.296911720937715e-07,0.0
mit ai courses,USA,Broad match,existing,0.7367128422583504,1.6900294290700004,0.3187882171788261,1.690029,4.039921805976121e-07,0.0
mit ai courses,A,Broad match,existing,0.8667128301156952,1.801960680870001,0.37156305113214705,1.8019602,4.50996343825949e-07,0.0
mit ai courses,B,Exact match,existing,0.8667128301156952,1.1190271476000002,0.3025359013765505,1.1190269,2.4826223166130035e-07,0.0
mit ai courses,B,Phrase match,existing,0.8667128301156952,1.4884956798000002,0.3025358638209963,1.4884953,3.2991596699005754e-07,0.0
mit ai courses,B,Broad match,existing,0.8667128301156952,2.2045688816,0.49644293269405537,2.2045681,7.339406984385732e-07,0.0
mit applied generative ai,USA,Broad match,existing,0.5167128286104385,0.7516353954700005,0.19390782016787644,0.7516351,3.2085452195129704e-07,0.0
mit applied generative ai,A,Broad match,existing,0.8667128301156952,0.98109746447,0.37156296244058107,0.98109704,4.2190942262099185e-07,0.0
mit applied generative ai,B,Broad match,existing,0.8667128301156952,1.266174848,0.37156283370632925,1.2661743,5.3159374990841e-07,0.0
mit artificial intelligence course,B,Exact match,existing,0.8667128301156952,1.1431692563000009,0.3025358639660165,1.1431689,3.3006098720811394e-07,0.0
mit artificial intelligence course,B,Phrase match,existing,0.8667128301156952,1.8438767735,0.30253594555810537,1.8438764,4.116530760711612e-07,0.0
mit artificial intelligence course,B,Broad match,existing,0.8667128301156952,1.9173353492000003,0.30253573047899196,1.9173348,5.542018313153818e-07,0.0
mit generative ai,USA,Broad match,existing,0.5167128286104385,1.013632577070001,0.1939078980767759,1.0136323,2.7955413184344025e-07,0.0
mit generative ai,A,Broad match,existing,0.8667128301156952,1.4489206380700008,0.37156286905754965,1.4489202,3.8813103597767906e-07,0.0
mit generative ai,B,Broad match,existing,0.8667128301156952,1.7339980216000002,0.37156279992794206,1.7339976,4.382107179345951e-07,0.0
mit generative ai certificate,USA,Broad match,existing,0.7367128422583504,3.0202536054700015,0.3187882371991275,3.020253,6.624310611158535e-07,0.0
mit generative ai certificate,A,Broad match,existing,0.8667128301156952,1.6216330462700002,0.37156283199845475,1.6216327,3.5107194107375506e-07,0.0
mit generative ai certificate,B,Exact match,existing,0.8667128301156952,1.156494692300001,0.30253572795216166,1.1564944,3.132564219132661e-07,0.0
mit generative ai certificate,B,Phrase match,existing,0.8667128301156952,1.1836270843000005,0.30253584723182425,1.1836269,1.9411750540321293e-07,0.0
mit generative ai certificate,B,Broad match,existing,0.8667128301156952,2.0242412470000004,0.49644307118823283,2.0242405,7.532255863473836e-07,0.0
mit generative ai course,USA,Broad match,existing,0.7367128422583504,1.1936577841700013,0.31878784150490125,1.1936579,-9.089103381043628e-08,0.0
mit generative ai course,A,Broad match,existing,0.8667128301156952,1.3055890359700004,0.3715629734814445,1.305589,7.532241741436962e-08,0.0
mit generative ai course,B,Exact match,existing,0.8667128301156952,1.1774082619000004,0.3025358158398197,1.1774079,4.011440799533972e-07,0.0
mit generative ai course,B,Phrase match,existing,0.8667128301156952,1.2045406539,0.3025359351194825,1.2045404,2.8200516366538864e-07,0.0
mit generative ai course,B,Broad match,existing,0.8667128301156952,1.7081972367000002,0.49644303385728783,1.708197,2.3905748314234643e-07,0.0
mit professional development,USA,Broad match,existing,0.7367128422583504,2.6984161366000015,0.3187879551424819,2.698416,1.4195583641907206e-07,0.0
mit professional development,A,Broad match,existing,0.8667128301156952,2.810347388400001,0.371562789095802,2.810347,3.081692883100118e-07,0.0
mit professional development,B,Exact match,existing,0.8667128301156952,3.652925233500001,0.30253622974633876,3.6529245,6.958413094615423e-07,0.0
mit professional development,B,Broad match,existing,0.8667128301156952,3.3429688633000016,0.49644295578352216,3.3429685,3.994022965692068e-07,0.0
mit xpro ai course,USA,Broad match,new,0.7367128422583504,1.6818181090000006,0.3187882713916632,1.6818177,4.5820501770599265e-07,0.0
mit xpro ai course,A,Broad match,new,0.8667128301156952,1.7937493608000006,0.3715631053449835,1.7937489,5.052091802681957e-07,0.0
mit xpro ai course,B,Broad match,new,0.8667128301156952,2.3263708357,0.4964429144048341,2.3263702,5.964421876392123e-07,0.0
mit xpro designing and building ai products and services,USA,Broad match,existing,0.5167128286104385,0.7162730124000002,0.19390779995950946,0.71627265,3.6025079974688623e-07,0.0
mit xpro designing and building ai products and services,A,Broad match,existing,0.8667128301156952,0.9457350814,0.3715630018368591,0.94573456,5.209103454140163e-07,0.0
mit xpro designing and building ai products and services,B,Broad match,existing,0.8667128301156952,1.3608257391000003,0.37156291980983913,1.3608253,4.388833254598268e-07,0.0
online ai training courses,USA,Broad match,new,0.7367128422583504,1.0971334010000005,0.3187882333631291,1.097133,3.605718388310919e-07,0.0
online ai training courses,A,Broad match,new,0.8667128301156952,1.4148906448000005,0.3715629556291631,1.4148904,2.362840703096225e-07,0.0
online ai training courses,B,Broad match,new,0.8667128301156952,1.9475121197000007,0.49644312231688303,1.9475118,3.275170783467729e-07,0.0
professional certificate in ai,USA,Broad match,existing,0.7367128422583504,1.2695057451700014,0.3187879383539003,1.2695057,5.957965232283868e-09,0.0
professional certificate in ai,A,Broad match,existing,0.8667128301156952,1.3814369969700004,0.3715630107257988,1.3814368,1.7217141645708978e-07,0.0
professional certificate in ai,B,Broad match,existing,0.8667128301156952,1.7840451977000003,0.4964431307062869,1.7840449,3.359064821850666e-07,0.0
prompt engineering course,USA,Broad match,existing,0.7367128422583504,1.5657635965000007,0.31878817459448316,1.5657632,3.6140783765681306e-07,0.0
prompt engineering course,A,Broad match,existing,0.8667128301156952,1.6776948483000003,0.371563008547803,1.6776944,4.084119997749269e-07,0.0
prompt engineering course,B,Broad match,existing,0.8667128301156952,2.2103163232000003,0.4964430560262332,2.2103157,6.18854297140814e-07,0.0
stanford agentic ai course,USA,Broad match,existing,0.7367128422583504,0.6146439323700005,0.31878793337708056,0.6146437,2.3939972459974257e-07,0.0
stanford agentic ai course,A,Broad match,existing,0.8667128301156952,0.9324011761700001,0.37156301327098273,0.932401,1.747166004095746e-07,0.0
stanford agentic ai course,B,Broad match,existing,0.8667128301156952,1.3350093769,0.4964431928561157,1.335009,3.9805631102396433e-07,0.0
stanford ai certificate,USA,Broad match,existing,0.7367128422583504,1.4620458264700011,0.31878808931027214,1.4620456,2.7612362663020917e-07,0.0
stanford ai certificate,A,Broad match,existing,0.8667128301156952,1.5739770782700009,0.3715629232635922,1.5739766,4.423370785211489e-07,0.0
stanford ai certificate,B,Broad match,existing,0.8667128301156952,1.9765852789999998,0.49644316245336895,1.9765844,8.444907224625098e-07,0.0
stanford generative ai course,USA,Broad match,existing,0.7367128422583504,1.1704756024700012,0.31878793271597283,1.1704755,1.19529327324841e-07,0.0
stanford generative ai course,A,Broad match,existing,0.8667128301156952,1.2824068542700011,0.3715628262739379,1.2824066,2.8574277943782533e-07,0.0
stanford generative ai course,B,Broad match,existing,0.8667128301156952,1.6850150550000007,0.49644324427764963,1.6850148,2.1105926584219503e-07,0.0
top artificial intelligence certification,USA,Broad match,new,0.7367128422583504,0.5891200079700011,0.31878788016047654,0.5891198,2.1598544297507516e-07,0.0
top artificial intelligence certification,A,Broad match,new,0.8667128301156952,0.7010512597700012,0.3715628333230865,0.7010509,3.821988951990818e-07,0.0
top artificial intelligence certification,B,Broad match,new,0.8667128301156952,1.1036594605,0.4964433407337647,1.1036592,3.0751538093731767e-07,0.0
what to study to become artificial intelligence engineer,USA,Broad match,existing,0.7367128422583504,1.256219834470001,0.31878814139291367,1.2562195,3.282062681631004e-07,0.0
what to study to become artificial intelligence engineer,A,Broad match,existing,0.8667128301156952,1.5739770782700009,0.3715629232635922,1.5739766,4.423370785211489e-07,0.0
what to study to become artificial intelligence engineer,B,Broad match,existing,0.8667128301156952,1.9765852789999998,0.49644316245336895,1.9765844,8.444907224625098e-07,0.0
